,Date/Time (UTC),RAAN,Inclination,Arg of Perigee,SMA,Eccentricity,Period,Timestamp,SATCAT Number
0,2024-03-26 06:11:12,88.6492,98.7334,274.3943,7204.238,4.1e-05,6085.455039515938,2026-09-24 22:29:17.718515,49008
1,2024-03-26 12:57:08,88.9273,98.7334,272.0981,7204.239,4.11e-05,6085.45630657331,2026-09-24 22:29:17.718515,49008
2,2024-03-26 14:38:37,88.9968,98.7334,271.2043,7204.239,4.11e-05,6085.45630657331,2026-09-24 22:29:17.718515,49008
3,2024-03-26 21:24:33,89.2749,98.7334,267.8326,7204.239,4.13e-05,6085.45630657331,2026-09-24 22:29:17.718515,49008
4,2024-03-26 23:06:02,89.3444,98.7334,267.3916,7204.239,4.14e-05,6085.45630657331,2026-09-24 22:29:17.718515,49008
5,2024-03-27 05:51:58,89.6226,98.7335,263.8704,7204.238,4.13e-05,6085.455039515938,2026-09-24 22:29:17.718515,49008
6,2024-03-27 12:37:55,89.9007,98.7335,260.2345,7204.239,4.17e-05,6085.45630657331,2026-09-24 22:29:17.718515,49008
7,2024-03-27 14:19:24,89.9702,98.7335,259.3884,7204.239,4.18e-05,6085.45630657331,2026-09-24 22:29:17.718515,49008
8,2024-03-27 21:05:20,90.2483,98.7335,256.3621,7204.238,4.25e-05,6085.455039515938,2026-09-24 22:29:17.718515,49008
9,2024-03-27 22:46:49,90.3178,98.7335,255.698,7204.238,4.27e-05,6085.455039515938,2026-09-24 22:29:17.718515,49008
10,2024-03-28 05:32:45,90.5959,98.7335,252.7628,7204.238,4.3e-05,6085.455039515938,2026-09-24 22:29:17.718515,49008
11,2024-03-28 12:18:41,90.8741,98.7335,250.1734,7204.238,4.36e-05,6085.455039515938,2026-09-24 22:29:17.718515,49008
12,2024-03-28 20:46:07,91.2217,98.7335,246.8501,7204.237,4.47e-05,6085.453772458653,2026-09-24 22:29:17.718515,49008
13,2024-03-28 22:27:36,91.2912,98.7335,246.4226,7204.237,4.49e-05,6085.453772458653,2026-09-24 22:29:17.718515,49008
14,2024-03-29 05:13:32,91.5693,98.7336,243.7175,7204.237,4.54e-05,6085.453772458653,2026-09-24 22:29:17.718515,49008
15,2024-03-29 11:59:28,91.8475,98.7336,241.1065,7204.237,4.6e-05,6085.453772458653,2026-09-24 22:29:17.718515,49008
16,2024-03-29 13:40:57,91.917,98.7336,240.5548,7204.236,4.61e-05,6085.452505401455,2026-09-24 22:29:17.718515,49008
17,2024-03-29 20:26:53,92.1951,98.7336,237.4732,7204.236,4.71e-05,6085.452505401455,2026-09-24 22:29:17.718515,49008
18,2024-03-29 22:08:22,92.2646,98.7336,236.9796,7204.236,4.74e-05,6085.452505401455,2026-09-24 22:29:17.718515,49008
19,2024-03-30 04:54:19,92.5427,98.7336,234.4618,7204.236,4.79e-05,6085.452505401455,2026-09-24 22:29:17.718515,49008
20,2024-03-30 13:21:44,92.8904,98.7336,232.1969,7204.236,4.86e-05,6085.452505401455,2026-09-24 22:29:17.718515,49008
21,2024-03-30 20:07:40,93.1685,98.7336,229.3392,7204.235,4.98e-05,6085.451238344344,2026-09-24 22:29:17.718515,49008
22,2024-03-30 21:49:09,93.238,98.7336,228.9792,7204.235,5.01e-05,6085.451238344344,2026-09-24 22:29:17.718515,49008
23,2024-03-31 06:16:34,93.5857,98.7336,226.4931,7204.235,5.1e-05,6085.451238344344,2026-09-24 22:29:17.718515,49008
24,2024-03-31 13:02:31,93.8638,98.7336,224.569,7204.235,5.2e-05,6085.451238344344,2026-09-24 22:29:17.718515,49008
25,2024-03-31 21:29:56,94.2114,98.7336,221.7208,7204.235,5.38e-05,6085.451238344344,2026-09-24 22:29:17.718515,49008
26,2024-03-31 23:11:25,94.2809,98.7336,221.2913,7204.235,5.41e-05,6085.451238344344,2026-09-24 22:29:17.718515,49008
27,2024-04-01 05:57:21,94.559,98.7336,218.9959,7204.235,5.52e-05,6085.451238344344,2026-09-24 22:29:17.718515,49008
28,2024-04-01 12:43:17,94.8372,98.7336,216.8578,7204.235,5.69e-05,6085.451238344344,2026-09-24 22:29:17.718515,49008
29,2024-04-01 14:24:47,94.9067,98.7335,216.4444,7204.235,5.73e-05,6085.451238344344,2026-09-24 22:29:17.718515,49008
30,2024-04-01 21:10:43,95.1848,98.7335,214.3347,7204.234,5.94e-05,6085.449971287324,2026-09-24 22:29:17.718515,49008
31,2024-04-02 05:38:08,95.5325,98.7335,211.8505,7204.234,6.15e-05,6085.449971287324,2026-09-24 22:29:17.718515,49008
32,2024-04-02 10:42:35,95.7411,98.7335,210.1736,7204.234,6.31e-05,6085.449971287324,2026-09-24 22:29:17.718515,49008
33,2024-04-02 12:24:04,95.8106,98.7335,209.8009,7204.234,6.36e-05,6085.449971287324,2026-09-24 22:29:17.718515,49008
34,2024-04-02 20:51:29,96.1583,98.7335,208.5036,7204.234,6.49e-05,6085.449971287324,2026-09-24 22:29:17.718515,49008
35,2024-04-02 22:32:58,96.2278,98.7335,208.1176,7204.234,6.55e-05,6085.449971287324,2026-09-24 22:29:17.718515,49008
36,2024-04-03 05:18:55,96.5059,98.7335,206.5258,7204.234,6.67e-05,6085.449971287324,2026-09-24 22:29:17.718515,49008
37,2024-04-03 12:04:51,96.784,98.7335,205.0678,7204.233,6.8e-05,6085.448704230391,2026-09-24 22:29:17.718515,49008
38,2024-04-03 13:46:20,96.8536,98.7335,204.7194,7204.233,6.83e-05,6085.448704230391,2026-09-24 22:29:17.718515,49008
39,2024-04-03 20:32:16,97.1317,98.7335,203.7948,7204.233,6.9e-05,6085.448704230391,2026-09-24 22:29:17.718515,49008
40,2024-04-03 22:13:45,97.2012,98.7335,203.5316,7204.233,6.94e-05,6085.448704230391,2026-09-24 22:29:17.718515,49008
41,2024-04-04 04:59:41,97.4794,98.7335,201.9971,7204.233,7.06e-05,6085.448704230391,2026-09-24 22:29:17.718515,49008
42,2024-04-04 13:27:07,97.827,98.7335,200.4367,7204.233,7.2e-05,6085.448704230391,2026-09-24 22:29:17.718515,49008
43,2024-04-04 21:54:32,98.1747,98.7335,198.7576,7204.233,7.41e-05,6085.448704230391,2026-09-24 22:29:17.718515,49008
44,2024-04-05 04:40:28,98.4528,98.7335,197.4912,7204.233,7.5e-05,6085.448704230391,2026-09-24 22:29:17.718515,49008
45,2024-04-05 11:26:24,98.731,98.7335,196.145,7204.232,7.67e-05,6085.447437173545,2026-09-24 22:29:17.718515,49008
46,2024-04-05 13:07:53,98.8005,98.7335,195.9064,7204.232,7.7e-05,6085.447437173545,2026-09-24 22:29:17.718515,49008
47,2024-04-05 19:53:50,99.0786,98.7335,194.6011,7204.232,7.94e-05,6085.447437173545,2026-09-24 22:29:17.718515,49008
48,2024-04-05 23:16:48,99.2177,98.7335,194.2245,7204.232,8.01e-05,6085.447437173545,2026-09-24 22:29:17.718515,49008
49,2024-04-06 06:02:44,99.4958,98.7335,192.845,7204.232,8.19e-05,6085.447437173545,2026-09-24 22:29:17.718515,49008
50,2024-04-06 11:07:11,99.7044,98.7335,192.0341,7204.232,8.32e-05,6085.447437173545,2026-09-24 22:29:17.718515,49008
51,2024-04-06 12:48:40,99.774,98.7335,191.8195,7204.232,8.36e-05,6085.447437173545,2026-09-24 22:29:17.718515,49008
52,2024-04-06 19:34:36,100.0521,98.7335,190.7794,7204.232,8.58e-05,6085.447437173545,2026-09-24 22:29:17.718515,49008
53,2024-04-06 22:57:34,100.1911,98.7335,190.4936,7204.232,8.64e-05,6085.447437173545,2026-09-24 22:29:17.718515,49008
54,2024-04-07 10:47:58,100.6779,98.7335,188.7825,7204.231,8.89e-05,6085.4461701167875,2026-09-24 22:29:17.718515,49008
55,2024-04-07 14:10:56,100.8169,98.7335,188.2761,7204.231,9.02e-05,6085.4461701167875,2026-09-24 22:29:17.718515,49008
56,2024-04-07 20:56:52,101.095,98.7335,187.4819,7204.231,9.22e-05,6085.4461701167875,2026-09-24 22:29:17.718515,49008
57,2024-04-07 22:38:21,101.1645,98.7335,187.2966,7204.231,9.27e-05,6085.4461701167875,2026-09-24 22:29:17.718515,49008
58,2024-04-08 05:24:17,101.4427,98.7335,186.1737,7204.231,9.45e-05,6085.4461701167875,2026-09-24 22:29:17.718515,49008
59,2024-04-08 12:10:13,101.7208,98.7335,185.3901,7204.231,9.55e-05,6085.4461701167875,2026-09-24 22:29:17.718515,49008
60,2024-04-08 13:51:42,101.7903,98.7335,185.1527,7204.231,9.59e-05,6085.4461701167875,2026-09-24 22:29:17.718515,49008
61,2024-04-08 20:37:39,102.0685,98.7335,184.2662,7204.231,9.75e-05,6085.4461701167875,2026-09-24 22:29:17.718515,49008
62,2024-04-09 00:00:37,102.2075,98.7335,183.9054,7204.231,9.81e-05,6085.4461701167875,2026-09-24 22:29:17.718515,49008
63,2024-04-09 05:05:04,102.4161,98.7336,183.1137,7204.231,9.91e-05,6085.4461701167875,2026-09-24 22:29:17.718515,49008
64,2024-04-09 11:51:00,102.6943,98.7336,182.1668,7204.23,0.0001003,6085.444903060117,2026-09-24 22:29:17.718515,49008
65,2024-04-09 13:32:29,102.7638,98.7336,181.909,7204.23,0.0001008,6085.444903060117,2026-09-24 22:29:17.718515,49008
66,2024-04-09 20:18:25,103.0419,98.7335,181.0367,7204.23,0.000103,6085.444903060117,2026-09-24 22:29:17.718515,49008
67,2024-04-09 21:59:54,103.1114,98.7335,180.9197,7204.23,0.0001032,6085.444903060117,2026-09-24 22:29:17.718515,49008
68,2024-04-10 04:45:51,103.3896,98.7336,179.9301,7204.23,0.0001047,6085.444903060117,2026-09-24 22:29:17.718515,49008
69,2024-04-10 11:31:47,103.6677,98.7336,179.0453,7204.23,0.0001059,6085.444903060117,2026-09-24 22:29:17.718515,49008
70,2024-04-10 13:13:16,103.7372,98.7336,178.8431,7204.23,0.0001064,6085.444903060117,2026-09-24 22:29:17.718515,49008
71,2024-04-10 21:40:41,104.0849,98.7336,177.864,7204.23,0.0001088,6085.444903060117,2026-09-24 22:29:17.718515,49008
72,2024-04-10 23:22:10,104.1544,98.7336,177.6377,7204.23,0.000109,6085.444903060117,2026-09-24 22:29:17.718515,49008
73,2024-04-11 06:08:06,104.4326,98.7336,176.7116,7204.23,0.0001104,6085.444903060117,2026-09-24 22:29:17.718515,49008
74,2024-04-11 12:54:02,104.7107,98.7336,176.0309,7204.229,0.0001122,6085.443636003536,2026-09-24 22:29:17.718515,49008
75,2024-04-11 14:35:31,104.7802,98.7336,175.8482,7204.229,0.0001129,6085.443636003536,2026-09-24 22:29:17.718515,49008
76,2024-04-11 21:21:28,105.0584,98.7335,175.3088,7204.229,0.0001146,6085.443636003536,2026-09-24 22:29:17.718515,49008
77,2024-04-12 04:07:24,105.3365,98.7335,174.549,7204.229,0.000116,6085.443636003536,2026-09-24 22:29:17.718515,49008
78,2024-04-12 12:34:49,105.6842,98.7335,173.6746,7204.229,0.0001179,6085.443636003536,2026-09-24 22:29:17.718515,49008
79,2024-04-12 14:16:18,105.7537,98.7335,173.5247,7204.229,0.0001184,6085.443636003536,2026-09-24 22:29:17.718515,49008
80,2024-04-12 21:02:14,106.0318,98.7335,172.9142,7204.229,0.0001203,6085.443636003536,2026-09-24 22:29:17.718515,49008
81,2024-04-12 22:43:43,106.1013,98.7335,172.8066,7204.229,0.0001205,6085.443636003536,2026-09-24 22:29:17.718515,49008
82,2024-04-13 05:29:40,106.3795,98.7335,172.0437,7204.229,0.000122,6085.443636003536,2026-09-24 22:29:17.718515,49008
83,2024-04-13 12:15:36,106.6576,98.7335,171.3047,7204.228,0.0001234,6085.442368947041,2026-09-24 22:29:17.718515,49008
84,2024-04-13 13:57:05,106.7271,98.7335,171.1447,7204.228,0.0001239,6085.442368947041,2026-09-24 22:29:17.718515,49008
85,2024-04-13 20:43:01,107.0052,98.7335,170.4947,7204.228,0.0001258,6085.442368947041,2026-09-24 22:29:17.718515,49008
86,2024-04-14 03:28:57,107.2834,98.7335,169.8139,7204.228,0.0001272,6085.442368947041,2026-09-24 22:29:17.718515,49008
87,2024-04-14 11:56:22,107.631,98.7335,168.8815,7204.227,0.0001291,6085.441101890636,2026-09-24 22:29:17.718515,49008
88,2024-04-14 20:23:48,107.9787,98.7334,168.0313,7204.227,0.0001312,6085.441101890636,2026-09-24 22:29:17.718515,49008
89,2024-04-14 22:05:17,108.0482,98.7334,167.8869,7204.227,0.0001316,6085.441101890636,2026-09-24 22:29:17.718515,49008
90,2024-04-15 03:09:44,108.2568,98.7335,167.3351,7204.227,0.0001322,6085.441101890636,2026-09-24 22:29:17.718515,49008
91,2024-04-15 13:18:38,108.674,98.7335,166.1822,7204.226,0.0001337,6085.4398348343175,2026-09-24 22:29:17.718515,49008
92,2024-04-15 21:46:03,109.0217,98.7334,165.4391,7204.226,0.000136,6085.4398348343175,2026-09-24 22:29:17.718515,49008
93,2024-04-16 04:31:59,109.2998,98.7334,164.7063,7204.225,0.0001382,6085.438567778088,2026-09-24 22:29:17.718515,49008
94,2024-04-16 12:59:25,109.6475,98.7334,164.0323,7204.225,0.0001407,6085.438567778088,2026-09-24 22:29:17.718515,49008
95,2024-04-16 14:40:54,109.717,98.7334,163.9041,7204.225,0.0001418,6085.438567778088,2026-09-24 22:29:17.718515,49008
96,2024-04-16 19:45:21,109.9255,98.7333,163.5364,7204.224,0.0001469,6085.4373007219465,2026-09-24 22:29:17.718515,49008
97,2024-04-16 21:26:50,109.9951,98.7333,163.4071,7204.224,0.0001473,6085.4373007219465,2026-09-24 22:29:17.718515,49008
98,2024-04-17 04:12:46,110.2732,98.7333,162.7468,7204.224,0.0001501,6085.4373007219465,2026-09-24 22:29:17.718515,49008
99,2024-04-17 12:40:11,110.6209,98.7333,161.9005,7204.224,0.0001521,6085.4373007219465,2026-09-24 22:29:17.718515,49008
100,2024-04-17 14:21:40,110.6904,98.7333,161.7267,7204.224,0.0001524,6085.4373007219465,2026-09-24 22:29:17.718515,49008
101,2024-04-17 19:26:07,110.8989,98.7332,161.2359,7204.224,0.0001535,6085.4373007219465,2026-09-24 22:29:17.718515,49008
102,2024-04-17 21:07:36,110.9684,98.7332,161.1046,7204.224,0.0001537,6085.4373007219465,2026-09-24 22:29:17.718515,49008
103,2024-04-18 03:53:32,111.2466,98.7332,160.3441,7204.223,0.0001544,6085.436033665892,2026-09-24 22:29:17.718515,49008
104,2024-04-18 12:20:58,111.5943,98.7333,159.6483,7204.223,0.0001524,6085.436033665892,2026-09-24 22:29:17.718515,49008
105,2024-04-18 20:48:23,111.9419,98.7332,158.8055,7204.222,0.0001568,6085.434766609926,2026-09-24 22:29:17.718515,49008
106,2024-04-18 22:29:52,112.0115,98.7332,158.8459,7204.222,0.0001541,6085.434766609926,2026-09-24 22:29:17.718515,49008
107,2024-04-19 05:15:48,112.2896,98.7332,158.0654,7204.222,0.0001551,6085.434766609926,2026-09-24 22:29:17.718515,49008
108,2024-04-19 12:01:44,112.5677,98.7332,157.4429,7204.221,0.0001565,6085.433499554048,2026-09-24 22:29:17.718515,49008
109,2024-04-19 13:43:13,112.6373,98.7332,157.3227,7204.221,0.000157,6085.433499554048,2026-09-24 22:29:17.718515,49008
110,2024-04-19 20:29:09,112.9153,98.7332,156.6814,7204.22,0.0001612,6085.432232498258,2026-09-24 22:29:17.718515,49008
111,2024-04-19 22:10:38,112.9849,98.7332,156.528,7204.22,0.0001612,6085.432232498258,2026-09-24 22:29:17.718515,49008
112,2024-04-20 04:56:35,113.263,98.7332,155.9828,7204.22,0.0001615,6085.432232498258,2026-09-24 22:29:17.718515,49008
113,2024-04-20 11:42:31,113.5412,98.7332,155.4152,7204.22,0.0001636,6085.432232498258,2026-09-24 22:29:17.718515,49008
114,2024-04-20 13:24:00,113.6107,98.7332,155.2602,7204.22,0.000164,6085.432232498258,2026-09-24 22:29:17.718515,49008
115,2024-04-20 20:09:56,113.8888,98.7332,154.7024,7204.219,0.0001658,6085.430965442555,2026-09-24 22:29:17.718515,49008
116,2024-04-20 21:51:25,113.9583,98.7332,154.5594,7204.219,0.000166,6085.430965442555,2026-09-24 22:29:17.718515,49008
117,2024-04-21 04:37:21,114.2364,98.7332,153.9573,7204.219,0.0001678,6085.430965442555,2026-09-24 22:29:17.718515,49008
118,2024-04-21 13:04:46,114.5841,98.7332,153.3172,7204.218,0.0001701,6085.429698386941,2026-09-24 22:29:17.718515,49008
119,2024-04-21 19:50:42,114.8622,98.7331,152.7541,7204.217,0.0001716,6085.428431331413,2026-09-24 22:29:17.718515,49008
120,2024-04-21 21:32:11,114.9317,98.7331,152.6432,7204.217,0.0001719,6085.428431331413,2026-09-24 22:29:17.718515,49008
121,2024-04-22 02:36:38,115.1403,98.7331,152.1695,7204.217,0.0001732,6085.428431331413,2026-09-24 22:29:17.718515,49008
122,2024-04-22 11:04:04,115.488,98.7331,151.4045,7204.216,0.0001751,6085.427164275976,2026-09-24 22:29:17.718515,49008
123,2024-04-22 19:31:29,115.8356,98.7331,150.5881,7204.216,0.0001758,6085.427164275976,2026-09-24 22:29:17.718515,49008
124,2024-04-22 22:54:27,115.9747,98.7331,150.4183,7204.216,0.0001766,6085.427164275976,2026-09-24 22:29:17.718515,49008
125,2024-04-23 03:58:54,116.1833,98.7331,150.0343,7204.216,0.0001777,6085.427164275976,2026-09-24 22:29:17.718515,49008
126,2024-04-23 12:26:19,116.531,98.7332,149.3222,7204.215,0.0001791,6085.425897220625,2026-09-24 22:29:17.718515,49008
127,2024-04-23 14:07:48,116.6005,98.7332,149.197,7204.215,0.0001794,6085.425897220625,2026-09-24 22:29:17.718515,49008
128,2024-04-23 20:53:44,116.8786,98.7332,148.8422,7204.215,0.0001812,6085.425897220625,2026-09-24 22:29:17.718515,49008
129,2024-04-23 22:35:13,116.9481,98.7331,148.859,7204.215,0.0001824,6085.425897220625,2026-09-24 22:29:17.718515,49008
130,2024-04-24 05:21:09,117.2263,98.7332,148.0523,7204.214,0.0001826,6085.424630165362,2026-09-24 22:29:17.718515,49008
131,2024-04-24 12:07:05,117.5044,98.7332,147.4688,7204.214,0.0001835,6085.424630165362,2026-09-24 22:29:17.718515,49008
132,2024-04-24 13:48:34,117.574,98.7332,147.3399,7204.214,0.0001839,6085.424630165362,2026-09-24 22:29:17.718515,49008
133,2024-04-24 20:34:30,117.8521,98.7332,146.7747,7204.213,0.000185,6085.423363110187,2026-09-24 22:29:17.718515,49008
134,2024-04-24 22:16:00,117.9216,98.7332,146.6797,7204.213,0.0001854,6085.423363110187,2026-09-24 22:29:17.718515,49008
135,2024-04-25 03:20:27,118.1302,98.7332,146.2278,7204.213,0.000186,6085.423363110187,2026-09-24 22:29:17.718515,49008
136,2024-04-25 13:29:21,118.5475,98.7332,145.3515,7204.213,0.0001873,6085.423363110187,2026-09-24 22:29:17.718515,49008
137,2024-04-25 20:15:17,118.8256,98.7332,145.1065,7204.2119999999995,0.0001901,6085.4220960551,2026-09-24 22:29:17.718515,49008
138,2024-04-25 21:56:46,118.8951,98.7332,145.0108,7204.211,0.0001904,6085.4208290001025,2026-09-24 22:29:17.718515,49008
139,2024-04-26 04:42:42,119.1732,98.7332,144.323,7204.2119999999995,0.0001917,6085.4220960551,2026-09-24 22:29:17.718515,49008
140,2024-04-26 13:10:07,119.5209,98.7332,143.8283,7204.211,0.0001943,6085.4208290001025,2026-09-24 22:29:17.718515,49008
141,2024-04-26 19:56:03,119.799,98.7332,143.4287,7204.211,0.0001966,6085.4208290001025,2026-09-24 22:29:17.718515,49008
142,2024-04-26 23:19:01,119.9381,98.7332,143.2373,7204.21,0.0001973,6085.419561945191,2026-09-24 22:29:17.718515,49008
143,2024-04-27 06:04:57,120.2162,98.7332,142.7044,7204.21,0.0001991,6085.419561945191,2026-09-24 22:29:17.718515,49008
144,2024-04-27 12:50:53,120.4943,98.7332,142.2419,7204.21,0.0002009,6085.419561945191,2026-09-24 22:29:17.718515,49008
145,2024-04-27 14:32:22,120.5639,98.7332,142.1469,7204.21,0.0002014,6085.419561945191,2026-09-24 22:29:17.718515,49008
146,2024-04-27 21:18:18,120.842,98.7331,141.7321,7204.21,0.0002029,6085.419561945191,2026-09-24 22:29:17.718515,49008
147,2024-04-27 22:59:48,120.9115,98.7331,141.6292,7204.209,0.0002032,6085.418294890368,2026-09-24 22:29:17.718515,49008
148,2024-04-28 05:45:44,121.1897,98.7331,140.9559,7204.209,0.0002043,6085.418294890368,2026-09-24 22:29:17.718515,49008
149,2024-04-28 12:31:40,121.4678,98.7331,140.3689,7204.21,0.0002053,6085.419561945191,2026-09-24 22:29:17.718515,49008
150,2024-04-28 14:13:09,121.5373,98.7331,140.2324,7204.21,0.0002055,6085.419561945191,2026-09-24 22:29:17.718515,49008
151,2024-04-28 20:59:05,121.8154,98.7331,139.6127,7204.209,0.000206,6085.418294890368,2026-09-24 22:29:17.718515,49008
152,2024-04-28 22:40:34,121.8849,98.7331,139.5018,7204.209,0.0002062,6085.418294890368,2026-09-24 22:29:17.718515,49008
153,2024-04-29 03:45:01,122.0936,98.7331,139.0091,7204.209,0.0002068,6085.418294890368,2026-09-24 22:29:17.718515,49008
154,2024-04-29 12:12:26,122.4413,98.7331,138.2889,7204.209,0.000208,6085.418294890368,2026-09-24 22:29:17.718515,49008
155,2024-04-29 20:39:51,122.7889,98.733,137.7289,7204.209,0.0002098,6085.418294890368,2026-09-24 22:29:17.718515,49008
156,2024-04-29 22:21:20,122.8584,98.733,137.593,7204.209,0.0002101,6085.418294890368,2026-09-24 22:29:17.718515,49008
157,2024-04-30 05:07:16,123.1366,98.733,137.0187,7204.208,0.0002113,6085.417027835632,2026-09-24 22:29:17.718515,49008
158,2024-04-30 13:34:41,123.4842,98.733,136.3277,7204.208,0.0002125,6085.417027835632,2026-09-24 22:29:17.718515,49008
159,2024-04-30 18:39:08,123.6928,98.733,135.9083,7204.208,0.0002136,6085.417027835632,2026-09-24 22:29:17.718515,49008
160,2024-04-30 22:02:06,123.8318,98.733,135.6105,7204.208,0.0002138,6085.417027835632,2026-09-24 22:29:17.718515,49008
161,2024-05-01 04:48:02,124.11,98.733,135.0606,7204.207,0.0002151,6085.415760780987,2026-09-24 22:29:17.718515,49008
162,2024-05-01 11:33:59,124.3881,98.733,134.592,7204.207,0.0002167,6085.415760780987,2026-09-24 22:29:17.718515,49008
163,2024-05-01 13:15:28,124.4576,98.7329,134.4537,7204.207,0.0002169,6085.415760780987,2026-09-24 22:29:17.718515,49008
164,2024-05-01 20:01:24,124.7358,98.7329,134.1053,7204.207,0.0002185,6085.415760780987,2026-09-24 22:29:17.718515,49008
165,2024-05-01 21:42:53,124.8053,98.7329,133.981,7204.207,0.0002187,6085.415760780987,2026-09-24 22:29:17.718515,49008
166,2024-05-02 06:10:18,125.153,98.7329,133.1738,7204.207,0.00022,6085.415760780987,2026-09-24 22:29:17.718515,49008
167,2024-05-02 12:56:14,125.4311,98.7329,132.8228,7204.207,0.0002216,6085.415760780987,2026-09-24 22:29:17.718515,49008
168,2024-05-02 21:23:39,125.7787,98.7328,132.4176,7204.207,0.0002237,6085.415760780987,2026-09-24 22:29:17.718515,49008
169,2024-05-03 05:51:04,126.1264,98.7328,131.7665,7204.206,0.0002253,6085.414493726426,2026-09-24 22:29:17.718515,49008
170,2024-05-03 12:37:00,126.4046,98.7328,131.3428,7204.206,0.0002266,6085.414493726426,2026-09-24 22:29:17.718515,49008
171,2024-05-03 14:18:29,126.4741,98.7328,131.2657,7204.206,0.0002271,6085.414493726426,2026-09-24 22:29:17.718515,49008
172,2024-05-03 21:04:25,126.7522,98.7328,130.6265,7204.206,0.0002273,6085.414493726426,2026-09-24 22:29:17.718515,49008
173,2024-05-03 22:45:54,126.8218,98.7328,130.4936,7204.206,0.0002273,6085.414493726426,2026-09-24 22:29:17.718515,49008
174,2024-05-04 05:31:50,127.0999,98.7328,129.9286,7204.206,0.0002284,6085.414493726426,2026-09-24 22:29:17.718515,49008
175,2024-05-04 12:17:46,127.3781,98.7328,129.388,7204.205,0.0002292,6085.413226671955,2026-09-24 22:29:17.718515,49008
176,2024-05-04 20:45:11,127.7257,98.7328,128.8068,7204.205,0.0002304,6085.413226671955,2026-09-24 22:29:17.718515,49008
177,2024-05-05 05:12:36,128.0734,98.7328,128.1411,7204.205,0.0002315,6085.413226671955,2026-09-24 22:29:17.718515,49008
178,2024-05-05 11:58:32,128.3515,98.7328,127.6126,7204.205,0.0002324,6085.413226671955,2026-09-24 22:29:17.718515,49008
179,2024-05-05 13:40:02,128.421,98.7328,127.4803,7204.205,0.0002327,6085.413226671955,2026-09-24 22:29:17.718515,49008
180,2024-05-05 20:25:58,128.6992,98.7328,126.9899,7204.205,0.0002337,6085.413226671955,2026-09-24 22:29:17.718515,49008
181,2024-05-05 22:07:27,128.7687,98.7328,126.8582,7204.205,0.0002337,6085.413226671955,2026-09-24 22:29:17.718515,49008
182,2024-05-06 04:53:23,129.0468,98.7328,126.2967,7204.204,0.0002348,6085.411959617572,2026-09-24 22:29:17.718515,49008
183,2024-05-06 13:20:48,129.3945,98.7328,125.5243,7204.204,0.0002357,6085.411959617572,2026-09-24 22:29:17.718515,49008
184,2024-05-06 15:02:17,129.464,98.7328,125.3832,7204.204,0.000236,6085.411959617572,2026-09-24 22:29:17.718515,49008
185,2024-05-06 20:06:44,129.6726,98.7328,124.9651,7204.204,0.0002363,6085.411959617572,2026-09-24 22:29:17.718515,49008
186,2024-05-06 21:48:13,129.7421,98.7328,124.8532,7204.204,0.0002365,6085.411959617572,2026-09-24 22:29:17.718515,49008
187,2024-05-07 04:34:09,130.0203,98.7328,124.615,7204.204,0.0002385,6085.411959617572,2026-09-24 22:29:17.718515,49008
188,2024-05-07 13:01:34,130.3679,98.7328,123.8379,7204.204,0.0002392,6085.411959617572,2026-09-24 22:29:17.718515,49008
189,2024-05-07 14:43:03,130.4375,98.7327,123.6915,7204.204,0.0002394,6085.411959617572,2026-09-24 22:29:17.718515,49008
190,2024-05-07 21:28:59,130.7156,98.7327,123.4803,7204.204,0.0002409,6085.411959617572,2026-09-24 22:29:17.718515,49008
191,2024-05-08 05:56:24,131.0632,98.7327,122.9818,7204.2029999999995,0.0002426,6085.410692563277,2026-09-24 22:29:17.718515,49008
192,2024-05-08 11:00:51,131.2719,98.7327,122.8133,7204.2029999999995,0.0002437,6085.410692563277,2026-09-24 22:29:17.718515,49008
193,2024-05-08 14:23:49,131.4109,98.7327,122.5274,7204.2029999999995,0.0002439,6085.410692563277,2026-09-24 22:29:17.718515,49008
194,2024-05-08 21:09:45,131.689,98.7327,122.2539,7204.2029999999995,0.0002452,6085.410692563277,2026-09-24 22:29:17.718515,49008
195,2024-05-08 22:51:14,131.7585,98.7327,122.1198,7204.2029999999995,0.0002452,6085.410692563277,2026-09-24 22:29:17.718515,49008
196,2024-05-09 05:37:10,132.0366,98.7327,121.6107,7204.202,0.0002463,6085.40942550907,2026-09-24 22:29:17.718515,49008
197,2024-05-09 12:23:06,132.3148,98.7327,121.0369,7204.202,0.0002468,6085.40942550907,2026-09-24 22:29:17.718515,49008
198,2024-05-09 14:04:35,132.3843,98.7327,120.9208,7204.202,0.0002469,6085.40942550907,2026-09-24 22:29:17.718515,49008
199,2024-05-09 20:50:31,132.6624,98.7326,120.3123,7204.201,0.0002471,6085.40815845495,2026-09-24 22:29:17.718515,49008
200,2024-05-09 22:32:00,132.732,98.7326,120.2561,7204.201,0.0002473,6085.40815845495,2026-09-24 22:29:17.718515,49008
201,2024-05-10 05:17:56,133.0101,98.7326,119.7033,7204.201,0.0002481,6085.40815845495,2026-09-24 22:29:17.718515,49008
202,2024-05-10 12:03:52,133.2882,98.7326,119.2724,7204.201,0.0002491,6085.40815845495,2026-09-24 22:29:17.718515,49008
203,2024-05-10 13:45:21,133.3577,98.7326,119.1253,7204.201,0.0002493,6085.40815845495,2026-09-24 22:29:17.718515,49008
204,2024-05-10 20:31:17,133.6358,98.7326,118.6412,7204.2,0.0002503,6085.4068914009185,2026-09-24 22:29:17.718515,49008
205,2024-05-10 22:12:46,133.7054,98.7326,118.4908,7204.2,0.0002503,6085.4068914009185,2026-09-24 22:29:17.718515,49008
206,2024-05-11 04:58:43,133.9835,98.7326,117.9832,7204.199,0.0002514,6085.405624346974,2026-09-24 22:29:17.718515,49008
207,2024-05-11 13:26:08,134.3311,98.7326,117.3205,7204.198,0.0002527,6085.4043572931205,2026-09-24 22:29:17.718515,49008
208,2024-05-11 20:12:04,134.6093,98.7326,116.9499,7204.197,0.0002536,6085.403090239352,2026-09-24 22:29:17.718515,49008
209,2024-05-11 21:53:33,134.6788,98.7326,116.8659,7204.197,0.0002538,6085.403090239352,2026-09-24 22:29:17.718515,49008
210,2024-05-12 04:39:29,134.9569,98.7326,116.4067,7204.197,0.000255,6085.403090239352,2026-09-24 22:29:17.718515,49008
211,2024-05-12 13:06:54,135.3046,98.7325,115.9991,7204.197,0.0002566,6085.403090239352,2026-09-24 22:29:17.718515,49008
212,2024-05-12 14:48:23,135.3741,98.7325,115.9149,7204.197,0.0002569,6085.403090239352,2026-09-24 22:29:17.718515,49008
213,2024-05-12 21:34:19,135.6522,98.7325,115.4866,7204.196,0.0002574,6085.401823185673,2026-09-24 22:29:17.718515,49008
214,2024-05-12 23:15:48,135.7218,98.7325,115.3601,7204.196,0.0002575,6085.401823185673,2026-09-24 22:29:17.718515,49008
215,2024-05-13 06:01:44,135.9999,98.7325,114.9175,7204.196,0.0002587,6085.401823185673,2026-09-24 22:29:17.718515,49008
216,2024-05-13 11:06:11,136.2085,98.7325,114.5141,7204.196,0.0002591,6085.401823185673,2026-09-24 22:29:17.718515,49008
217,2024-05-13 12:47:40,136.278,98.7325,114.4295,7204.196,0.0002593,6085.401823185673,2026-09-24 22:29:17.718515,49008
218,2024-05-13 19:33:36,136.5562,98.7324,114.1158,7204.196,0.0002602,6085.401823185673,2026-09-24 22:29:17.718515,49008
219,2024-05-13 22:56:34,136.6952,98.7324,113.9224,7204.195,0.0002604,6085.40055613208,2026-09-24 22:29:17.718515,49008
220,2024-05-14 05:42:30,136.9733,98.7324,113.2634,7204.195,0.000261,6085.40055613208,2026-09-24 22:29:17.718515,49008
221,2024-05-14 12:28:26,137.2515,98.7324,112.657,7204.1939999999995,0.0002611,6085.399289078576,2026-09-24 22:29:17.718515,49008
222,2024-05-14 19:14:22,137.5296,98.7324,112.2208,7204.1939999999995,0.0002615,6085.399289078576,2026-09-24 22:29:17.718515,49008
223,2024-05-14 22:37:20,137.6686,98.7323,111.9959,7204.1939999999995,0.0002616,6085.399289078576,2026-09-24 22:29:17.718515,49008
224,2024-05-15 03:41:47,137.8772,98.7324,111.6355,7204.1939999999995,0.0002621,6085.399289078576,2026-09-24 22:29:17.718515,49008
225,2024-05-15 12:09:12,138.2249,98.7324,111.0035,7204.193,0.0002628,6085.398022025161,2026-09-24 22:29:17.718515,49008
226,2024-05-15 13:50:41,138.2944,98.7323,110.8833,7204.193,0.000263,6085.398022025161,2026-09-24 22:29:17.718515,49008
227,2024-05-15 20:36:37,138.5725,98.7323,110.3936,7204.193,0.0002632,6085.398022025161,2026-09-24 22:29:17.718515,49008
228,2024-05-15 22:18:06,138.6421,98.7323,110.2766,7204.193,0.0002631,6085.398022025161,2026-09-24 22:29:17.718515,49008
229,2024-05-16 03:22:33,138.8507,98.7323,109.91,7204.192,0.0002637,6085.396754971832,2026-09-24 22:29:17.718515,49008
230,2024-05-16 11:49:58,139.1983,98.7323,109.2602,7204.192,0.0002645,6085.396754971832,2026-09-24 22:29:17.718515,49008
231,2024-05-16 21:58:52,139.6155,98.7323,108.474,7204.191,0.0002651,6085.395487918591,2026-09-24 22:29:17.718515,49008
232,2024-05-17 03:03:19,139.8241,98.7324,108.1253,7204.191,0.0002657,6085.395487918591,2026-09-24 22:29:17.718515,49008
233,2024-05-17 11:30:44,140.1717,98.7323,107.3967,7204.1900000000005,0.0002658,6085.394220865441,2026-09-24 22:29:17.718515,49008
234,2024-05-17 13:12:13,140.2412,98.7323,107.3063,7204.1900000000005,0.000266,6085.394220865441,2026-09-24 22:29:17.718515,49008
235,2024-05-17 21:39:38,140.5889,98.7323,106.8356,7204.1900000000005,0.0002673,6085.394220865441,2026-09-24 22:29:17.718515,49008
236,2024-05-18 06:07:03,140.9365,98.7323,106.2483,7204.189,0.0002681,6085.392953812377,2026-09-24 22:29:17.718515,49008
237,2024-05-18 12:52:59,141.2146,98.7323,106.0243,7204.189,0.0002688,6085.392953812377,2026-09-24 22:29:17.718515,49008
238,2024-05-18 14:34:28,141.2842,98.7322,105.9128,7204.189,0.0002689,6085.392953812377,2026-09-24 22:29:17.718515,49008
239,2024-05-18 21:20:24,141.5623,98.7322,105.5558,7204.188,0.0002694,6085.3916867594,2026-09-24 22:29:17.718515,49008
240,2024-05-18 23:01:53,141.6318,98.7322,105.4069,7204.188,0.0002693,6085.3916867594,2026-09-24 22:29:17.718515,49008
241,2024-05-19 05:47:49,141.9099,98.7322,104.6481,7204.188,0.0002698,6085.3916867594,2026-09-24 22:29:17.718515,49008
242,2024-05-19 14:15:13,142.2576,98.7322,104.1717,7204.187,0.0002702,6085.390419706511,2026-09-24 22:29:17.718515,49008
243,2024-05-19 21:01:09,142.5356,98.7322,104.1071,7204.187,0.0002709,6085.390419706511,2026-09-24 22:29:17.718515,49008
244,2024-05-20 03:47:05,142.8138,98.7322,103.6549,7204.187,0.0002713,6085.390419706511,2026-09-24 22:29:17.718515,49008
245,2024-05-20 12:14:30,143.1614,98.7322,103.0839,7204.186,0.0002717,6085.389152653711,2026-09-24 22:29:17.718515,49008
246,2024-05-20 20:41:55,143.509,98.7321,102.2285,7204.186,0.000272,6085.389152653711,2026-09-24 22:29:17.718515,49008
247,2024-05-21 05:09:20,143.8567,98.7322,101.5356,7204.186,0.0002723,6085.389152653711,2026-09-24 22:29:17.718515,49008
248,2024-05-21 11:55:16,144.1348,98.7322,101.0233,7204.186,0.0002726,6085.389152653711,2026-09-24 22:29:17.718515,49008
249,2024-05-21 13:36:45,144.2043,98.7322,100.9064,7204.186,0.0002726,6085.389152653711,2026-09-24 22:29:17.718515,49008
250,2024-05-21 20:22:41,144.4824,98.7321,100.3043,7204.1849999999995,0.0002727,6085.387885600998,2026-09-24 22:29:17.718515,49008
251,2024-05-21 22:04:10,144.5519,98.7321,100.1756,7204.1849999999995,0.0002727,6085.387885600998,2026-09-24 22:29:17.718515,49008
252,2024-05-22 04:50:06,144.83,98.7321,99.6475,7204.1849999999995,0.000273,6085.387885600998,2026-09-24 22:29:17.718515,49008
253,2024-05-22 11:36:02,145.1081,98.7321,99.0575,7204.184,0.0002735,6085.386618548375,2026-09-24 22:29:17.718515,49008
254,2024-05-22 13:17:31,145.1776,98.7321,98.9401,7204.184,0.0002735,6085.386618548375,2026-09-24 22:29:17.718515,49008
255,2024-05-22 20:03:27,145.4558,98.7321,98.4996,7204.184,0.0002741,6085.386618548375,2026-09-24 22:29:17.718515,49008
256,2024-05-22 21:44:56,145.5253,98.7321,98.3778,7204.184,0.0002741,6085.386618548375,2026-09-24 22:29:17.718515,49008
257,2024-05-23 04:30:52,145.8034,98.7321,97.9044,7204.184,0.0002747,6085.386618548375,2026-09-24 22:29:17.718515,49008
258,2024-05-23 12:58:17,146.151,98.7321,97.4808,7204.183,0.0002748,6085.385351495837,2026-09-24 22:29:17.718515,49008
259,2024-05-23 14:39:46,146.2206,98.7321,97.368,7204.183,0.0002748,6085.385351495837,2026-09-24 22:29:17.718515,49008
260,2024-05-23 21:25:42,146.4986,98.7321,96.9717,7204.183,0.0002749,6085.385351495837,2026-09-24 22:29:17.718515,49008
261,2024-05-24 04:11:38,146.7767,98.7321,96.5531,7204.183,0.0002753,6085.385351495837,2026-09-24 22:29:17.718515,49008
262,2024-05-24 12:39:03,147.1244,98.7321,96.1934,7204.182,0.0002757,6085.384084443389,2026-09-24 22:29:17.718515,49008
263,2024-05-24 14:20:32,147.1939,98.7321,96.0566,7204.182,0.0002757,6085.384084443389,2026-09-24 22:29:17.718515,49008
264,2024-05-24 21:06:28,147.472,98.732,95.4932,7204.182,0.0002757,6085.384084443389,2026-09-24 22:29:17.718515,49008
265,2024-05-24 22:47:57,147.5415,98.732,95.339,7204.182,0.0002757,6085.384084443389,2026-09-24 22:29:17.718515,49008
266,2024-05-25 05:33:53,147.8197,98.7321,94.7087,7204.182,0.0002761,6085.384084443389,2026-09-24 22:29:17.718515,49008
267,2024-05-25 12:19:49,148.0978,98.7321,93.9861,7204.182,0.000276,6085.384084443389,2026-09-24 22:29:17.718515,49008
268,2024-05-25 14:01:17,148.1673,98.7321,93.8845,7204.182,0.000276,6085.384084443389,2026-09-24 22:29:17.718515,49008
269,2024-05-25 20:47:13,148.4454,98.732,93.4822,7204.182,0.0002761,6085.384084443389,2026-09-24 22:29:17.718515,49008
270,2024-05-26 03:33:09,148.7235,98.7321,92.9729,7204.1810000000005,0.0002762,6085.382817391029,2026-09-24 22:29:17.718515,49008
271,2024-05-26 12:00:34,149.0712,98.7321,92.3195,7204.1810000000005,0.0002763,6085.382817391029,2026-09-24 22:29:17.718515,49008
272,2024-05-26 13:42:03,149.1407,98.732,92.2118,7204.1810000000005,0.0002764,6085.382817391029,2026-09-24 22:29:17.718515,49008
273,2024-05-26 20:27:59,149.4188,98.732,91.8365,7204.1810000000005,0.0002766,6085.382817391029,2026-09-24 22:29:17.718515,49008
274,2024-05-26 22:09:28,149.4883,98.732,91.7109,7204.1810000000005,0.0002766,6085.382817391029,2026-09-24 22:29:17.718515,49008
275,2024-05-27 04:55:24,149.7664,98.732,91.258,7204.1810000000005,0.0002769,6085.382817391029,2026-09-24 22:29:17.718515,49008
276,2024-05-27 13:22:49,150.1141,98.732,90.6732,7204.1810000000005,0.000277,6085.382817391029,2026-09-24 22:29:17.718515,49008
277,2024-05-27 20:08:45,150.3922,98.732,90.3825,7204.1810000000005,0.0002771,6085.382817391029,2026-09-24 22:29:17.718515,49008
278,2024-05-27 21:50:14,150.4617,98.732,90.2874,7204.1810000000005,0.000277,6085.382817391029,2026-09-24 22:29:17.718515,49008
279,2024-05-28 04:36:10,150.7398,98.732,89.8379,7204.18,0.0002771,6085.381550338756,2026-09-24 22:29:17.718515,49008
280,2024-05-28 13:03:35,151.0875,98.7319,89.2791,7204.18,0.0002771,6085.381550338756,2026-09-24 22:29:17.718515,49008
281,2024-05-28 21:31:00,151.4351,98.7319,88.63,7204.18,0.000277,6085.381550338756,2026-09-24 22:29:17.718515,49008
282,2024-05-29 05:58:25,151.7827,98.7319,87.8562,7204.18,0.0002773,6085.381550338756,2026-09-24 22:29:17.718515,49008
283,2024-05-29 12:44:21,152.0609,98.7319,87.4344,7204.18,0.0002771,6085.381550338756,2026-09-24 22:29:17.718515,49008
284,2024-05-29 14:25:50,152.1304,98.7319,87.3293,7204.18,0.000277,6085.381550338756,2026-09-24 22:29:17.718515,49008
285,2024-05-29 21:11:45,152.4085,98.7318,86.8991,7204.179,0.0002766,6085.38028328657,2026-09-24 22:29:17.718515,49008
286,2024-05-29 22:53:14,152.478,98.7318,86.8063,7204.179,0.0002764,6085.38028328657,2026-09-24 22:29:17.718515,49008
287,2024-05-30 05:39:10,152.7561,98.7318,86.3228,7204.179,0.0002766,6085.38028328657,2026-09-24 22:29:17.718515,49008
288,2024-05-30 12:25:06,153.0342,98.7318,85.8557,7204.179,0.0002762,6085.38028328657,2026-09-24 22:29:17.718515,49008
289,2024-05-30 14:06:35,153.1038,98.7318,85.7341,7204.179,0.0002762,6085.38028328657,2026-09-24 22:29:17.718515,49008
290,2024-05-30 20:52:31,153.3819,98.7318,85.3191,7204.178,0.0002758,6085.379016234473,2026-09-24 22:29:17.718515,49008
291,2024-05-30 22:34:00,153.4514,98.7318,85.1701,7204.178,0.0002756,6085.379016234473,2026-09-24 22:29:17.718515,49008
292,2024-05-31 05:19:56,153.7295,98.7318,84.6377,7204.179,0.0002758,6085.38028328657,2026-09-24 22:29:17.718515,49008
293,2024-05-31 12:05:52,154.0076,98.7318,84.3064,7204.178,0.0002755,6085.379016234473,2026-09-24 22:29:17.718515,49008
294,2024-05-31 13:47:21,154.0771,98.7318,84.1997,7204.178,0.0002754,6085.379016234473,2026-09-24 22:29:17.718515,49008
295,2024-05-31 20:33:17,154.3553,98.7318,83.8216,7204.178,0.0002753,6085.379016234473,2026-09-24 22:29:17.718515,49008
296,2024-06-01 03:19:13,154.6334,98.7318,83.3634,7204.178,0.0002753,6085.379016234473,2026-09-24 22:29:17.718515,49008
297,2024-06-01 13:28:07,155.0506,98.7318,82.6692,7204.178,0.0002752,6085.379016234473,2026-09-24 22:29:17.718515,49008
298,2024-06-01 21:55:32,155.3982,98.7318,82.1542,7204.178,0.0002749,6085.379016234473,2026-09-24 22:29:17.718515,49008
299,2024-06-02 04:41:28,155.6763,98.7318,81.4924,7204.178,0.0002752,6085.379016234473,2026-09-24 22:29:17.718515,49008
300,2024-06-02 11:27:24,155.9545,98.7318,80.8622,7204.177,0.000275,6085.377749182465,2026-09-24 22:29:17.718515,49008
301,2024-06-02 13:08:53,156.024,98.7318,80.8045,7204.177,0.0002749,6085.377749182465,2026-09-24 22:29:17.718515,49008
302,2024-06-02 19:54:48,156.302,98.7318,80.402,7204.177,0.0002747,6085.377749182465,2026-09-24 22:29:17.718515,49008
303,2024-06-02 21:36:17,156.3716,98.7317,80.231,7204.177,0.0002747,6085.377749182465,2026-09-24 22:29:17.718515,49008
304,2024-06-03 04:22:13,156.6497,98.7318,79.7337,7204.177,0.0002747,6085.377749182465,2026-09-24 22:29:17.718515,49008
305,2024-06-03 11:08:09,156.9278,98.7318,79.2966,7204.177,0.0002744,6085.377749182465,2026-09-24 22:29:17.718515,49008
306,2024-06-03 12:49:38,156.9973,98.7318,79.1855,7204.177,0.0002742,6085.377749182465,2026-09-24 22:29:17.718515,49008
307,2024-06-03 19:35:34,157.2754,98.7317,78.7631,7204.176,0.0002736,6085.376482130545,2026-09-24 22:29:17.718515,49008
308,2024-06-03 22:58:32,157.4145,98.7317,78.4761,7204.176,0.0002732,6085.376482130545,2026-09-24 22:29:17.718515,49008
309,2024-06-04 05:44:28,157.6926,98.7317,78.049,7204.176,0.000273,6085.376482130545,2026-09-24 22:29:17.718515,49008
310,2024-06-04 10:48:55,157.9012,98.7318,77.6396,7204.176,0.0002727,6085.376482130545,2026-09-24 22:29:17.718515,49008
311,2024-06-04 12:30:24,157.9707,98.7317,77.5441,7204.176,0.0002725,6085.376482130545,2026-09-24 22:29:17.718515,49008
312,2024-06-04 20:57:49,158.3183,98.7317,77.097,7204.176,0.0002717,6085.376482130545,2026-09-24 22:29:17.718515,49008
313,2024-06-04 22:39:18,158.3878,98.7317,76.9707,7204.176,0.0002715,6085.376482130545,2026-09-24 22:29:17.718515,49008
314,2024-06-05 05:25:14,158.666,98.7317,76.3632,7204.176,0.0002715,6085.376482130545,2026-09-24 22:29:17.718515,49008
315,2024-06-05 12:11:10,158.944,98.7317,75.8646,7204.175,0.0002711,6085.37521507871,2026-09-24 22:29:17.718515,49008
316,2024-06-05 13:52:39,159.0136,98.7317,75.7536,7204.175,0.000271,6085.37521507871,2026-09-24 22:29:17.718515,49008
317,2024-06-05 20:38:34,159.2917,98.7317,75.221,7204.175,0.0002707,6085.37521507871,2026-09-24 22:29:17.718515,49008
318,2024-06-05 22:20:03,159.3612,98.7317,75.0941,7204.175,0.0002705,6085.37521507871,2026-09-24 22:29:17.718515,49008
319,2024-06-06 05:05:59,159.6393,98.7317,74.633,7204.175,0.0002703,6085.37521507871,2026-09-24 22:29:17.718515,49008
320,2024-06-06 11:51:55,159.9174,98.7317,74.2457,7204.175,0.0002698,6085.37521507871,2026-09-24 22:29:17.718515,49008
321,2024-06-06 13:33:24,159.9869,98.7317,74.126,7204.174,0.0002698,6085.373948026966,2026-09-24 22:29:17.718515,49008
322,2024-06-06 23:42:18,160.4041,98.7317,73.3216,7204.174,0.0002692,6085.373948026966,2026-09-24 22:29:17.718515,49008
323,2024-06-07 08:09:43,160.7517,98.7317,72.7964,7204.174,0.000269,6085.373948026966,2026-09-24 22:29:17.718515,49008
324,2024-06-07 13:14:10,160.9603,98.7317,72.4643,7204.173,0.0002685,6085.372680975308,2026-09-24 22:29:17.718515,49008
325,2024-06-07 20:00:06,161.2384,98.7317,72.1922,7204.173,0.0002678,6085.372680975308,2026-09-24 22:29:17.718515,49008
326,2024-06-07 21:41:35,161.3079,98.7317,72.0828,7204.173,0.0002676,6085.372680975308,2026-09-24 22:29:17.718515,49008
327,2024-06-08 06:09:00,161.6555,98.7317,71.613,7204.173,0.0002671,6085.372680975308,2026-09-24 22:29:17.718515,49008
328,2024-06-08 11:13:27,161.8641,98.7317,71.3404,7204.173,0.0002665,6085.372680975308,2026-09-24 22:29:17.718515,49008
329,2024-06-08 21:22:20,162.2813,98.7316,70.693,7204.173,0.0002653,6085.372680975308,2026-09-24 22:29:17.718515,49008
330,2024-06-08 23:03:49,162.3508,98.7316,70.5682,7204.173,0.0002651,6085.372680975308,2026-09-24 22:29:17.718515,49008
331,2024-06-09 05:49:45,162.6289,98.7316,70.2071,7204.1720000000005,0.0002646,6085.37141392374,2026-09-24 22:29:17.718515,49008
332,2024-06-09 12:35:41,162.907,98.7316,69.795,7204.1720000000005,0.0002639,6085.37141392374,2026-09-24 22:29:17.718515,49008
333,2024-06-09 12:35:41,162.907,98.7316,69.7597,7204.1720000000005,0.000264,6085.37141392374,2026-09-24 22:29:17.718515,49008
334,2024-06-09 21:03:06,163.2547,98.7316,69.1593,7204.1720000000005,0.0002629,6085.37141392374,2026-09-24 22:29:17.718515,49008
335,2024-06-09 22:44:35,163.3242,98.7316,69.0202,7204.1720000000005,0.0002627,6085.37141392374,2026-09-24 22:29:17.718515,49008
336,2024-06-10 05:30:31,163.6023,98.7316,68.4846,7204.1720000000005,0.0002624,6085.37141392374,2026-09-24 22:29:17.718515,49008
337,2024-06-10 12:16:27,163.8805,98.7316,67.8036,7204.1720000000005,0.0002621,6085.37141392374,2026-09-24 22:29:17.718515,49008
338,2024-06-10 13:57:56,163.95,98.7316,67.6533,7204.1720000000005,0.000262,6085.37141392374,2026-09-24 22:29:17.718515,49008
339,2024-06-10 20:43:52,164.2281,98.7316,67.1727,7204.171,0.0002612,6085.370146872258,2026-09-24 22:29:17.718515,49008
340,2024-06-11 03:29:47,164.5062,98.7316,66.729,7204.171,0.0002606,6085.370146872258,2026-09-24 22:29:17.718515,49008
341,2024-06-11 13:38:41,164.9233,98.7316,66.0414,7204.171,0.0002597,6085.370146872258,2026-09-24 22:29:17.718515,49008
342,2024-06-12 04:52:02,165.549,98.7316,64.9814,7204.17,0.0002585,6085.368879820864,2026-09-24 22:29:17.718515,49008
343,2024-06-12 13:19:27,165.8966,98.7316,64.3023,7204.17,0.000258,6085.368879820864,2026-09-24 22:29:17.718515,49008
344,2024-06-12 20:05:23,166.1747,98.7316,63.9412,7204.17,0.0002569,6085.368879820864,2026-09-24 22:29:17.718515,49008
345,2024-06-12 21:46:52,166.2443,98.7316,63.8312,7204.17,0.0002566,6085.368879820864,2026-09-24 22:29:17.718515,49008
346,2024-06-13 04:32:48,166.5224,98.7316,63.439,7204.17,0.000256,6085.368879820864,2026-09-24 22:29:17.718515,49008
347,2024-06-13 11:18:43,166.8005,98.7316,62.8412,7204.17,0.0002554,6085.368879820864,2026-09-24 22:29:17.718515,49008
348,2024-06-13 14:41:41,166.9395,98.7316,62.5205,7204.17,0.0002551,6085.368879820864,2026-09-24 22:29:17.718515,49008
349,2024-06-13 23:09:06,167.2871,98.7315,61.9768,7204.17,0.0002539,6085.368879820864,2026-09-24 22:29:17.718515,49008
350,2024-06-14 14:22:27,167.9128,98.7315,61.2253,7204.169,0.0002518,6085.367612769559,2026-09-24 22:29:17.718515,49008
351,2024-06-14 22:49:52,168.2605,98.7315,60.5883,7204.169,0.0002505,6085.367612769559,2026-09-24 22:29:17.718515,49008
352,2024-06-15 14:03:13,168.8862,98.7315,59.7696,7204.168,0.0002482,6085.366345718342,2026-09-24 22:29:17.718515,49008
353,2024-06-15 22:30:37,169.2338,98.7315,58.8899,7204.168,0.0002473,6085.366345718342,2026-09-24 22:29:17.718515,49008
354,2024-06-16 13:43:58,169.8595,98.7315,57.7272,7204.168,0.0002461,6085.366345718342,2026-09-24 22:29:17.718515,49008
355,2024-06-16 22:11:23,170.2071,98.7315,57.0531,7204.168,0.0002451,6085.366345718342,2026-09-24 22:29:17.718515,49008
356,2024-06-17 20:10:39,171.111,98.7315,55.4755,7204.167,0.0002427,6085.365078667212,2026-09-24 22:29:17.718515,49008
357,2024-06-17 21:52:08,171.1805,98.7315,55.3238,7204.167,0.0002424,6085.365078667212,2026-09-24 22:29:17.718515,49008
358,2024-06-18 04:38:04,171.4586,98.7316,54.8856,7204.167,0.0002418,6085.365078667212,2026-09-24 22:29:17.718515,49008
359,2024-06-18 13:05:29,171.8062,98.7316,54.2843,7204.167,0.0002407,6085.365078667212,2026-09-24 22:29:17.718515,49008
360,2024-06-18 14:46:58,171.8758,98.7315,54.1263,7204.167,0.0002405,6085.365078667212,2026-09-24 22:29:17.718515,49008
361,2024-06-18 19:51:25,172.0843,98.7315,53.8305,7204.167,0.0002396,6085.365078667212,2026-09-24 22:29:17.718515,49008
362,2024-06-18 23:14:23,172.2234,98.7315,53.5513,7204.167,0.000239,6085.365078667212,2026-09-24 22:29:17.718515,49008
363,2024-06-19 06:00:19,172.5015,98.7315,53.188,7204.167,0.0002381,6085.365078667212,2026-09-24 22:29:17.718515,49008
364,2024-06-19 12:46:15,172.7796,98.7316,52.6832,7204.166,0.000237,6085.363811616171,2026-09-24 22:29:17.718515,49008
365,2024-06-19 14:27:44,172.8491,98.7316,52.5386,7204.166,0.0002368,6085.363811616171,2026-09-24 22:29:17.718515,49008
366,2024-06-19 21:13:39,173.1272,98.7315,52.1747,7204.166,0.000235,6085.363811616171,2026-09-24 22:29:17.718515,49008
367,2024-06-19 22:55:08,173.1967,98.7315,52.0504,7204.166,0.0002347,6085.363811616171,2026-09-24 22:29:17.718515,49008
368,2024-06-20 05:41:04,173.4748,98.7316,51.6429,7204.166,0.0002337,6085.363811616171,2026-09-24 22:29:17.718515,49008
369,2024-06-20 14:08:29,173.8225,98.7316,50.9589,7204.166,0.0002324,6085.363811616171,2026-09-24 22:29:17.718515,49008
370,2024-06-21 00:17:23,174.2396,98.7316,49.9506,7204.166,0.0002313,6085.363811616171,2026-09-24 22:29:17.718515,49008
371,2024-06-21 05:21:50,174.4482,98.7316,49.5746,7204.166,0.0002306,6085.363811616171,2026-09-24 22:29:17.718515,49008
372,2024-06-21 12:07:46,174.7263,98.7316,49.0809,7204.165,0.0002295,6085.362544565216,2026-09-24 22:29:17.718515,49008
373,2024-06-21 13:49:15,174.7958,98.7316,48.9547,7204.165,0.0002292,6085.362544565216,2026-09-24 22:29:17.718515,49008
374,2024-06-21 20:35:10,175.074,98.7316,48.4234,7204.165,0.0002283,6085.362544565216,2026-09-24 22:29:17.718515,49008
375,2024-06-21 22:16:39,175.1435,98.7316,48.2731,7204.165,0.0002279,6085.362544565216,2026-09-24 22:29:17.718515,49008
376,2024-06-22 03:21:06,175.3521,98.7316,47.9552,7204.165,0.0002272,6085.362544565216,2026-09-24 22:29:17.718515,49008
377,2024-06-22 13:30:00,175.7692,98.7316,47.1989,7204.165,0.0002257,6085.362544565216,2026-09-24 22:29:17.718515,49008
378,2024-06-22 20:15:56,176.0473,98.7316,46.7183,7204.165,0.0002247,6085.362544565216,2026-09-24 22:29:17.718515,49008
379,2024-06-22 21:57:25,176.1168,98.7316,46.546,7204.165,0.0002244,6085.362544565216,2026-09-24 22:29:17.718515,49008
380,2024-06-23 04:43:21,176.3949,98.7317,46.0658,7204.165,0.0002237,6085.362544565216,2026-09-24 22:29:17.718515,49008
381,2024-06-23 13:10:46,176.7426,98.7317,45.4274,7204.164,0.0002222,6085.361277514351,2026-09-24 22:29:17.718515,49008
382,2024-06-23 21:38:10,177.0902,98.7316,45.0403,7204.164,0.0002199,6085.361277514351,2026-09-24 22:29:17.718515,49008
383,2024-06-24 04:24:06,177.3683,98.7316,44.6204,7204.164,0.0002187,6085.361277514351,2026-09-24 22:29:17.718515,49008
384,2024-06-24 12:51:31,177.7159,98.7316,43.9039,7204.164,0.0002177,6085.361277514351,2026-09-24 22:29:17.718515,49008
385,2024-06-24 14:33:00,177.7854,98.7316,43.7385,7204.164,0.0002175,6085.361277514351,2026-09-24 22:29:17.718515,49008
386,2024-06-24 21:18:56,178.0635,98.7316,43.1378,7204.164,0.0002163,6085.361277514351,2026-09-24 22:29:17.718515,49008
387,2024-06-25 05:46:21,178.4112,98.7316,42.442,7204.164,0.0002154,6085.361277514351,2026-09-24 22:29:17.718515,49008
388,2024-06-25 12:32:16,178.6893,98.7317,41.9516,7204.164,0.0002139,6085.361277514351,2026-09-24 22:29:17.718515,49008
389,2024-06-25 14:13:45,178.7588,98.7316,41.8158,7204.164,0.0002136,6085.361277514351,2026-09-24 22:29:17.718515,49008
390,2024-06-25 20:59:41,179.0369,98.7316,41.3392,7204.1630000000005,0.0002118,6085.360010463573,2026-09-24 22:29:17.718515,49008
391,2024-06-25 22:41:10,179.1064,98.7316,41.1902,7204.1630000000005,0.0002114,6085.360010463573,2026-09-24 22:29:17.718515,49008
392,2024-06-26 03:45:37,179.315,98.7317,40.8386,7204.1630000000005,0.0002106,6085.360010463573,2026-09-24 22:29:17.718515,49008
393,2024-06-26 12:13:02,179.6626,98.7316,40.3676,7204.1630000000005,0.0002084,6085.360010463573,2026-09-24 22:29:17.718515,49008
394,2024-06-26 13:54:31,179.7321,98.7316,40.2431,7204.1630000000005,0.0002081,6085.360010463573,2026-09-24 22:29:17.718515,49008
395,2024-06-26 18:58:58,179.9407,98.7316,39.7895,7204.1630000000005,0.0002076,6085.360010463573,2026-09-24 22:29:17.718515,49008
396,2024-06-26 20:40:27,180.0102,98.7316,39.6453,7204.1630000000005,0.0002072,6085.360010463573,2026-09-24 22:29:17.718515,49008
397,2024-06-27 05:07:52,180.3579,98.7317,38.9415,7204.162,0.0002061,6085.358743412884,2026-09-24 22:29:17.718515,49008
398,2024-06-27 13:35:16,180.7055,98.7317,38.4342,7204.162,0.0002039,6085.358743412884,2026-09-24 22:29:17.718515,49008
399,2024-06-27 20:21:12,180.9837,98.7316,37.9017,7204.162,0.0002028,6085.358743412884,2026-09-24 22:29:17.718515,49008
400,2024-06-27 22:02:41,181.0532,98.7316,37.74,7204.162,0.0002025,6085.358743412884,2026-09-24 22:29:17.718515,49008
401,2024-06-28 04:48:37,181.3313,98.7317,37.2369,7204.161,0.0002019,6085.357476362281,2026-09-24 22:29:17.718515,49008
402,2024-06-28 13:16:02,181.6789,98.7317,36.6174,7204.161,0.0002002,6085.357476362281,2026-09-24 22:29:17.718515,49008
403,2024-06-28 21:43:27,182.0266,98.7317,36.1203,7204.161,0.000198,6085.357476362281,2026-09-24 22:29:17.718515,49008
404,2024-06-29 06:10:51,182.3742,98.7317,35.5036,7204.161,0.0001966,6085.357476362281,2026-09-24 22:29:17.718515,49008
405,2024-06-29 12:56:47,182.6524,98.7317,35.0272,7204.16,0.0001948,6085.356209311768,2026-09-24 22:29:17.718515,49008
406,2024-06-29 14:38:16,182.7219,98.7317,34.9029,7204.16,0.0001944,6085.356209311768,2026-09-24 22:29:17.718515,49008
407,2024-06-29 18:01:14,182.8609,98.7317,34.6643,7204.16,0.0001935,6085.356209311768,2026-09-24 22:29:17.718515,49008
408,2024-06-29 23:05:41,183.0695,98.7317,34.2477,7204.16,0.000192,6085.356209311768,2026-09-24 22:29:17.718515,49008
409,2024-06-30 05:51:37,183.3476,98.7317,33.7619,7204.16,0.0001907,6085.356209311768,2026-09-24 22:29:17.718515,49008
410,2024-06-30 12:37:33,183.6258,98.7317,33.2492,7204.16,0.000189,6085.356209311768,2026-09-24 22:29:17.718515,49008
411,2024-06-30 14:19:01,183.6953,98.7317,33.088,7204.16,0.0001887,6085.356209311768,2026-09-24 22:29:17.718515,49008
412,2024-06-30 21:04:57,183.9734,98.7317,32.4976,7204.16,0.0001872,6085.356209311768,2026-09-24 22:29:17.718515,49008
413,2024-06-30 22:46:26,184.0429,98.7317,32.3427,7204.16,0.0001868,6085.356209311768,2026-09-24 22:29:17.718515,49008
414,2024-07-01 05:32:22,184.321,98.7317,31.9707,7204.159,0.000185,6085.3549422613405,2026-09-24 22:29:17.718515,49008
415,2024-07-01 12:18:18,184.5992,98.7318,31.4234,7204.159,0.0001835,6085.3549422613405,2026-09-24 22:29:17.718515,49008
416,2024-07-01 13:59:47,184.6687,98.7318,31.2681,7204.159,0.0001832,6085.3549422613405,2026-09-24 22:29:17.718515,49008
417,2024-07-01 20:45:43,184.9468,98.7318,30.5709,7204.159,0.0001824,6085.3549422613405,2026-09-24 22:29:17.718515,49008
418,2024-07-02 05:13:07,185.2945,98.7318,29.9008,7204.159,0.0001805,6085.3549422613405,2026-09-24 22:29:17.718515,49008
419,2024-07-02 11:59:03,185.5726,98.7318,29.3297,7204.158,0.000179,6085.353675211004,2026-09-24 22:29:17.718515,49008
420,2024-07-02 13:40:32,185.6421,98.7318,29.1778,7204.158,0.0001787,6085.353675211004,2026-09-24 22:29:17.718515,49008
421,2024-07-02 20:26:28,185.9202,98.7318,28.5287,7204.158,0.0001778,6085.353675211004,2026-09-24 22:29:17.718515,49008
422,2024-07-02 22:07:57,185.9898,98.7318,28.3483,7204.158,0.0001775,6085.353675211004,2026-09-24 22:29:17.718515,49008
423,2024-07-03 04:53:53,186.2679,98.7319,27.8496,7204.158,0.0001764,6085.353675211004,2026-09-24 22:29:17.718515,49008
424,2024-07-03 13:21:18,186.6155,98.7319,27.0897,7204.158,0.0001747,6085.353675211004,2026-09-24 22:29:17.718515,49008
425,2024-07-03 20:07:13,186.8936,98.7319,26.4997,7204.158,0.0001734,6085.353675211004,2026-09-24 22:29:17.718515,49008
426,2024-07-03 21:48:42,186.9632,98.7319,26.3232,7204.158,0.000173,6085.353675211004,2026-09-24 22:29:17.718515,49008
427,2024-07-04 04:34:38,187.2413,98.7319,25.7817,7204.157,0.0001716,6085.352408160754,2026-09-24 22:29:17.718515,49008
428,2024-07-04 13:02:03,187.5889,98.7319,25.0428,7204.157,0.0001698,6085.352408160754,2026-09-24 22:29:17.718515,49008
429,2024-07-04 14:43:32,187.6585,98.7319,24.8925,7204.157,0.0001694,6085.352408160754,2026-09-24 22:29:17.718515,49008
430,2024-07-04 21:29:28,187.9365,98.7319,24.2837,7204.157,0.0001675,6085.352408160754,2026-09-24 22:29:17.718515,49008
431,2024-07-04 23:10:57,188.0061,98.7319,24.1529,7204.157,0.0001669,6085.352408160754,2026-09-24 22:29:17.718515,49008
432,2024-07-05 05:56:52,188.2842,98.7319,23.7981,7204.157,0.0001647,6085.352408160754,2026-09-24 22:29:17.718515,49008
433,2024-07-05 12:42:48,188.5623,98.7319,23.2641,7204.156,0.0001625,6085.351141110591,2026-09-24 22:29:17.718515,49008
434,2024-07-05 14:24:17,188.6318,98.7319,23.0889,7204.156,0.0001622,6085.351141110591,2026-09-24 22:29:17.718515,49008
435,2024-07-05 21:10:13,188.9099,98.7319,22.5345,7204.156,0.0001599,6085.351141110591,2026-09-24 22:29:17.718515,49008
436,2024-07-05 22:51:42,188.9794,98.7319,22.3521,7204.156,0.0001594,6085.351141110591,2026-09-24 22:29:17.718515,49008
437,2024-07-06 05:37:38,189.2576,98.7319,21.8568,7204.156,0.0001581,6085.351141110591,2026-09-24 22:29:17.718515,49008
438,2024-07-06 12:23:34,189.5357,98.7319,21.2051,7204.156,0.0001568,6085.351141110591,2026-09-24 22:29:17.718515,49008
439,2024-07-06 14:05:03,189.6052,98.7319,21.0615,7204.156,0.0001563,6085.351141110591,2026-09-24 22:29:17.718515,49008
440,2024-07-06 20:50:58,189.8833,98.7319,20.4282,7204.156,0.0001551,6085.351141110591,2026-09-24 22:29:17.718515,49008
441,2024-07-06 22:32:27,189.9528,98.7319,20.2376,7204.156,0.0001547,6085.351141110591,2026-09-24 22:29:17.718515,49008
442,2024-07-07 05:18:23,190.231,98.732,19.5809,7204.156,0.0001541,6085.351141110591,2026-09-24 22:29:17.718515,49008
443,2024-07-07 12:04:19,190.5091,98.732,18.9428,7204.155,0.0001528,6085.349874060517,2026-09-24 22:29:17.718515,49008
444,2024-07-07 20:31:44,190.8568,98.732,18.2387,7204.155,0.0001509,6085.349874060517,2026-09-24 22:29:17.718515,49008
445,2024-07-08 03:17:39,191.1349,98.732,17.6667,7204.155,0.0001493,6085.349874060517,2026-09-24 22:29:17.718515,49008
446,2024-07-08 13:26:33,191.5521,98.732,16.7747,7204.155,0.0001472,6085.349874060517,2026-09-24 22:29:17.718515,49008
447,2024-07-08 20:12:29,191.8302,98.732,16.1358,7204.155,0.0001459,6085.349874060517,2026-09-24 22:29:17.718515,49008
448,2024-07-08 21:53:58,191.8997,98.732,15.9797,7204.154,0.0001453,6085.348607010531,2026-09-24 22:29:17.718515,49008
449,2024-07-09 04:39:54,192.1778,98.7321,15.5004,7204.155,0.0001438,6085.349874060517,2026-09-24 22:29:17.718515,49008
450,2024-07-09 13:07:18,192.5255,98.7321,14.8683,7204.154,0.0001407,6085.348607010531,2026-09-24 22:29:17.718515,49008
451,2024-07-09 14:48:47,192.595,98.732,14.7393,7204.154,0.0001403,6085.348607010531,2026-09-24 22:29:17.718515,49008
452,2024-07-09 21:34:43,192.8731,98.732,14.1244,7204.154,0.0001384,6085.348607010531,2026-09-24 22:29:17.718515,49008
453,2024-07-09 23:16:12,192.9426,98.732,13.9203,7204.154,0.0001381,6085.348607010531,2026-09-24 22:29:17.718515,49008
454,2024-07-10 04:20:39,193.1512,98.7321,13.5323,7204.154,0.0001369,6085.348607010531,2026-09-24 22:29:17.718515,49008
455,2024-07-10 12:48:04,193.4988,98.7321,12.7663,7204.154,0.0001344,6085.348607010531,2026-09-24 22:29:17.718515,49008
456,2024-07-10 21:15:28,193.8465,98.7321,11.828,7204.154,0.0001322,6085.348607010531,2026-09-24 22:29:17.718515,49008
457,2024-07-10 22:56:57,193.916,98.7321,11.6121,7204.154,0.0001318,6085.348607010531,2026-09-24 22:29:17.718515,49008
458,2024-07-11 04:01:24,194.1246,98.7321,11.2265,7204.153,0.0001302,6085.347339960632,2026-09-24 22:29:17.718515,49008
459,2024-07-11 14:10:18,194.5418,98.7321,10.1842,7204.153,0.0001278,6085.347339960632,2026-09-24 22:29:17.718515,49008
460,2024-07-11 17:33:16,194.6809,98.7321,9.7694,7204.153,0.000128,6085.347339960632,2026-09-24 22:29:17.718515,49008
461,2024-07-12 03:42:10,195.098,98.7321,8.6514,7204.153,0.0001256,6085.347339960632,2026-09-24 22:29:17.718515,49008
462,2024-07-12 12:09:34,195.4457,98.7322,7.777,7204.153,0.0001232,6085.347339960632,2026-09-24 22:29:17.718515,49008
463,2024-07-12 13:51:03,195.5152,98.7322,7.6057,7204.153,0.0001228,6085.347339960632,2026-09-24 22:29:17.718515,49008
464,2024-07-12 20:36:59,195.7933,98.7322,6.9016,7204.152,0.0001212,6085.346072910822,2026-09-24 22:29:17.718515,49008
465,2024-07-12 22:18:28,195.8629,98.7322,6.6702,7204.152,0.0001208,6085.346072910822,2026-09-24 22:29:17.718515,49008
466,2024-07-13 03:22:55,196.0714,98.7322,6.2269,7204.152,0.0001195,6085.346072910822,2026-09-24 22:29:17.718515,49008
467,2024-07-13 13:31:49,196.4886,98.7323,5.137,7204.152,0.0001175,6085.346072910822,2026-09-24 22:29:17.718515,49008
468,2024-07-13 21:59:13,196.8363,98.7323,4.2091,7204.151,0.0001162,6085.344805861099,2026-09-24 22:29:17.718515,49008
469,2024-07-14 04:45:09,197.1144,98.7323,3.6239,7204.151,0.0001147,6085.344805861099,2026-09-24 22:29:17.718515,49008
470,2024-07-14 13:12:34,197.4621,98.7323,2.5215,7204.151,0.0001123,6085.344805861099,2026-09-24 22:29:17.718515,49008
471,2024-07-14 21:39:58,197.8097,98.7323,1.5606,7204.151,0.0001103,6085.344805861099,2026-09-24 22:29:17.718515,49008
472,2024-07-15 04:25:54,198.0878,98.7324,0.8977,7204.151,0.0001086,6085.344805861099,2026-09-24 22:29:17.718515,49008
473,2024-07-15 12:53:19,198.4355,98.7324,359.8927,7204.15,0.0001064,6085.343538811464,2026-09-24 22:29:17.718515,49008
474,2024-07-15 14:34:48,198.505,98.7324,359.6772,7204.15,0.000106,6085.343538811464,2026-09-24 22:29:17.718515,49008
475,2024-07-15 21:20:44,198.7831,98.7324,358.7523,7204.15,0.0001034,6085.343538811464,2026-09-24 22:29:17.718515,49008
476,2024-07-15 23:02:13,198.8527,98.7324,358.4779,7204.15,0.0001032,6085.343538811464,2026-09-24 22:29:17.718515,49008
477,2024-07-16 05:48:08,199.1308,98.7324,357.7394,7204.15,0.0001009,6085.343538811464,2026-09-24 22:29:17.718515,49008
478,2024-07-16 12:34:04,199.4089,98.7324,356.8206,7204.15,9.86e-05,6085.343538811464,2026-09-24 22:29:17.718515,49008
479,2024-07-16 14:15:33,199.4785,98.7324,356.5765,7204.15,9.8e-05,6085.343538811464,2026-09-24 22:29:17.718515,49008
480,2024-07-16 21:01:29,199.7566,98.7324,355.5161,7204.149,9.62e-05,6085.342271761919,2026-09-24 22:29:17.718515,49008
481,2024-07-16 22:42:58,199.8261,98.7324,355.2282,7204.149,9.57e-05,6085.342271761919,2026-09-24 22:29:17.718515,49008
482,2024-07-17 05:28:54,200.1042,98.7325,354.4858,7204.149,9.34e-05,6085.342271761919,2026-09-24 22:29:17.718515,49008
483,2024-07-17 12:14:49,200.3824,98.7325,353.5159,7204.148,9.27e-05,6085.341004712459,2026-09-24 22:29:17.718515,49008
484,2024-07-17 13:56:18,200.4519,98.7325,353.2927,7204.148,9.21e-05,6085.341004712459,2026-09-24 22:29:17.718515,49008
485,2024-07-17 20:42:14,200.7301,98.7325,352.3771,7204.148,9.05e-05,6085.341004712459,2026-09-24 22:29:17.718515,49008
486,2024-07-17 22:23:43,200.7996,98.7325,352.1016,7204.148,9.02e-05,6085.341004712459,2026-09-24 22:29:17.718515,49008
487,2024-07-18 05:09:39,201.0777,98.7326,351.3287,7204.148,8.96e-05,6085.341004712459,2026-09-24 22:29:17.718515,49008
488,2024-07-18 13:37:04,201.4254,98.7326,350.2082,7204.147,8.75e-05,6085.339737663088,2026-09-24 22:29:17.718515,49008
489,2024-07-18 20:22:59,201.7036,98.7326,349.1918,7204.147,8.63e-05,6085.339737663088,2026-09-24 22:29:17.718515,49008
490,2024-07-18 22:04:28,201.7731,98.7326,348.8883,7204.147,8.6e-05,6085.339737663088,2026-09-24 22:29:17.718515,49008
491,2024-07-19 04:50:24,202.0512,98.7327,348.1224,7204.147,8.45e-05,6085.339737663088,2026-09-24 22:29:17.718515,49008
492,2024-07-19 13:17:49,202.3989,98.7327,346.9296,7204.147,8.26e-05,6085.339737663088,2026-09-24 22:29:17.718515,49008
493,2024-07-19 21:45:13,202.7466,98.7327,345.4373,7204.146,8.06e-05,6085.338470613805,2026-09-24 22:29:17.718515,49008
494,2024-07-20 06:12:38,203.0942,98.7327,344.2633,7204.146,7.82e-05,6085.338470613805,2026-09-24 22:29:17.718515,49008
495,2024-07-20 12:58:34,203.3724,98.7327,342.9936,7204.146,7.67e-05,6085.338470613805,2026-09-24 22:29:17.718515,49008
496,2024-07-20 14:40:03,203.4419,98.7327,342.6916,7204.146,7.63e-05,6085.338470613805,2026-09-24 22:29:17.718515,49008
497,2024-07-20 21:25:59,203.72,98.7327,341.2131,7204.145,7.4e-05,6085.337203564612,2026-09-24 22:29:17.718515,49008
498,2024-07-21 05:53:23,204.0677,98.7328,339.6945,7204.145,7.18e-05,6085.337203564612,2026-09-24 22:29:17.718515,49008
499,2024-07-21 12:39:19,204.3459,98.7328,338.1726,7204.144,7.01e-05,6085.335936515505,2026-09-24 22:29:17.718515,49008
500,2024-07-21 14:20:48,204.4154,98.7328,337.8296,7204.144,6.99e-05,6085.335936515505,2026-09-24 22:29:17.718515,49008
501,2024-07-21 21:06:44,204.6935,98.7328,336.0515,7204.144,6.81e-05,6085.335936515505,2026-09-24 22:29:17.718515,49008
502,2024-07-22 03:52:39,204.9717,98.7328,334.6892,7204.144,6.65e-05,6085.335936515505,2026-09-24 22:29:17.718515,49008
503,2024-07-22 10:38:35,205.2498,98.7329,333.1421,7204.144,6.47e-05,6085.335936515505,2026-09-24 22:29:17.718515,49008
504,2024-07-22 14:01:33,205.3889,98.7329,332.2906,7204.144,6.38e-05,6085.335936515505,2026-09-24 22:29:17.718515,49008
505,2024-07-22 19:06:00,205.5975,98.7329,331.0776,7204.143,6.26e-05,6085.334669466484,2026-09-24 22:29:17.718515,49008
506,2024-07-22 22:28:58,205.7366,98.7329,330.1008,7204.143,6.18e-05,6085.334669466484,2026-09-24 22:29:17.718515,49008
507,2024-07-23 03:33:25,205.9452,98.7329,329.2511,7204.143,6.08e-05,6085.334669466484,2026-09-24 22:29:17.718515,49008
508,2024-07-23 13:42:18,206.3624,98.733,327.4905,7204.143,5.93e-05,6085.334669466484,2026-09-24 22:29:17.718515,49008
509,2024-07-23 20:28:14,206.6405,98.7329,326.4262,7204.143,5.88e-05,6085.334669466484,2026-09-24 22:29:17.718515,49008
510,2024-07-23 22:09:43,206.71,98.733,326.0814,7204.143,5.88e-05,6085.334669466484,2026-09-24 22:29:17.718515,49008
511,2024-07-24 04:55:39,206.9882,98.733,324.4383,7204.142,5.71e-05,6085.333402417553,2026-09-24 22:29:17.718515,49008
512,2024-07-24 11:41:34,207.2664,98.733,322.4733,7204.142,5.51e-05,6085.333402417553,2026-09-24 22:29:17.718515,49008
513,2024-07-24 13:23:03,207.3359,98.733,321.958,7204.142,5.47e-05,6085.333402417553,2026-09-24 22:29:17.718515,49008
514,2024-07-24 18:27:30,207.5445,98.733,320.3482,7204.142,5.32e-05,6085.333402417553,2026-09-24 22:29:17.718515,49008
515,2024-07-24 21:50:28,207.6836,98.733,319.7845,7204.142,5.33e-05,6085.333402417553,2026-09-24 22:29:17.718515,49008
516,2024-07-25 04:36:24,207.9617,98.7331,319.0258,7204.142,5.28e-05,6085.333402417553,2026-09-24 22:29:17.718515,49008
517,2024-07-25 06:17:53,208.0313,98.7331,318.6803,7204.142,5.25e-05,6085.333402417553,2026-09-24 22:29:17.718515,49008
518,2024-07-25 13:03:48,208.3094,98.7331,316.5263,7204.142,5.15e-05,6085.333402417553,2026-09-24 22:29:17.718515,49008
519,2024-07-25 19:49:44,208.5876,98.7331,314.1054,7204.142,5e-05,6085.333402417553,2026-09-24 22:29:17.718515,49008
520,2024-07-25 21:31:13,208.6571,98.7331,313.7144,7204.142,5e-05,6085.333402417553,2026-09-24 22:29:17.718515,49008
521,2024-07-26 04:17:09,208.9353,98.7331,310.9776,7204.141,4.83e-05,6085.33213536871,2026-09-24 22:29:17.718515,49008
522,2024-07-26 12:44:33,209.283,98.7331,307.3099,7204.141,4.67e-05,6085.33213536871,2026-09-24 22:29:17.718515,49008
523,2024-07-26 12:44:33,209.283,98.7331,307.423,7204.141,4.67e-05,6085.33213536871,2026-09-24 22:29:17.718515,49008
524,2024-07-26 21:11:58,209.6307,98.7331,303.0189,7204.141,4.51e-05,6085.33213536871,2026-09-24 22:29:17.718515,49008
525,2024-07-26 22:53:27,209.7002,98.7331,302.2177,7204.141,4.49e-05,6085.33213536871,2026-09-24 22:29:17.718515,49008
526,2024-07-27 05:39:23,209.9784,98.7332,299.958,7204.141,4.4e-05,6085.33213536871,2026-09-24 22:29:17.718515,49008
527,2024-07-27 05:39:23,209.9784,98.7332,299.5939,7204.141,4.38e-05,6085.33213536871,2026-09-24 22:29:17.718515,49008
528,2024-07-27 10:43:50,210.187,98.7332,297.6895,7204.141,4.32e-05,6085.33213536871,2026-09-24 22:29:17.718515,49008
529,2024-07-27 12:25:18,210.2565,98.7332,296.8488,7204.141,4.31e-05,6085.33213536871,2026-09-24 22:29:17.718515,49008
530,2024-07-27 22:34:12,210.6738,98.7332,291.8877,7204.14,4.22e-05,6085.330868319956,2026-09-24 22:29:17.718515,49008
531,2024-07-28 03:38:39,210.8824,98.7333,289.9947,7204.14,4.17e-05,6085.330868319956,2026-09-24 22:29:17.718515,49008
532,2024-07-28 12:06:03,211.2301,98.7333,286.8689,7204.14,4.11e-05,6085.330868319956,2026-09-24 22:29:17.718515,49008
533,2024-07-28 20:33:28,211.5778,98.7333,283.2481,7204.14,4.06e-05,6085.330868319956,2026-09-24 22:29:17.718515,49008
534,2024-07-28 22:14:57,211.6474,98.7333,282.5764,7204.139,4.06e-05,6085.329601271288,2026-09-24 22:29:17.718515,49008
535,2024-07-29 05:00:53,211.9255,98.7334,279.5329,7204.139,3.99e-05,6085.329601271288,2026-09-24 22:29:17.718515,49008
536,2024-07-29 13:28:17,212.2732,98.7334,275.9166,7204.139,3.95e-05,6085.329601271288,2026-09-24 22:29:17.718515,49008
537,2024-07-29 21:55:42,212.6209,98.7334,271.7225,7204.139,3.93e-05,6085.329601271288,2026-09-24 22:29:17.718515,49008
538,2024-07-30 04:41:38,212.8991,98.7335,268.3599,7204.138,3.89e-05,6085.328334222709,2026-09-24 22:29:17.718515,49008
539,2024-07-30 13:09:03,213.2468,98.7335,263.3794,7204.138,3.91e-05,6085.328334222709,2026-09-24 22:29:17.718515,49008
540,2024-07-30 13:09:03,213.2468,98.7335,263.3947,7204.138,3.9e-05,6085.328334222709,2026-09-24 22:29:17.718515,49008
541,2024-07-30 21:36:27,213.5945,98.7335,259.6725,7204.138,3.94e-05,6085.328334222709,2026-09-24 22:29:17.718515,49008
542,2024-07-30 23:17:56,213.664,98.7335,258.798,7204.138,3.96e-05,6085.328334222709,2026-09-24 22:29:17.718515,49008
543,2024-07-31 12:49:48,214.2203,98.7336,252.0394,7204.138,4.04e-05,6085.328334222709,2026-09-24 22:29:17.718515,49008
544,2024-07-31 14:31:16,214.2899,98.7336,251.2746,7204.138,4.05e-05,6085.328334222709,2026-09-24 22:29:17.718515,49008
545,2024-07-31 21:17:12,214.568,98.7336,248.7665,7204.137,4.11e-05,6085.3270671742175,2026-09-24 22:29:17.718515,49008
546,2024-07-31 22:58:41,214.6376,98.7336,247.9002,7204.137,4.14e-05,6085.3270671742175,2026-09-24 22:29:17.718515,49008
547,2024-08-01 05:44:37,214.9157,98.7336,245.43,7204.137,4.18e-05,6085.3270671742175,2026-09-24 22:29:17.718515,49008
548,2024-08-01 12:30:33,215.1939,98.7336,241.6503,7204.137,4.29e-05,6085.3270671742175,2026-09-24 22:29:17.718515,49008
549,2024-08-01 20:57:57,215.5416,98.7337,238.7974,7204.137,4.41e-05,6085.3270671742175,2026-09-24 22:29:17.718515,49008
550,2024-08-01 22:39:26,215.6111,98.7337,238.3127,7204.137,4.44e-05,6085.3270671742175,2026-09-24 22:29:17.718515,49008
551,2024-08-02 03:43:53,215.8198,98.7337,235.9991,7204.136,4.5e-05,6085.325800125815,2026-09-24 22:29:17.718515,49008
552,2024-08-02 12:11:18,216.1675,98.7337,233.4172,7204.136,4.59e-05,6085.325800125815,2026-09-24 22:29:17.718515,49008
553,2024-08-02 13:52:46,216.237,98.7337,232.7708,7204.136,4.62e-05,6085.325800125815,2026-09-24 22:29:17.718515,49008
554,2024-08-02 20:38:42,216.5152,98.7337,230.4276,7204.136,4.71e-05,6085.325800125815,2026-09-24 22:29:17.718515,49008
555,2024-08-02 22:20:11,216.5847,98.7337,230.0832,7204.136,4.74e-05,6085.325800125815,2026-09-24 22:29:17.718515,49008
556,2024-08-03 05:06:07,216.8629,98.7338,227.638,7204.136,4.83e-05,6085.325800125815,2026-09-24 22:29:17.718515,49008
557,2024-08-03 13:33:31,217.2106,98.7338,224.8739,7204.135,4.94e-05,6085.324533077499,2026-09-24 22:29:17.718515,49008
558,2024-08-03 20:19:27,217.4888,98.7338,222.612,7204.135,5.06e-05,6085.324533077499,2026-09-24 22:29:17.718515,49008
559,2024-08-03 22:00:56,217.5583,98.7338,222.1963,7204.135,5.09e-05,6085.324533077499,2026-09-24 22:29:17.718515,49008
560,2024-08-04 03:05:23,217.7669,98.7338,220.5364,7204.135,5.16e-05,6085.324533077499,2026-09-24 22:29:17.718515,49008
561,2024-08-04 13:14:16,218.1842,98.7339,217.8639,7204.134,5.31e-05,6085.323266029271,2026-09-24 22:29:17.718515,49008
562,2024-08-04 14:55:45,218.2537,98.7339,217.3286,7204.134,5.34e-05,6085.323266029271,2026-09-24 22:29:17.718515,49008
563,2024-08-04 21:41:41,218.5319,98.7339,215.0363,7204.133,5.53e-05,6085.321998981131,2026-09-24 22:29:17.718515,49008
564,2024-08-04 23:23:10,218.6014,98.7339,214.5278,7204.133,5.57e-05,6085.321998981131,2026-09-24 22:29:17.718515,49008
565,2024-08-05 04:27:37,218.8101,98.7339,213.0835,7204.134,5.64e-05,6085.323266029271,2026-09-24 22:29:17.718515,49008
566,2024-08-05 12:55:01,219.1578,98.7339,210.8389,7204.134,5.84e-05,6085.323266029271,2026-09-24 22:29:17.718515,49008
567,2024-08-05 21:22:26,219.5055,98.734,208.5861,7204.133,6.08e-05,6085.321998981131,2026-09-24 22:29:17.718515,49008
568,2024-08-05 23:03:55,219.575,98.7339,208.4492,7204.133,6.1e-05,6085.321998981131,2026-09-24 22:29:17.718515,49008
569,2024-08-06 05:49:51,219.8532,98.734,206.8192,7204.133,6.23e-05,6085.321998981131,2026-09-24 22:29:17.718515,49008
570,2024-08-06 12:35:46,220.1314,98.734,205.4392,7204.133,6.4e-05,6085.321998981131,2026-09-24 22:29:17.718515,49008
571,2024-08-06 14:17:15,220.201,98.734,205.1622,7204.133,6.43e-05,6085.321998981131,2026-09-24 22:29:17.718515,49008
572,2024-08-06 21:03:11,220.4791,98.734,204.0908,7204.133,6.57e-05,6085.321998981131,2026-09-24 22:29:17.718515,49008
573,2024-08-06 22:44:40,220.5486,98.734,203.8238,7204.133,6.64e-05,6085.321998981131,2026-09-24 22:29:17.718515,49008
574,2024-08-07 02:07:38,220.6877,98.734,203.0839,7204.132,6.74e-05,6085.3207319330795,2026-09-24 22:29:17.718515,49008
575,2024-08-07 12:16:31,221.105,98.7341,201.0306,7204.132,6.97e-05,6085.3207319330795,2026-09-24 22:29:17.718515,49008
576,2024-08-07 13:58:00,221.1745,98.7341,200.6857,7204.132,7.02e-05,6085.3207319330795,2026-09-24 22:29:17.718515,49008
577,2024-08-07 20:43:56,221.4527,98.7341,199.4723,7204.132,7.16e-05,6085.3207319330795,2026-09-24 22:29:17.718515,49008
578,2024-08-08 13:38:45,222.1482,98.7342,196.3577,7204.131,7.57e-05,6085.319464885116,2026-09-24 22:29:17.718515,49008
579,2024-08-08 22:06:10,222.4959,98.7342,194.9906,7204.13,7.76e-05,6085.31819783724,2026-09-24 22:29:17.718515,49008
580,2024-08-09 04:52:05,222.7741,98.7343,193.6827,7204.129,7.91e-05,6085.316930789452,2026-09-24 22:29:17.718515,49008
581,2024-08-09 11:38:01,223.0522,98.7343,192.5907,7204.129,8.06e-05,6085.316930789452,2026-09-24 22:29:17.718515,49008
582,2024-08-09 13:19:30,223.1218,98.7343,192.3679,7204.129,8.1e-05,6085.316930789452,2026-09-24 22:29:17.718515,49008
583,2024-08-09 20:05:26,223.3999,98.7343,191.3621,7204.128,8.24e-05,6085.315663741752,2026-09-24 22:29:17.718515,49008
584,2024-08-09 21:46:54,223.4695,98.7343,191.1841,7204.128,8.28e-05,6085.315663741752,2026-09-24 22:29:17.718515,49008
585,2024-08-10 04:32:50,223.7477,98.7344,190.0177,7204.129,8.43e-05,6085.316930789452,2026-09-24 22:29:17.718515,49008
586,2024-08-10 13:00:15,224.0954,98.7344,188.8665,7204.128,8.63e-05,6085.315663741752,2026-09-24 22:29:17.718515,49008
587,2024-08-10 14:41:44,224.1649,98.7344,188.6478,7204.128,8.66e-05,6085.315663741752,2026-09-24 22:29:17.718515,49008
588,2024-08-10 21:27:39,224.4431,98.7344,187.7536,7204.127,8.83e-05,6085.314396694141,2026-09-24 22:29:17.718515,49008
589,2024-08-10 23:09:08,224.5126,98.7344,187.5797,7204.127,8.89e-05,6085.314396694141,2026-09-24 22:29:17.718515,49008
590,2024-08-11 02:32:06,224.6517,98.7344,186.9337,7204.127,9.03e-05,6085.314396694141,2026-09-24 22:29:17.718515,49008
591,2024-08-11 12:41:00,225.0689,98.7345,185.3945,7204.126,9.47e-05,6085.313129646616,2026-09-24 22:29:17.718515,49008
592,2024-08-11 21:08:24,225.4167,98.7345,184.3184,7204.125,9.76e-05,6085.31186259918,2026-09-24 22:29:17.718515,49008
593,2024-08-11 22:49:53,225.4862,98.7345,184.1394,7204.125,9.85e-05,6085.31186259918,2026-09-24 22:29:17.718515,49008
594,2024-08-12 05:35:49,225.7644,98.7345,183.0544,7204.125,0.0001001,6085.31186259918,2026-09-24 22:29:17.718515,49008
595,2024-08-12 12:21:44,226.0426,98.7346,182.1145,7204.123,0.0001026,6085.309328504571,2026-09-24 22:29:17.718515,49008
596,2024-08-12 14:03:13,226.1122,98.7346,181.9074,7204.123,0.0001029,6085.309328504571,2026-09-24 22:29:17.718515,49008
597,2024-08-12 20:49:09,226.3904,98.7346,181.1393,7204.121,0.0001038,6085.306794410315,2026-09-24 22:29:17.718515,49008
598,2024-08-12 22:30:38,226.4599,98.7346,180.9364,7204.12,0.0001042,6085.305527363318,2026-09-24 22:29:17.718515,49008
599,2024-08-13 05:16:33,226.7381,98.7347,179.9255,7204.123,0.0001057,6085.309328504571,2026-09-24 22:29:17.718515,49008
600,2024-08-13 12:02:29,227.0163,98.7347,179.099,7204.122,0.0001062,6085.3080614574,2026-09-24 22:29:17.718515,49008
601,2024-08-13 13:43:58,227.0859,98.7347,178.879,7204.122,0.0001066,6085.3080614574,2026-09-24 22:29:17.718515,49008
602,2024-08-13 20:29:54,227.3641,98.7347,177.9544,7204.122,0.0001076,6085.3080614574,2026-09-24 22:29:17.718515,49008
603,2024-08-16 21:13:37,230.3547,98.735,170.2041,7204.116,0.0001244,6085.300459176212,2026-09-24 22:29:17.718515,49008
604,2024-08-17 05:41:01,230.7024,98.7351,169.3381,7204.116,0.0001265,6085.300459176212,2026-09-24 22:29:17.718515,49008
605,2024-08-17 12:26:57,230.9806,98.7351,168.8099,7204.115,0.0001293,6085.299192129655,2026-09-24 22:29:17.718515,49008
606,2024-08-17 12:26:57,230.9806,98.7351,168.7878,7204.115,0.0001288,6085.299192129655,2026-09-24 22:29:17.718515,49008
607,2024-08-17 19:12:52,231.2588,98.7351,168.2046,7204.115,0.0001312,6085.299192129655,2026-09-24 22:29:17.718515,49008
608,2024-08-17 20:54:21,231.3284,98.7351,168.0852,7204.115,0.0001318,6085.299192129655,2026-09-24 22:29:17.718515,49008
609,2024-08-18 03:40:17,231.6066,98.7352,167.4169,7204.114,0.0001336,6085.297925083187,2026-09-24 22:29:17.718515,49008
610,2024-08-18 05:21:46,231.6761,98.7352,167.1886,7204.114,0.0001338,6085.297925083187,2026-09-24 22:29:17.718515,49008
611,2024-08-18 12:07:41,231.9543,98.7352,166.5937,7204.114,0.0001351,6085.297925083187,2026-09-24 22:29:17.718515,49008
612,2024-08-18 20:35:06,232.3021,98.7352,165.7518,7204.114,0.0001371,6085.297925083187,2026-09-24 22:29:17.718515,49008
613,2024-08-18 22:16:35,232.3716,98.7352,165.6309,7204.113,0.0001375,6085.296658036807,2026-09-24 22:29:17.718515,49008
614,2024-08-19 03:21:01,232.5803,98.7352,165.0596,7204.113,0.0001387,6085.296658036807,2026-09-24 22:29:17.718515,49008
615,2024-08-19 11:48:26,232.9281,98.7353,164.0777,7204.113,0.0001391,6085.296658036807,2026-09-24 22:29:17.718515,49008
616,2024-08-19 13:29:55,232.9976,98.7353,163.8929,7204.113,0.0001394,6085.296658036807,2026-09-24 22:29:17.718515,49008
617,2024-08-19 20:15:50,233.2758,98.7353,163.2768,7204.112,0.000141,6085.295390990514,2026-09-24 22:29:17.718515,49008
618,2024-08-20 04:43:15,233.6236,98.7353,162.3781,7204.111,0.0001433,6085.294123944308,2026-09-24 22:29:17.718515,49008
619,2024-08-20 13:10:39,233.9714,98.7354,161.5672,7204.111,0.0001449,6085.294123944308,2026-09-24 22:29:17.718515,49008
620,2024-08-20 14:52:08,234.0409,98.7354,161.3955,7204.111,0.0001453,6085.294123944308,2026-09-24 22:29:17.718515,49008
621,2024-08-20 19:56:35,234.2496,98.7354,160.9481,7204.111,0.0001463,6085.294123944308,2026-09-24 22:29:17.718515,49008
622,2024-08-21 04:23:59,234.5973,98.7354,160.1832,7204.11,0.0001486,6085.2928568981915,2026-09-24 22:29:17.718515,49008
623,2024-08-21 12:51:24,234.9451,98.7354,159.5848,7204.11,0.0001513,6085.2928568981915,2026-09-24 22:29:17.718515,49008
624,2024-08-21 14:32:53,235.0147,98.7354,159.4618,7204.11,0.0001519,6085.2928568981915,2026-09-24 22:29:17.718515,49008
625,2024-08-21 23:00:17,235.3624,98.7355,158.8649,7204.109,0.0001541,6085.291589852162,2026-09-24 22:29:17.718515,49008
626,2024-08-22 05:46:13,235.6406,98.7355,158.2246,7204.109,0.0001558,6085.291589852162,2026-09-24 22:29:17.718515,49008
627,2024-08-22 14:13:37,235.9884,98.7355,157.5244,7204.109,0.0001576,6085.291589852162,2026-09-24 22:29:17.718515,49008
628,2024-08-22 17:36:35,236.1275,98.7355,157.273,7204.109,0.0001584,6085.291589852162,2026-09-24 22:29:17.718515,49008
629,2024-08-22 20:59:33,236.2667,98.7355,157.0411,7204.108,0.0001587,6085.290322806221,2026-09-24 22:29:17.718515,49008
630,2024-08-22 22:41:02,236.3362,98.7355,156.9407,7204.108,0.0001592,6085.290322806221,2026-09-24 22:29:17.718515,49008
631,2024-08-23 05:26:57,236.6144,98.7356,156.1954,7204.108,0.0001605,6085.290322806221,2026-09-24 22:29:17.718515,49008
632,2024-08-23 12:12:53,236.8927,98.7356,155.5531,7204.108,0.0001615,6085.290322806221,2026-09-24 22:29:17.718515,49008
633,2024-08-23 13:54:22,236.9622,98.7356,155.3967,7204.108,0.0001618,6085.290322806221,2026-09-24 22:29:17.718515,49008
634,2024-08-23 17:17:20,237.1014,98.7356,155.1163,7204.108,0.0001625,6085.290322806221,2026-09-24 22:29:17.718515,49008
635,2024-08-24 05:07:42,237.5883,98.7357,154.1052,7204.107,0.000165,6085.289055760369,2026-09-24 22:29:17.718515,49008
636,2024-08-24 11:53:37,237.8665,98.7357,153.5171,7204.107,0.0001665,6085.289055760369,2026-09-24 22:29:17.718515,49008
637,2024-08-24 13:35:06,237.936,98.7357,153.3712,7204.107,0.0001669,6085.289055760369,2026-09-24 22:29:17.718515,49008
638,2024-08-24 20:21:02,238.2143,98.7357,152.8142,7204.107,0.0001685,6085.289055760369,2026-09-24 22:29:17.718515,49008
639,2024-08-24 22:02:31,238.2838,98.7357,152.6906,7204.107,0.0001687,6085.289055760369,2026-09-24 22:29:17.718515,49008
640,2024-08-25 04:48:26,238.562,98.7358,151.9982,7204.106,0.0001701,6085.287788714601,2026-09-24 22:29:17.718515,49008
641,2024-08-25 11:34:22,238.8403,98.7358,151.4252,7204.106,0.0001715,6085.287788714601,2026-09-24 22:29:17.718515,49008
642,2024-08-25 14:57:20,238.9794,98.7358,151.1298,7204.106,0.0001722,6085.287788714601,2026-09-24 22:29:17.718515,49008
643,2024-08-25 20:01:46,239.188,98.7358,150.7201,7204.106,0.0001732,6085.287788714601,2026-09-24 22:29:17.718515,49008
644,2024-08-25 21:43:15,239.2576,98.7359,150.6341,7204.106,0.0001737,6085.287788714601,2026-09-24 22:29:17.718515,49008
645,2024-08-26 06:10:40,239.6054,98.7359,149.9088,7204.106,0.0001758,6085.287788714601,2026-09-24 22:29:17.718515,49008
646,2024-08-26 11:15:06,239.8141,98.7359,149.5782,7204.105,0.0001773,6085.286521668925,2026-09-24 22:29:17.718515,49008
647,2024-08-26 12:56:35,239.8836,98.7359,149.4539,7204.105,0.0001777,6085.286521668925,2026-09-24 22:29:17.718515,49008
648,2024-08-26 21:24:00,240.2314,98.736,148.8907,7204.105,0.0001793,6085.286521668925,2026-09-24 22:29:17.718515,49008
649,2024-08-26 23:05:29,240.3009,98.736,148.781,7204.105,0.0001795,6085.286521668925,2026-09-24 22:29:17.718515,49008
650,2024-08-27 05:51:24,240.5792,98.736,148.2129,7204.105,0.0001814,6085.286521668925,2026-09-24 22:29:17.718515,49008
651,2024-08-27 10:55:51,240.7878,98.736,147.9702,7204.104,0.0001833,6085.285254623336,2026-09-24 22:29:17.718515,49008
652,2024-08-27 12:37:20,240.8574,98.736,147.8627,7204.104,0.0001838,6085.285254623336,2026-09-24 22:29:17.718515,49008
653,2024-08-27 21:04:44,241.2052,98.7361,147.1767,7204.104,0.0001845,6085.285254623336,2026-09-24 22:29:17.718515,49008
654,2024-08-27 22:46:13,241.2747,98.7361,147.0694,7204.104,0.0001846,6085.285254623336,2026-09-24 22:29:17.718515,49008
655,2024-08-28 05:32:08,241.553,98.7361,146.5681,7204.103,0.0001866,6085.2839875778345,2026-09-24 22:29:17.718515,49008
656,2024-08-28 12:18:04,241.8312,98.7361,146.156,7204.103,0.0001884,6085.2839875778345,2026-09-24 22:29:17.718515,49008
657,2024-08-28 19:04:00,242.1094,98.7362,145.61,7204.102,0.0001896,6085.282720532421,2026-09-24 22:29:17.718515,49008
658,2024-08-28 20:45:28,242.179,98.7362,145.4832,7204.102,0.0001899,6085.282720532421,2026-09-24 22:29:17.718515,49008
659,2024-08-29 03:31:24,242.4572,98.7362,144.9283,7204.102,0.0001913,6085.282720532421,2026-09-24 22:29:17.718515,49008
660,2024-08-29 11:58:48,242.805,98.7363,144.2462,7204.101,0.0001932,6085.281453487095,2026-09-24 22:29:17.718515,49008
661,2024-08-29 20:26:13,243.1528,98.7363,143.5657,7204.101,0.0001949,6085.281453487095,2026-09-24 22:29:17.718515,49008
662,2024-08-29 22:07:42,243.2223,98.7363,143.4637,7204.101,0.0001954,6085.281453487095,2026-09-24 22:29:17.718515,49008
663,2024-08-30 04:53:37,243.5006,98.7363,142.7298,7204.101,0.0001962,6085.281453487095,2026-09-24 22:29:17.718515,49008
664,2024-08-30 11:39:33,243.7788,98.7363,142.1966,7204.1,0.0001976,6085.280186441859,2026-09-24 22:29:17.718515,49008
665,2024-08-30 13:21:02,243.8484,98.7363,142.0362,7204.1,0.0001979,6085.280186441859,2026-09-24 22:29:17.718515,49008
666,2024-08-30 20:06:57,244.1266,98.7363,141.5245,7204.1,0.0001992,6085.280186441859,2026-09-24 22:29:17.718515,49008
667,2024-08-30 21:48:26,244.1962,98.7364,141.3589,7204.1,0.0001993,6085.280186441859,2026-09-24 22:29:17.718515,49008
668,2024-08-31 06:15:50,244.544,98.7364,140.6834,7204.098,0.0002013,6085.277652351646,2026-09-24 22:29:17.718515,49008
669,2024-08-31 11:20:17,244.7526,98.7364,140.3496,7204.099,0.0002025,6085.278919396708,2026-09-24 22:29:17.718515,49008
670,2024-08-31 13:01:46,244.8222,98.7364,140.2288,7204.099,0.0002029,6085.278919396708,2026-09-24 22:29:17.718515,49008
671,2024-08-31 21:29:10,245.17,98.7364,139.5065,7204.099,0.0002038,6085.278919396708,2026-09-24 22:29:17.718515,49008
672,2024-09-01 04:15:06,245.4482,98.7364,139.0194,7204.098,0.0002055,6085.277652351646,2026-09-24 22:29:17.718515,49008
673,2024-09-01 12:42:30,245.796,98.7364,138.368,7204.098,0.0002066,6085.277652351646,2026-09-24 22:29:17.718515,49008
674,2024-09-01 14:23:59,245.8656,98.7364,138.2382,7204.098,0.0002067,6085.277652351646,2026-09-24 22:29:17.718515,49008
675,2024-09-01 21:09:55,246.1438,98.7364,137.8333,7204.097,0.0002078,6085.276385306672,2026-09-24 22:29:17.718515,49008
676,2024-09-01 22:51:24,246.2134,98.7364,137.7193,7204.097,0.000208,6085.276385306672,2026-09-24 22:29:17.718515,49008
677,2024-09-02 12:23:15,246.7699,98.7365,136.7288,7204.096,0.0002105,6085.275118261786,2026-09-24 22:29:17.718515,49008
678,2024-09-02 14:04:44,246.8394,98.7365,136.628,7204.096,0.0002109,6085.275118261786,2026-09-24 22:29:17.718515,49008
679,2024-09-02 20:50:39,247.1176,98.7365,136.188,7204.096,0.000212,6085.275118261786,2026-09-24 22:29:17.718515,49008
680,2024-09-02 22:32:08,247.1872,98.7365,136.0683,7204.095,0.0002121,6085.273851216989,2026-09-24 22:29:17.718515,49008
681,2024-09-03 05:18:03,247.4654,98.7365,135.524,7204.095,0.0002134,6085.273851216989,2026-09-24 22:29:17.718515,49008
682,2024-09-03 12:03:59,247.7437,98.7365,135.0274,7204.094,0.0002147,6085.272584172279,2026-09-24 22:29:17.718515,49008
683,2024-09-03 13:45:28,247.8132,98.7365,134.9132,7204.094,0.000215,6085.272584172279,2026-09-24 22:29:17.718515,49008
684,2024-09-03 17:08:26,247.9523,98.7365,134.6776,7204.094,0.0002156,6085.272584172279,2026-09-24 22:29:17.718515,49008
685,2024-09-03 22:12:52,248.161,98.7365,134.2713,7204.094,0.0002162,6085.272584172279,2026-09-24 22:29:17.718515,49008
686,2024-09-04 13:26:12,248.7871,98.7366,133.0197,7204.092,0.0002187,6085.270050083122,2026-09-24 22:29:17.718515,49008
687,2024-09-04 16:49:10,248.9262,98.7366,132.7187,7204.092,0.0002191,6085.270050083122,2026-09-24 22:29:17.718515,49008
688,2024-09-05 04:39:32,249.4131,98.7366,131.8379,7204.092,0.0002214,6085.270050083122,2026-09-24 22:29:17.718515,49008
689,2024-09-05 06:21:01,249.4827,98.7366,131.661,7204.092,0.0002215,6085.270050083122,2026-09-24 22:29:17.718515,49008
690,2024-09-05 13:06:56,249.7609,98.7367,131.119,7204.091,0.0002223,6085.268783038677,2026-09-24 22:29:17.718515,49008
691,2024-09-05 21:34:21,250.1087,98.7367,130.5415,7204.091,0.0002236,6085.268783038677,2026-09-24 22:29:17.718515,49008
692,2024-09-06 04:20:16,250.3869,98.7367,130.0299,7204.09,0.0002247,6085.267515994318,2026-09-24 22:29:17.718515,49008
693,2024-09-06 12:47:40,250.7347,98.7367,129.4556,7204.09,0.0002259,6085.267515994318,2026-09-24 22:29:17.718515,49008
694,2024-09-06 14:29:09,250.8042,98.7367,129.3069,7204.09,0.000226,6085.267515994318,2026-09-24 22:29:17.718515,49008
695,2024-09-06 21:15:05,251.0825,98.7367,129.0382,7204.089,0.0002276,6085.266248950047,2026-09-24 22:29:17.718515,49008
696,2024-09-07 05:42:29,251.4303,98.7368,128.274,7204.088,0.0002284,6085.264981905865,2026-09-24 22:29:17.718515,49008
697,2024-09-07 12:28:25,251.7085,98.7368,127.7417,7204.088,0.0002291,6085.264981905865,2026-09-24 22:29:17.718515,49008
698,2024-09-07 14:09:53,251.7781,98.7368,127.6512,7204.088,0.0002295,6085.264981905865,2026-09-24 22:29:17.718515,49008
699,2024-09-07 20:55:49,252.0563,98.7368,127.4381,7204.0869999999995,0.0002313,6085.26371486177,2026-09-24 22:29:17.718515,49008
700,2024-09-07 22:37:18,252.1259,98.7368,127.3503,7204.0869999999995,0.0002315,6085.26371486177,2026-09-24 22:29:17.718515,49008
701,2024-09-08 05:23:13,252.4041,98.7369,126.7558,7204.0869999999995,0.0002324,6085.26371486177,2026-09-24 22:29:17.718515,49008
702,2024-09-08 12:09:09,252.6824,98.7369,126.4044,7204.086,0.0002339,6085.262447817764,2026-09-24 22:29:17.718515,49008
703,2024-09-08 13:50:38,252.7519,98.7369,126.2915,7204.086,0.0002341,6085.262447817764,2026-09-24 22:29:17.718515,49008
704,2024-09-08 20:36:33,253.0302,98.737,125.687,7204.086,0.0002347,6085.262447817764,2026-09-24 22:29:17.718515,49008
705,2024-09-08 22:18:02,253.0997,98.737,125.5944,7204.086,0.0002349,6085.262447817764,2026-09-24 22:29:17.718515,49008
706,2024-09-09 05:03:57,253.378,98.737,124.9538,7204.085,0.0002356,6085.261180773846,2026-09-24 22:29:17.718515,49008
707,2024-09-09 11:49:53,253.6562,98.737,124.5869,7204.085,0.0002371,6085.261180773846,2026-09-24 22:29:17.718515,49008
708,2024-09-09 13:31:22,253.7258,98.737,124.4364,7204.084,0.0002373,6085.259913730015,2026-09-24 22:29:17.718515,49008
709,2024-09-09 20:17:17,254.004,98.7371,123.9831,7204.084,0.0002384,6085.259913730015,2026-09-24 22:29:17.718515,49008
710,2024-09-09 21:58:46,254.0736,98.7371,123.8486,7204.084,0.0002385,6085.259913730015,2026-09-24 22:29:17.718515,49008
711,2024-09-10 04:44:41,254.3518,98.7371,123.3037,7204.083,0.0002396,6085.258646686272,2026-09-24 22:29:17.718515,49008
712,2024-09-10 13:12:06,254.6997,98.7371,122.7573,7204.083,0.0002411,6085.258646686272,2026-09-24 22:29:17.718515,49008
713,2024-09-10 19:58:01,254.9779,98.7371,122.2665,7204.082,0.000242,6085.257379642618,2026-09-24 22:29:17.718515,49008
714,2024-09-10 21:39:30,255.0475,98.7371,122.1523,7204.082,0.0002422,6085.257379642618,2026-09-24 22:29:17.718515,49008
715,2024-09-11 01:02:28,255.1866,98.7372,121.8807,7204.082,0.0002425,6085.257379642618,2026-09-24 22:29:17.718515,49008
716,2024-09-11 12:52:50,255.6736,98.7372,121.0323,7204.081,0.000244,6085.256112599051,2026-09-24 22:29:17.718515,49008
717,2024-09-11 14:34:19,255.7431,98.7372,120.8829,7204.081,0.0002441,6085.256112599051,2026-09-24 22:29:17.718515,49008
718,2024-09-11 21:20:14,256.0214,98.7372,120.4848,7204.081,0.0002448,6085.256112599051,2026-09-24 22:29:17.718515,49008
719,2024-09-11 23:01:43,256.0909,98.7372,120.375,7204.081,0.0002449,6085.256112599051,2026-09-24 22:29:17.718515,49008
720,2024-09-12 05:47:38,256.3692,98.7373,119.7881,7204.08,0.0002457,6085.254845555572,2026-09-24 22:29:17.718515,49008
721,2024-09-12 12:33:34,256.6475,98.7373,119.3278,7204.077,0.0002464,6085.251044425663,2026-09-24 22:29:17.718515,49008
722,2024-09-12 14:15:03,256.717,98.7373,119.1949,7204.077,0.0002466,6085.251044425663,2026-09-24 22:29:17.718515,49008
723,2024-09-12 21:00:58,256.9953,98.7374,118.7728,7204.0779999999995,0.0002474,6085.252311468878,2026-09-24 22:29:17.718515,49008
724,2024-09-12 22:42:27,257.0648,98.7374,118.7019,7204.0779999999995,0.0002477,6085.252311468878,2026-09-24 22:29:17.718515,49008
725,2024-09-13 05:28:22,257.3431,98.7374,118.2996,7204.0779999999995,0.000249,6085.252311468878,2026-09-24 22:29:17.718515,49008
726,2024-09-13 12:14:18,257.6214,98.7374,117.9125,7204.077,0.0002501,6085.251044425663,2026-09-24 22:29:17.718515,49008
727,2024-09-13 20:41:42,257.9692,98.7375,117.2952,7204.077,0.0002511,6085.251044425663,2026-09-24 22:29:17.718515,49008
728,2024-09-14 05:09:06,258.317,98.7375,116.6594,7204.076,0.0002522,6085.249777382536,2026-09-24 22:29:17.718515,49008
729,2024-09-14 11:55:02,258.5953,98.7375,116.3213,7204.076,0.0002535,6085.249777382536,2026-09-24 22:29:17.718515,49008
730,2024-09-14 13:36:31,258.6649,98.7375,116.2003,7204.075,0.0002538,6085.2485103394965,2026-09-24 22:29:17.718515,49008
731,2024-09-14 20:22:26,258.9431,98.7375,115.5795,7204.076,0.0002543,6085.249777382536,2026-09-24 22:29:17.718515,49008
732,2024-09-14 22:03:55,259.0126,98.7375,115.4375,7204.075,0.0002543,6085.2485103394965,2026-09-24 22:29:17.718515,49008
733,2024-09-15 04:49:50,259.2909,98.7376,114.9108,7204.075,0.0002553,6085.2485103394965,2026-09-24 22:29:17.718515,49008
734,2024-09-15 13:17:14,259.6387,98.7376,114.1222,7204.074,0.0002561,6085.247243296546,2026-09-24 22:29:17.718515,49008
735,2024-09-15 20:03:10,259.917,98.7376,113.5647,7204.074,0.0002568,6085.247243296546,2026-09-24 22:29:17.718515,49008
736,2024-09-15 21:44:39,259.9865,98.7376,113.461,7204.074,0.0002569,6085.247243296546,2026-09-24 22:29:17.718515,49008
737,2024-09-16 06:12:03,260.3344,98.7376,112.821,7204.074,0.0002579,6085.247243296546,2026-09-24 22:29:17.718515,49008
738,2024-09-16 12:57:58,260.6126,98.7376,112.4024,7204.074,0.0002585,6085.247243296546,2026-09-24 22:29:17.718515,49008
739,2024-09-16 14:39:27,260.6822,98.7376,112.2856,7204.074,0.0002586,6085.247243296546,2026-09-24 22:29:17.718515,49008
740,2024-09-16 21:25:23,260.9604,98.7376,111.8103,7204.073,0.000259,6085.245976253683,2026-09-24 22:29:17.718515,49008
741,2024-09-16 23:06:51,261.03,98.7376,111.693,7204.073,0.000259,6085.245976253683,2026-09-24 22:29:17.718515,49008
742,2024-09-17 04:11:18,261.2387,98.7376,111.3691,7204.07,0.0002596,6085.242175125621,2026-09-24 22:29:17.718515,49008
743,2024-09-17 12:38:42,261.5865,98.7376,110.8859,7204.0689999999995,0.0002607,6085.240908083108,2026-09-24 22:29:17.718515,49008
744,2024-09-17 14:20:11,261.6561,98.7376,110.7896,7204.0689999999995,0.0002608,6085.240908083108,2026-09-24 22:29:17.718515,49008
745,2024-09-17 21:06:06,261.9344,98.7376,110.4362,7204.072,0.0002613,6085.244709210908,2026-09-24 22:29:17.718515,49008
746,2024-09-17 22:47:35,262.0039,98.7376,110.345,7204.072,0.0002614,6085.244709210908,2026-09-24 22:29:17.718515,49008
747,2024-09-18 03:52:02,262.2126,98.7377,109.9108,7204.071,0.0002618,6085.243442168219,2026-09-24 22:29:17.718515,49008
748,2024-09-18 12:19:26,262.5605,98.7377,109.289,7204.071,0.0002624,6085.243442168219,2026-09-24 22:29:17.718515,49008
749,2024-09-18 20:46:50,262.9083,98.7377,108.6035,7204.071,0.0002628,6085.243442168219,2026-09-24 22:29:17.718515,49008
750,2024-09-19 05:14:14,263.2561,98.7377,107.9463,7204.071,0.0002635,6085.243442168219,2026-09-24 22:29:17.718515,49008
751,2024-09-19 12:00:10,263.5344,98.7377,107.5575,7204.07,0.0002642,6085.242175125621,2026-09-24 22:29:17.718515,49008
752,2024-09-19 13:41:39,263.604,98.7377,107.419,7204.07,0.0002644,6085.242175125621,2026-09-24 22:29:17.718515,49008
753,2024-09-19 22:09:03,263.9518,98.7377,106.6261,7204.07,0.0002645,6085.242175125621,2026-09-24 22:29:17.718515,49008
754,2024-09-20 04:54:58,264.2301,98.7378,106.155,7204.0689999999995,0.0002653,6085.240908083108,2026-09-24 22:29:17.718515,49008
755,2024-09-20 11:40:54,264.5083,98.7378,105.7067,7204.0689999999995,0.0002661,6085.240908083108,2026-09-24 22:29:17.718515,49008
756,2024-09-20 13:22:22,264.5779,98.7378,105.5725,7204.0689999999995,0.0002662,6085.240908083108,2026-09-24 22:29:17.718515,49008
757,2024-09-20 20:08:18,264.8562,98.7378,104.9642,7204.0689999999995,0.0002663,6085.240908083108,2026-09-24 22:29:17.718515,49008
758,2024-09-20 21:49:47,264.9257,98.7378,104.8389,7204.0689999999995,0.0002664,6085.240908083108,2026-09-24 22:29:17.718515,49008
759,2024-09-21 04:35:42,265.204,98.7378,104.3371,7204.0689999999995,0.0002668,6085.240908083108,2026-09-24 22:29:17.718515,49008
760,2024-09-21 11:21:37,265.4823,98.7378,103.875,7204.0689999999995,0.0002671,6085.240908083108,2026-09-24 22:29:17.718515,49008
761,2024-09-21 13:03:06,265.5519,98.7378,103.757,7204.068,0.0002672,6085.2396410406855,2026-09-24 22:29:17.718515,49008
762,2024-09-21 19:49:02,265.8301,98.7378,103.3042,7204.068,0.0002675,6085.2396410406855,2026-09-24 22:29:17.718515,49008
763,2024-09-22 05:57:55,266.2475,98.7379,102.6338,7204.068,0.0002681,6085.2396410406855,2026-09-24 22:29:17.718515,49008
764,2024-09-22 12:43:50,266.5258,98.7379,102.184,7204.068,0.0002683,6085.2396410406855,2026-09-24 22:29:17.718515,49008
765,2024-09-22 21:11:14,266.8736,98.7379,101.6285,7204.068,0.0002683,6085.2396410406855,2026-09-24 22:29:17.718515,49008
766,2024-09-22 22:52:43,266.9432,98.7379,101.4901,7204.067,0.0002681,6085.23837399835,2026-09-24 22:29:17.718515,49008
767,2024-09-23 05:38:38,267.2215,98.738,100.9785,7204.067,0.0002685,6085.23837399835,2026-09-24 22:29:17.718515,49008
768,2024-09-23 12:24:34,267.4998,98.738,100.4965,7204.067,0.0002685,6085.23837399835,2026-09-24 22:29:17.718515,49008
769,2024-09-23 14:06:03,267.5693,98.738,100.371,7204.066,0.0002686,6085.237106956101,2026-09-24 22:29:17.718515,49008
770,2024-09-23 20:51:58,267.8476,98.738,99.9207,7204.066,0.0002686,6085.237106956101,2026-09-24 22:29:17.718515,49008
771,2024-09-23 22:33:27,267.9171,98.738,99.8009,7204.066,0.0002686,6085.237106956101,2026-09-24 22:29:17.718515,49008
772,2024-09-24 05:19:22,268.1954,98.7381,99.4445,7204.066,0.0002692,6085.237106956101,2026-09-24 22:29:17.718515,49008
773,2024-09-24 12:05:18,268.4737,98.7381,99.1238,7204.066,0.0002696,6085.237106956101,2026-09-24 22:29:17.718515,49008
774,2024-09-24 13:46:46,268.5433,98.7381,98.9853,7204.066,0.0002697,6085.237106956101,2026-09-24 22:29:17.718515,49008
775,2024-09-24 18:51:13,268.7519,98.7381,98.6823,7204.066,0.0002702,6085.237106956101,2026-09-24 22:29:17.718515,49008
776,2024-09-25 05:00:06,269.1694,98.7382,97.9549,7204.0650000000005,0.0002706,6085.235839913943,2026-09-24 22:29:17.718515,49008
777,2024-09-25 11:46:01,269.4476,98.7382,97.6447,7204.064,0.0002713,6085.23457287187,2026-09-24 22:29:17.718515,49008
778,2024-09-25 13:27:30,269.5172,98.7382,97.584,7204.064,0.0002715,6085.23457287187,2026-09-24 22:29:17.718515,49008
779,2024-09-25 21:54:54,269.865,98.7382,96.7797,7204.064,0.0002713,6085.23457287187,2026-09-24 22:29:17.718515,49008
780,2024-09-26 04:40:50,270.1433,98.7382,96.3814,7204.064,0.000272,6085.23457287187,2026-09-24 22:29:17.718515,49008
781,2024-09-26 11:26:45,270.4216,98.7382,95.9322,7204.063,0.0002724,6085.233305829886,2026-09-24 22:29:17.718515,49008
782,2024-09-26 19:54:09,270.7694,98.7382,95.1898,7204.063,0.0002724,6085.233305829886,2026-09-24 22:29:17.718515,49008
783,2024-09-26 23:17:07,270.9085,98.7382,94.9405,7204.063,0.0002723,6085.233305829886,2026-09-24 22:29:17.718515,49008
784,2024-09-27 06:03:02,271.1868,98.7383,94.4404,7204.063,0.0002727,6085.233305829886,2026-09-24 22:29:17.718515,49008
785,2024-09-27 11:07:29,271.3955,98.7383,94.0864,7204.063,0.0002727,6085.233305829886,2026-09-24 22:29:17.718515,49008
786,2024-09-27 12:48:58,271.465,98.7383,93.974,7204.063,0.0002728,6085.233305829886,2026-09-24 22:29:17.718515,49008
787,2024-09-27 19:34:53,271.7433,98.7383,93.4771,7204.062,0.0002726,6085.232038787991,2026-09-24 22:29:17.718515,49008
788,2024-09-28 02:20:48,272.0216,98.7383,93.024,7204.062,0.0002726,6085.232038787991,2026-09-24 22:29:17.718515,49008
789,2024-09-28 10:48:12,272.3694,98.7383,92.432,7204.061,0.0002727,6085.230771746183,2026-09-24 22:29:17.718515,49008
790,2024-09-28 12:29:41,272.439,98.7383,92.3234,7204.061,0.0002726,6085.230771746183,2026-09-24 22:29:17.718515,49008
791,2024-09-28 20:57:05,272.7868,98.7383,91.6973,7204.0599999999995,0.0002724,6085.229504704462,2026-09-24 22:29:17.718515,49008
792,2024-09-28 22:38:34,272.8564,98.7383,91.5478,7204.0599999999995,0.0002722,6085.229504704462,2026-09-24 22:29:17.718515,49008
793,2024-09-29 03:43:01,273.0651,98.7383,91.1872,7204.0599999999995,0.0002724,6085.229504704462,2026-09-24 22:29:17.718515,49008
794,2024-09-29 12:10:25,273.413,98.7383,90.6137,7204.0599999999995,0.0002724,6085.229504704462,2026-09-24 22:29:17.718515,49008
795,2024-09-29 13:51:54,273.4825,98.7383,90.4942,7204.059,0.0002724,6085.228237662831,2026-09-24 22:29:17.718515,49008
796,2024-09-29 20:37:49,273.7608,98.7383,89.9947,7204.059,0.0002723,6085.228237662831,2026-09-24 22:29:17.718515,49008
797,2024-09-30 05:05:13,274.1086,98.7383,89.4151,7204.058,0.0002726,6085.2269706212865,2026-09-24 22:29:17.718515,49008
798,2024-09-30 11:51:08,274.3869,98.7383,89.1697,7204.058,0.0002729,6085.2269706212865,2026-09-24 22:29:17.718515,49008
799,2024-09-30 13:32:37,274.4565,98.7383,89.0528,7204.058,0.000273,6085.2269706212865,2026-09-24 22:29:17.718515,49008
800,2024-09-30 22:00:01,274.8043,98.7383,88.3309,7204.057,0.000273,6085.225703579829,2026-09-24 22:29:17.718515,49008
801,2024-10-01 04:45:57,275.0826,98.7383,87.8595,7204.057,0.0002731,6085.225703579829,2026-09-24 22:29:17.718515,49008
802,2024-10-01 11:31:52,275.3608,98.7383,87.4222,7204.0560000000005,0.0002732,6085.224436538462,2026-09-24 22:29:17.718515,49008
803,2024-10-01 13:13:21,275.4304,98.7383,87.3057,7204.0560000000005,0.0002732,6085.224436538462,2026-09-24 22:29:17.718515,49008
804,2024-10-01 19:59:16,275.7086,98.7382,86.7689,7204.055,0.0002729,6085.2231694971815,2026-09-24 22:29:17.718515,49008
805,2024-10-01 21:40:45,275.7782,98.7382,86.614,7204.055,0.0002728,6085.2231694971815,2026-09-24 22:29:17.718515,49008
806,2024-10-02 02:45:11,275.9869,98.7383,86.2505,7204.053,0.0002727,6085.220635414884,2026-09-24 22:29:17.718515,49008
807,2024-10-02 11:12:36,276.3347,98.7383,85.655,7204.053,0.0002727,6085.220635414884,2026-09-24 22:29:17.718515,49008
808,2024-10-02 19:40:00,276.6826,98.7382,85.0503,7204.052,0.0002723,6085.219368373867,2026-09-24 22:29:17.718515,49008
809,2024-10-02 21:21:28,276.7521,98.7382,84.9236,7204.051,0.0002722,6085.21810133294,2026-09-24 22:29:17.718515,49008
810,2024-10-03 05:48:53,277.1,98.7383,84.3981,7204.051,0.0002719,6085.21810133294,2026-09-24 22:29:17.718515,49008
811,2024-10-03 14:16:17,277.4478,98.7382,83.8068,7204.051,0.0002713,6085.21810133294,2026-09-24 22:29:17.718515,49008
812,2024-10-03 21:02:12,277.7261,98.7382,83.3754,7204.049,0.0002709,6085.215567251345,2026-09-24 22:29:17.718515,49008
813,2024-10-04 05:29:36,278.0739,98.7383,82.758,7204.05,0.0002705,6085.216834292099,2026-09-24 22:29:17.718515,49008
814,2024-10-04 12:15:31,278.3522,98.7383,82.3031,7204.049,0.0002701,6085.215567251345,2026-09-24 22:29:17.718515,49008
815,2024-10-04 22:24:24,278.7696,98.7383,81.6261,7204.048,0.0002696,6085.21430021068,2026-09-24 22:29:17.718515,49008
816,2024-10-05 05:10:19,279.0479,98.7383,81.1605,7204.0470000000005,0.0002695,6085.2130331701055,2026-09-24 22:29:17.718515,49008
817,2024-10-05 11:56:15,279.3261,98.7383,80.7918,7204.0470000000005,0.0002694,6085.2130331701055,2026-09-24 22:29:17.718515,49008
818,2024-10-05 13:37:44,279.3957,98.7383,80.6368,7204.0470000000005,0.0002692,6085.2130331701055,2026-09-24 22:29:17.718515,49008
819,2024-10-05 18:42:10,279.6044,98.7383,80.3828,7204.046,0.0002693,6085.211766129616,2026-09-24 22:29:17.718515,49008
820,2024-10-05 22:05:08,279.7435,98.7383,80.0943,7204.046,0.000269,6085.211766129616,2026-09-24 22:29:17.718515,49008
821,2024-10-06 04:51:03,280.0218,98.7383,79.6283,7204.046,0.000269,6085.211766129616,2026-09-24 22:29:17.718515,49008
822,2024-10-06 11:36:58,280.3,98.7384,79.1967,7204.046,0.0002688,6085.211766129616,2026-09-24 22:29:17.718515,49008
823,2024-10-06 13:18:27,280.3696,98.7384,79.088,7204.046,0.0002688,6085.211766129616,2026-09-24 22:29:17.718515,49008
824,2024-10-06 18:22:53,280.5783,98.7383,78.8031,7204.045,0.0002686,6085.210499089214,2026-09-24 22:29:17.718515,49008
825,2024-10-07 04:31:46,280.9957,98.7384,78.1583,7204.044,0.0002684,6085.209232048901,2026-09-24 22:29:17.718515,49008
826,2024-10-07 11:17:41,281.274,98.7384,77.7036,7204.044,0.0002681,6085.209232048901,2026-09-24 22:29:17.718515,49008
827,2024-10-07 12:59:10,281.3435,98.7384,77.5992,7204.044,0.0002681,6085.209232048901,2026-09-24 22:29:17.718515,49008
828,2024-10-07 21:26:34,281.6914,98.7384,76.9756,7204.043,0.0002675,6085.207965008676,2026-09-24 22:29:17.718515,49008
829,2024-10-08 05:53:58,282.0392,98.7385,76.4005,7204.034,0.0002672,6085.196561650607,2026-09-24 22:29:17.718515,49008
830,2024-10-08 12:39:54,282.3175,98.7385,75.9402,7204.04,0.0002668,6085.2041638885285,2026-09-24 22:29:17.718515,49008
831,2024-10-08 17:44:20,282.5262,98.7385,75.5509,7204.039,0.0002661,6085.202896848655,2026-09-24 22:29:17.718515,49008
832,2024-10-08 21:07:18,282.6653,98.7385,75.3528,7204.041,0.0002656,6085.20543092849,2026-09-24 22:29:17.718515,49008
833,2024-10-09 05:34:42,283.0132,98.7385,74.7721,7204.04,0.0002653,6085.2041638885285,2026-09-24 22:29:17.718515,49008
834,2024-10-09 12:20:37,283.2915,98.7386,74.2756,7204.04,0.0002649,6085.2041638885285,2026-09-24 22:29:17.718515,49008
835,2024-10-09 14:02:06,283.361,98.7386,74.1077,7204.04,0.0002649,6085.2041638885285,2026-09-24 22:29:17.718515,49008
836,2024-10-09 20:48:01,283.6393,98.7386,73.5403,7204.039,0.0002643,6085.202896848655,2026-09-24 22:29:17.718515,49008
837,2024-10-10 05:15:25,283.9872,98.7386,72.868,7204.0380000000005,0.0002638,6085.201629808871,2026-09-24 22:29:17.718515,49008
838,2024-10-10 12:01:20,284.2655,98.7386,72.2783,7204.0380000000005,0.0002633,6085.201629808871,2026-09-24 22:29:17.718515,49008
839,2024-10-10 13:42:49,284.335,98.7386,72.1746,7204.0380000000005,0.0002632,6085.201629808871,2026-09-24 22:29:17.718515,49008
840,2024-10-10 20:28:44,284.6133,98.7387,71.6241,7204.033,0.0002628,6085.195294611262,2026-09-24 22:29:17.718515,49008
841,2024-10-11 04:56:08,284.9611,98.7387,70.8851,7204.014,0.0002627,6085.171220880403,2026-09-24 22:29:17.718515,49008
842,2024-10-11 13:23:32,285.309,98.7387,70.4996,7204.034,0.0002619,6085.196561650607,2026-09-24 22:29:17.718515,49008
843,2024-10-11 20:09:27,285.5873,98.7387,69.9122,7204.034,0.0002619,6085.196561650607,2026-09-24 22:29:17.718515,49008
844,2024-10-12 13:04:15,286.2829,98.7387,68.7875,7204.033,0.0002607,6085.195294611262,2026-09-24 22:29:17.718515,49008
845,2024-10-12 19:50:10,286.5612,98.7387,68.3221,7204.033,0.00026,6085.195294611262,2026-09-24 22:29:17.718515,49008
846,2024-10-13 12:44:58,287.2569,98.7387,67.1591,7204.032,0.0002584,6085.194027572004,2026-09-24 22:29:17.718515,49008
847,2024-10-13 19:30:54,287.5351,98.7387,66.5911,7204.032,0.0002576,6085.194027572004,2026-09-24 22:29:17.718515,49008
848,2024-10-13 21:12:22,287.6047,98.7387,66.4577,7204.032,0.0002574,6085.194027572004,2026-09-24 22:29:17.718515,49008
849,2024-10-14 05:39:46,287.9525,98.7387,65.7922,7204.031,0.0002565,6085.192760532835,2026-09-24 22:29:17.718515,49008
850,2024-10-14 12:25:41,288.2308,98.7387,65.4159,7204.031,0.0002555,6085.192760532835,2026-09-24 22:29:17.718515,49008
851,2024-10-14 12:25:41,288.2308,98.7387,65.4345,7204.031,0.0002555,6085.192760532835,2026-09-24 22:29:17.718515,49008
852,2024-10-14 20:53:05,288.5786,98.7387,64.7234,7204.03,0.0002545,6085.191493493753,2026-09-24 22:29:17.718515,49008
853,2024-10-15 05:20:29,288.9264,98.7387,64.071,7204.03,0.0002537,6085.191493493753,2026-09-24 22:29:17.718515,49008
854,2024-10-15 12:06:25,289.2047,98.7387,63.528,7204.029,0.0002529,6085.190226454759,2026-09-24 22:29:17.718515,49008
855,2024-10-15 20:33:48,289.5526,98.7387,62.8774,7204.029,0.000252,6085.190226454759,2026-09-24 22:29:17.718515,49008
856,2024-10-15 22:15:17,289.6221,98.7387,62.699,7204.029,0.0002518,6085.190226454759,2026-09-24 22:29:17.718515,49008
857,2024-10-16 03:19:44,289.8308,98.7387,62.3569,7204.027,0.0002513,6085.187692377034,2026-09-24 22:29:17.718515,49008
858,2024-10-16 13:28:36,290.2482,98.7387,61.638,7204.027,0.0002505,6085.187692377034,2026-09-24 22:29:17.718515,49008
859,2024-10-16 20:14:32,290.5265,98.7386,61.1065,7204.027,0.0002499,6085.187692377034,2026-09-24 22:29:17.718515,49008
860,2024-10-16 21:56:00,290.5961,98.7386,60.9282,7204.027,0.0002499,6085.187692377034,2026-09-24 22:29:17.718515,49008
861,2024-10-17 04:41:55,290.8743,98.7387,60.4401,7204.026,0.0002494,6085.186425338305,2026-09-24 22:29:17.718515,49008
862,2024-10-17 13:09:19,291.2221,98.7386,59.8885,7204.026,0.0002487,6085.186425338305,2026-09-24 22:29:17.718515,49008
863,2024-10-17 19:55:15,291.5004,98.7386,59.4211,7204.025,0.0002476,6085.185158299661,2026-09-24 22:29:17.718515,49008
864,2024-10-17 21:36:43,291.57,98.7386,59.246,7204.025,0.0002472,6085.185158299661,2026-09-24 22:29:17.718515,49008
865,2024-10-18 06:04:07,291.9178,98.7386,58.536,7204.024,0.0002466,6085.183891261108,2026-09-24 22:29:17.718515,49008
866,2024-10-18 11:08:34,292.1265,98.7386,58.2318,7204.024,0.0002457,6085.183891261108,2026-09-24 22:29:17.718515,49008
867,2024-10-18 22:58:55,292.6134,98.7386,57.5419,7204.024,0.0002439,6085.183891261108,2026-09-24 22:29:17.718515,49008
868,2024-10-19 05:44:50,292.8917,98.7386,57.1296,7204.023,0.0002429,6085.182624222642,2026-09-24 22:29:17.718515,49008
869,2024-10-19 10:49:17,293.1004,98.7386,56.8937,7204.022,0.000242,6085.181357184263,2026-09-24 22:29:17.718515,49008
870,2024-10-19 12:30:45,293.1699,98.7386,56.7754,7204.023,0.0002419,6085.182624222642,2026-09-24 22:29:17.718515,49008
871,2024-10-19 20:58:09,293.5178,98.7386,56.0895,7204.023,0.0002409,6085.182624222642,2026-09-24 22:29:17.718515,49008
872,2024-10-19 22:39:38,293.5874,98.7386,56.0352,7204.023,0.00024,6085.182624222642,2026-09-24 22:29:17.718515,49008
873,2024-10-20 03:44:04,293.7961,98.7386,55.6498,7204.022,0.0002392,6085.181357184263,2026-09-24 22:29:17.718515,49008
874,2024-10-20 12:11:28,294.1439,98.7387,55.0645,7204.022,0.0002382,6085.181357184263,2026-09-24 22:29:17.718515,49008
875,2024-10-20 18:57:24,294.4222,98.7386,54.5127,7204.023,0.0002374,6085.182624222642,2026-09-24 22:29:17.718515,49008
876,2024-10-20 22:20:21,294.5613,98.7386,54.214,7204.022,0.0002368,6085.181357184263,2026-09-24 22:29:17.718515,49008
877,2024-10-21 03:24:47,294.77,98.7387,53.9783,7204.023,0.000236,6085.182624222642,2026-09-24 22:29:17.718515,49008
878,2024-10-21 11:52:11,295.1179,98.7387,53.4571,7204.023,0.0002347,6085.182624222642,2026-09-24 22:29:17.718515,49008
879,2024-10-21 23:42:33,295.6049,98.7387,52.5741,7204.022,0.0002333,6085.181357184263,2026-09-24 22:29:17.718515,49008
880,2024-10-22 04:46:59,295.8136,98.7387,52.1686,7204.023,0.0002326,6085.182624222642,2026-09-24 22:29:17.718515,49008
881,2024-10-22 13:14:23,296.1614,98.7388,51.373,7204.023,0.0002315,6085.182624222642,2026-09-24 22:29:17.718515,49008
882,2024-10-22 18:18:49,296.37,98.7387,50.8811,7204.022,0.0002309,6085.181357184263,2026-09-24 22:29:17.718515,49008
883,2024-10-22 23:23:16,296.5787,98.7388,50.3456,7204.022,0.0002305,6085.181357184263,2026-09-24 22:29:17.718515,49008
884,2024-10-23 07:50:40,296.9266,98.7388,49.7389,7204.022,0.0002299,6085.181357184263,2026-09-24 22:29:17.718515,49008
885,2024-10-23 12:55:06,297.1352,98.7388,49.4329,7204.022,0.0002288,6085.181357184263,2026-09-24 22:29:17.718515,49008
886,2024-10-23 14:36:35,297.2048,98.7388,49.2884,7204.022,0.000229,6085.181357184263,2026-09-24 22:29:17.718515,49008
887,2024-10-23 23:03:59,297.5526,98.7388,48.6455,7204.021,0.0002267,6085.180090145973,2026-09-24 22:29:17.718515,49008
888,2024-10-24 05:49:54,297.8309,98.7388,48.1187,7204.021,0.0002258,6085.180090145973,2026-09-24 22:29:17.718515,49008
889,2024-10-24 12:35:49,298.1092,98.7389,47.7408,7204.02,0.0002238,6085.178823107771,2026-09-24 22:29:17.718515,49008
890,2024-10-24 14:17:18,298.1787,98.7389,47.5491,7204.02,0.0002238,6085.178823107771,2026-09-24 22:29:17.718515,49008
891,2024-10-24 21:03:13,298.457,98.7389,46.9717,7204.019,0.0002223,6085.177556069657,2026-09-24 22:29:17.718515,49008
892,2024-10-25 22:25:24,299.5006,98.7389,44.9454,7204.018,0.0002184,6085.1762890316295,2026-09-24 22:29:17.718515,49008
893,2024-10-26 03:29:51,299.7093,98.7389,44.6547,7204.018,0.0002174,6085.1762890316295,2026-09-24 22:29:17.718515,49008
894,2024-10-26 11:57:15,300.0571,98.7389,44.14,7204.017,0.0002155,6085.175021993691,2026-09-24 22:29:17.718515,49008
895,2024-10-26 20:24:39,300.4049,98.7388,43.2362,7204.017,0.0002159,6085.175021993691,2026-09-24 22:29:17.718515,49008
896,2024-10-26 22:06:07,300.4744,98.7388,43.0421,7204.017,0.0002156,6085.175021993691,2026-09-24 22:29:17.718515,49008
897,2024-10-27 03:10:34,300.6832,98.7388,42.8191,7204.015,0.0002139,6085.172487918077,2026-09-24 22:29:17.718515,49008
898,2024-10-27 11:37:58,301.031,98.7388,42.0836,7204.015,0.0002125,6085.172487918077,2026-09-24 22:29:17.718515,49008
899,2024-10-27 13:19:26,301.1005,98.7388,42.0325,7204.015,0.0002122,6085.172487918077,2026-09-24 22:29:17.718515,49008
900,2024-10-27 20:05:21,301.3788,98.7388,41.3908,7204.014,0.0002113,6085.171220880403,2026-09-24 22:29:17.718515,49008
901,2024-10-27 21:46:50,301.4483,98.7388,41.1354,7204.014,0.0002115,6085.171220880403,2026-09-24 22:29:17.718515,49008
902,2024-10-28 04:32:45,301.7266,98.7388,40.5906,7204.013,0.0002107,6085.169953842815,2026-09-24 22:29:17.718515,49008
903,2024-10-28 11:18:40,302.0048,98.7387,40.0566,7204.013,0.0002091,6085.169953842815,2026-09-24 22:29:17.718515,49008
904,2024-10-28 13:00:09,302.0744,98.7387,39.9259,7204.013,0.0002089,6085.169953842815,2026-09-24 22:29:17.718515,49008
905,2024-10-28 18:04:35,302.2831,98.7387,39.4499,7204.012,0.0002081,6085.168686805317,2026-09-24 22:29:17.718515,49008
906,2024-10-28 23:09:02,302.4918,98.7387,38.9769,7204.012,0.0002068,6085.168686805317,2026-09-24 22:29:17.718515,49008
907,2024-10-29 04:13:28,302.7005,98.7387,38.6677,7204.012,0.0002057,6085.168686805317,2026-09-24 22:29:17.718515,49008
908,2024-10-29 10:59:23,302.9787,98.7387,38.2465,7204.011,0.0002042,6085.167419767906,2026-09-24 22:29:17.718515,49008
909,2024-10-29 12:40:52,303.0482,98.7387,38.0796,7204.011,0.0002039,6085.167419767906,2026-09-24 22:29:17.718515,49008
910,2024-10-29 19:26:47,303.3264,98.7387,37.4541,7204.01,0.0002021,6085.166152730582,2026-09-24 22:29:17.718515,49008
911,2024-10-29 22:49:44,303.4656,98.7387,37.1194,7204.01,0.0002012,6085.166152730582,2026-09-24 22:29:17.718515,49008
912,2024-10-30 05:35:39,303.7439,98.7387,36.6673,7204.009,0.0001996,6085.164885693347,2026-09-24 22:29:17.718515,49008
913,2024-10-30 12:21:35,304.0221,98.7387,36.1632,7204.009,0.0001982,6085.164885693347,2026-09-24 22:29:17.718515,49008
914,2024-10-30 19:07:30,304.3004,98.7387,35.573,7204.009,0.0001968,6085.164885693347,2026-09-24 22:29:17.718515,49008
915,2024-10-31 03:34:53,304.6483,98.7387,34.9136,7204.008,0.0001949,6085.163618656199,2026-09-24 22:29:17.718515,49008
916,2024-10-31 12:02:17,304.9961,98.7386,34.4927,7204.007,0.0001931,6085.16235161914,2026-09-24 22:29:17.718515,49008
917,2024-10-31 20:29:41,305.344,98.7386,33.8049,7204.006,0.0001922,6085.161084582171,2026-09-24 22:29:17.718515,49008
918,2024-10-31 22:11:10,305.4135,98.7386,33.5795,7204.006,0.0001923,6085.161084582171,2026-09-24 22:29:17.718515,49008
919,2024-11-01 03:15:36,305.6222,98.7386,33.4226,7204.005,0.0001906,6085.159817545286,2026-09-24 22:29:17.718515,49008
920,2024-11-01 11:43:00,305.9701,98.7386,32.74,7204.005,0.0001898,6085.159817545286,2026-09-24 22:29:17.718515,49008
921,2024-11-01 13:24:29,306.0396,98.7386,32.5894,7204.005,0.0001894,6085.159817545286,2026-09-24 22:29:17.718515,49008
922,2024-11-01 20:10:24,306.3179,98.7385,32.0331,7204.004,0.0001878,6085.15855050849,2026-09-24 22:29:17.718515,49008
923,2024-11-01 21:51:52,306.3874,98.7385,31.8666,7204.004,0.0001869,6085.15855050849,2026-09-24 22:29:17.718515,49008
924,2024-11-02 04:37:47,306.6657,98.7385,31.3686,7204.003,0.0001865,6085.157283471783,2026-09-24 22:29:17.718515,49008
925,2024-11-02 13:05:11,307.0135,98.7385,30.6943,7204.003,0.0001856,6085.157283471783,2026-09-24 22:29:17.718515,49008
926,2024-11-02 14:46:40,307.0831,98.7385,30.5988,7204.003,0.0001852,6085.157283471783,2026-09-24 22:29:17.718515,49008
927,2024-11-02 21:32:35,307.3613,98.7384,29.9702,7204.002,0.0001829,6085.156016435164,2026-09-24 22:29:17.718515,49008
928,2024-11-03 05:59:59,307.7091,98.7384,29.5045,7204.0,0.0001802,6085.153482362189,2026-09-24 22:29:17.718515,49008
929,2024-11-03 11:04:25,307.9178,98.7384,28.9777,7204.0,0.0001794,6085.153482362189,2026-09-24 22:29:17.718515,49008
930,2024-11-03 14:27:23,308.0569,98.7385,28.595,7204.0,0.0001791,6085.153482362189,2026-09-24 22:29:17.718515,49008
931,2024-11-03 21:13:18,308.3351,98.7384,27.9202,7203.999,0.0001771,6085.152215325832,2026-09-24 22:29:17.718515,49008
932,2024-11-03 22:54:46,308.4047,98.7385,27.7876,7203.999,0.0001764,6085.152215325832,2026-09-24 22:29:17.718515,49008
933,2024-11-04 07:22:10,308.7525,98.7385,27.0497,7203.998,0.0001743,6085.150948289564,2026-09-24 22:29:17.718515,49008
934,2024-11-04 10:45:08,308.8916,98.7385,26.657,7203.998,0.0001736,6085.150948289564,2026-09-24 22:29:17.718515,49008
935,2024-11-04 14:08:05,309.0308,98.7385,26.3288,7203.998,0.000173,6085.150948289564,2026-09-24 22:29:17.718515,49008
936,2024-11-04 19:12:31,309.2394,98.7385,25.7985,7203.998,0.0001729,6085.150948289564,2026-09-24 22:29:17.718515,49008
937,2024-11-04 22:35:29,309.3785,98.7385,25.5412,7203.998,0.0001709,6085.150948289564,2026-09-24 22:29:17.718515,49008
938,2024-11-05 03:39:55,309.5872,98.7386,24.9621,7203.997,0.0001713,6085.149681253385,2026-09-24 22:29:17.718515,49008
939,2024-11-05 10:25:50,309.8655,98.7386,24.3816,7203.997,0.0001706,6085.149681253385,2026-09-24 22:29:17.718515,49008
940,2024-11-05 13:48:48,310.0046,98.7386,24.0017,7203.997,0.0001703,6085.149681253385,2026-09-24 22:29:17.718515,49008
941,2024-11-05 17:11:45,310.1437,98.7386,23.5845,7203.997,0.0001706,6085.149681253385,2026-09-24 22:29:17.718515,49008
942,2024-11-06 03:20:38,310.5611,98.7387,22.7668,7203.996,0.000168,6085.148414217293,2026-09-24 22:29:17.718515,49008
943,2024-11-06 06:43:35,310.7002,98.7387,22.3918,7203.995,0.0001679,6085.147147181289,2026-09-24 22:29:17.718515,49008
944,2024-11-06 11:48:01,310.9089,98.7387,21.8552,7203.994,0.0001674,6085.145880145373,2026-09-24 22:29:17.718515,49008
945,2024-11-06 13:29:30,310.9785,98.7387,21.6946,7203.994,0.0001672,6085.145880145373,2026-09-24 22:29:17.718515,49008
946,2024-11-06 18:33:56,311.1872,98.7387,21.1852,7203.994,0.0001666,6085.145880145373,2026-09-24 22:29:17.718515,49008
947,2024-11-06 21:56:54,311.3263,98.7387,20.8285,7203.994,0.0001659,6085.145880145373,2026-09-24 22:29:17.718515,49008
948,2024-11-07 03:01:20,311.535,98.7387,20.4934,7203.993,0.0001649,6085.144613109545,2026-09-24 22:29:17.718515,49008
949,2024-11-07 13:10:12,311.9524,98.7387,19.5657,7203.992,0.0001631,6085.143346073804,2026-09-24 22:29:17.718515,49008
950,2024-11-07 21:37:36,312.3002,98.7387,18.8415,7203.992,0.0001601,6085.143346073804,2026-09-24 22:29:17.718515,49008
951,2024-11-08 02:42:02,312.5089,98.7387,18.3841,7203.991,0.0001585,6085.142079038153,2026-09-24 22:29:17.718515,49008
952,2024-11-08 11:09:26,312.8567,98.7387,17.6352,7203.99,0.0001569,6085.140812002588,2026-09-24 22:29:17.718515,49008
953,2024-11-08 17:55:21,313.1349,98.7387,16.977,7203.99,0.000155,6085.140812002588,2026-09-24 22:29:17.718515,49008
954,2024-11-08 21:18:19,313.2741,98.7387,16.4678,7203.99,0.0001542,6085.140812002588,2026-09-24 22:29:17.718515,49008
955,2024-11-09 05:45:42,313.6219,98.7387,15.8041,7203.989,0.0001525,6085.139544967112,2026-09-24 22:29:17.718515,49008
956,2024-11-09 10:50:08,313.8305,98.7387,15.333,7203.988,0.0001513,6085.138277931724,2026-09-24 22:29:17.718515,49008
957,2024-11-09 12:31:37,313.9001,98.7387,15.1471,7203.987,0.0001509,6085.137010896423,2026-09-24 22:29:17.718515,49008
958,2024-11-09 19:17:32,314.1783,98.7387,14.5236,7203.986,0.0001492,6085.13574386121,2026-09-24 22:29:17.718515,49008
959,2024-11-10 03:44:56,314.5262,98.7387,13.7353,7203.986,0.0001473,6085.13574386121,2026-09-24 22:29:17.718515,49008
960,2024-11-10 12:12:20,314.874,98.7387,12.9529,7203.987,0.0001456,6085.137010896423,2026-09-24 22:29:17.718515,49008
961,2024-11-10 13:53:48,314.9435,98.7387,12.802,7203.987,0.0001455,6085.137010896423,2026-09-24 22:29:17.718515,49008
962,2024-11-10 20:39:43,315.2218,98.7386,12.2069,7203.986,0.0001451,6085.13574386121,2026-09-24 22:29:17.718515,49008
963,2024-11-10 22:21:12,315.2913,98.7386,11.966,7203.986,0.0001449,6085.13574386121,2026-09-24 22:29:17.718515,49008
964,2024-11-11 05:07:07,315.5696,98.7387,11.4312,7203.986,0.0001434,6085.13574386121,2026-09-24 22:29:17.718515,49008
965,2024-11-11 06:48:36,315.6391,98.7387,11.3421,7203.986,0.000143,6085.13574386121,2026-09-24 22:29:17.718515,49008
966,2024-11-11 13:34:31,315.9174,98.7387,10.7453,7203.985,0.0001418,6085.134476826085,2026-09-24 22:29:17.718515,49008
967,2024-11-11 18:38:57,316.1261,98.7386,10.2189,7203.985,0.000141,6085.134476826085,2026-09-24 22:29:17.718515,49008
968,2024-11-12 03:06:20,316.4739,98.7386,9.3949,7203.985,0.0001392,6085.134476826085,2026-09-24 22:29:17.718515,49008
969,2024-11-12 11:33:44,316.8217,98.7386,8.6494,7203.984,0.0001367,6085.13320979105,2026-09-24 22:29:17.718515,49008
970,2024-11-12 13:15:13,316.8912,98.7386,8.4593,7203.984,0.0001363,6085.13320979105,2026-09-24 22:29:17.718515,49008
971,2024-11-12 20:01:08,317.1695,98.7386,7.6919,7203.984,0.0001347,6085.13320979105,2026-09-24 22:29:17.718515,49008
972,2024-11-12 23:24:05,317.3086,98.7386,7.2218,7203.984,0.000134,6085.13320979105,2026-09-24 22:29:17.718515,49008
973,2024-11-13 02:47:03,317.4477,98.7386,6.9156,7203.984,0.0001329,6085.13320979105,2026-09-24 22:29:17.718515,49008
974,2024-11-13 11:14:26,317.7955,98.7386,6.0683,7203.983,0.0001305,6085.131942756101,2026-09-24 22:29:17.718515,49008
975,2024-11-13 14:37:24,317.9346,98.7385,5.6601,7203.983,0.0001299,6085.131942756101,2026-09-24 22:29:17.718515,49008
976,2024-11-13 16:18:53,318.0042,98.7385,5.5345,7203.983,0.0001299,6085.131942756101,2026-09-24 22:29:17.718515,49008
977,2024-11-14 02:27:45,318.4216,98.7385,4.2504,7203.982,0.0001268,6085.13067572124,2026-09-24 22:29:17.718515,49008
978,2024-11-14 10:55:09,318.7693,98.7385,3.2433,7203.982,0.0001243,6085.13067572124,2026-09-24 22:29:17.718515,49008
979,2024-11-14 14:18:06,318.9085,98.7385,2.8013,7203.982,0.0001235,6085.13067572124,2026-09-24 22:29:17.718515,49008
980,2024-11-15 03:49:56,319.4649,98.7384,1.1132,7203.981,0.0001198,6085.129408686466,2026-09-24 22:29:17.718515,49008
981,2024-11-15 12:17:20,319.8127,98.7384,0.1737,7203.981,0.0001175,6085.129408686466,2026-09-24 22:29:17.718515,49008
982,2024-11-15 19:03:14,320.091,98.7384,359.3929,7203.981,0.0001167,6085.129408686466,2026-09-24 22:29:17.718515,49008
983,2024-11-15 22:26:12,320.2301,98.7384,358.8828,7203.98,0.0001163,6085.128141651782,2026-09-24 22:29:17.718515,49008
984,2024-11-16 03:30:38,320.4388,98.7384,358.4855,7203.98,0.0001157,6085.128141651782,2026-09-24 22:29:17.718515,49008
985,2024-11-16 06:53:36,320.5779,98.7384,358.2041,7203.981,0.0001149,6085.129408686466,2026-09-24 22:29:17.718515,49008
986,2024-11-16 10:16:33,320.717,98.7384,357.7598,7203.98,0.0001133,6085.128141651782,2026-09-24 22:29:17.718515,49008
987,2024-11-16 18:43:57,321.0648,98.7384,356.9585,7203.98,0.0001123,6085.128141651782,2026-09-24 22:29:17.718515,49008
988,2024-11-17 03:11:20,321.4126,98.7384,356.097,7203.98,0.0001109,6085.128141651782,2026-09-24 22:29:17.718515,49008
989,2024-11-17 20:06:08,322.1082,98.7384,353.7403,7203.979,0.0001059,6085.126874617185,2026-09-24 22:29:17.718515,49008
990,2024-11-17 21:47:36,322.1778,98.7384,353.4428,7203.979,0.0001055,6085.126874617185,2026-09-24 22:29:17.718515,49008
991,2024-11-18 02:52:02,322.3864,98.7384,352.9614,7203.979,0.0001045,6085.126874617185,2026-09-24 22:29:17.718515,49008
992,2024-11-18 11:19:26,322.7342,98.7384,351.7987,7203.979,0.0001023,6085.126874617185,2026-09-24 22:29:17.718515,49008
993,2024-11-18 13:00:55,322.8038,98.7384,351.5068,7203.979,0.0001019,6085.126874617185,2026-09-24 22:29:17.718515,49008
994,2024-11-18 19:46:50,323.082,98.7383,350.5981,7203.979,0.0001007,6085.126874617185,2026-09-24 22:29:17.718515,49008
995,2024-11-18 21:28:18,323.1516,98.7384,350.2548,7203.979,0.0001004,6085.126874617185,2026-09-24 22:29:17.718515,49008
996,2024-11-19 04:14:13,323.4298,98.7384,349.2432,7203.978,9.82e-05,6085.125607582676,2026-09-24 22:29:17.718515,49008
997,2024-11-19 11:00:08,323.708,98.7384,348.2559,7203.978,9.63e-05,6085.125607582676,2026-09-24 22:29:17.718515,49008
998,2024-11-19 12:41:37,323.7776,98.7384,347.9423,7203.978,9.6e-05,6085.125607582676,2026-09-24 22:29:17.718515,49008
999,2024-11-19 17:46:03,323.9862,98.7384,347.1132,7203.978,9.53e-05,6085.125607582676,2026-09-24 22:29:17.718515,49008
1000,2024-11-19 22:50:29,324.1949,98.7384,346.1117,7203.978,9.44e-05,6085.125607582676,2026-09-24 22:29:17.718515,49008
1001,2024-11-20 03:54:56,324.4036,98.7384,345.3542,7203.977,9.3e-05,6085.1243405482555,2026-09-24 22:29:17.718515,49008
1002,2024-11-20 08:59:22,324.6123,98.7384,344.5545,7203.978,9.13e-05,6085.125607582676,2026-09-24 22:29:17.718515,49008
1003,2024-11-20 12:22:19,324.7514,98.7384,343.9799,7203.977,9.08e-05,6085.1243405482555,2026-09-24 22:29:17.718515,49008
1004,2024-11-20 17:26:45,324.9601,98.7384,343.2112,7203.977,8.98e-05,6085.1243405482555,2026-09-24 22:29:17.718515,49008
1005,2024-11-20 22:31:11,325.1687,98.7384,342.2441,7203.977,8.9e-05,6085.1243405482555,2026-09-24 22:29:17.718515,49008
1006,2024-11-21 03:35:38,325.3774,98.7385,341.5144,7203.977,8.76e-05,6085.1243405482555,2026-09-24 22:29:17.718515,49008
1007,2024-11-21 13:44:30,325.7948,98.7385,339.7069,7203.976,8.49e-05,6085.123073513921,2026-09-24 22:29:17.718515,49008
1008,2024-11-21 17:07:27,325.9339,98.7385,339.4426,7203.976,8.48e-05,6085.123073513921,2026-09-24 22:29:17.718515,49008
1009,2024-11-21 20:30:25,326.073,98.7385,338.7389,7203.976,8.42e-05,6085.123073513921,2026-09-24 22:29:17.718515,49008
1010,2024-11-22 03:16:20,326.3512,98.7385,337.8627,7203.976,8.3e-05,6085.123073513921,2026-09-24 22:29:17.718515,49008
1011,2024-11-22 10:02:15,326.6295,98.7386,337.113,7203.975,8.19e-05,6085.121806479677,2026-09-24 22:29:17.718515,49008
1012,2024-11-22 13:25:12,326.7686,98.7386,336.2976,7203.975,8.09e-05,6085.121806479677,2026-09-24 22:29:17.718515,49008
1013,2024-11-22 18:29:38,326.9773,98.7386,335.1888,7203.975,7.98e-05,6085.121806479677,2026-09-24 22:29:17.718515,49008
1014,2024-11-22 21:52:36,327.1164,98.7386,334.5447,7203.975,7.94e-05,6085.121806479677,2026-09-24 22:29:17.718515,49008
1015,2024-11-23 02:57:02,327.325,98.7386,334.3624,7203.975,7.88e-05,6085.121806479677,2026-09-24 22:29:17.718515,49008
1016,2024-11-23 09:42:57,327.6033,98.7386,333.1282,7203.975,7.72e-05,6085.121806479677,2026-09-24 22:29:17.718515,49008
1017,2024-11-23 13:05:54,327.7424,98.7386,332.3193,7203.975,7.66e-05,6085.121806479677,2026-09-24 22:29:17.718515,49008
1018,2024-11-23 18:10:20,327.951,98.7386,331.0126,7203.974,7.52e-05,6085.12053944552,2026-09-24 22:29:17.718515,49008
1019,2024-11-23 21:33:18,328.0902,98.7386,329.9935,7203.974,7.46e-05,6085.12053944552,2026-09-24 22:29:17.718515,49008
1020,2024-11-24 02:37:44,328.2988,98.7386,328.7451,7203.974,7.31e-05,6085.12053944552,2026-09-24 22:29:17.718515,49008
1021,2024-11-24 11:05:08,328.6466,98.7386,326.8459,7203.974,7.13e-05,6085.12053944552,2026-09-24 22:29:17.718515,49008
1022,2024-11-24 12:46:36,328.7162,98.7386,326.3869,7203.974,7.11e-05,6085.12053944552,2026-09-24 22:29:17.718515,49008
1023,2024-11-24 19:32:31,328.9945,98.7385,324.7176,7203.973,6.98e-05,6085.119272411451,2026-09-24 22:29:17.718515,49008
1024,2024-11-24 22:55:29,329.1336,98.7385,323.7668,7203.973,6.93e-05,6085.119272411451,2026-09-24 22:29:17.718515,49008
1025,2024-11-25 03:59:55,329.3422,98.7385,322.4059,7203.973,6.79e-05,6085.119272411451,2026-09-24 22:29:17.718515,49008
1026,2024-11-25 10:45:50,329.6205,98.7385,320.7212,7203.972,6.63e-05,6085.118005377469,2026-09-24 22:29:17.718515,49008
1027,2024-11-25 12:27:18,329.69,98.7385,320.3349,7203.972,6.63e-05,6085.118005377469,2026-09-24 22:29:17.718515,49008
1028,2024-11-25 17:31:45,329.8987,98.7385,318.6824,7203.972,6.51e-05,6085.118005377469,2026-09-24 22:29:17.718515,49008
1029,2024-11-26 01:59:08,330.2465,98.7384,316.1154,7203.971,6.36e-05,6085.116738343575,2026-09-24 22:29:17.718515,49008
1030,2024-11-26 10:26:32,330.5943,98.7384,314.0015,7203.971,6.21e-05,6085.116738343575,2026-09-24 22:29:17.718515,49008
1031,2024-11-26 22:16:53,331.0812,98.7384,310.2062,7203.97,6.04e-05,6085.11547130977,2026-09-24 22:29:17.718515,49008
1032,2024-11-27 03:21:19,331.2899,98.7384,309.3738,7203.97,5.95e-05,6085.11547130977,2026-09-24 22:29:17.718515,49008
1033,2024-11-27 11:48:42,331.6377,98.7383,307.1228,7203.969,5.83e-05,6085.114204276052,2026-09-24 22:29:17.718515,49008
1034,2024-11-27 13:30:11,331.7073,98.7383,306.7189,7203.969,5.8e-05,6085.114204276052,2026-09-24 22:29:17.718515,49008
1035,2024-11-27 18:34:37,331.9159,98.7383,306.0758,7203.969,5.79e-05,6085.114204276052,2026-09-24 22:29:17.718515,49008
1036,2024-11-27 21:57:35,332.0551,98.7383,304.4554,7203.969,5.74e-05,6085.114204276052,2026-09-24 22:29:17.718515,49008
1037,2024-11-28 03:02:01,332.2637,98.7383,302.8556,7203.969,5.63e-05,6085.114204276052,2026-09-24 22:29:17.718515,49008
1038,2024-11-28 11:29:24,332.6115,98.7383,300.4954,7203.968,5.5e-05,6085.112937242422,2026-09-24 22:29:17.718515,49008
1039,2024-11-28 13:10:53,332.6811,98.7383,300.1445,7203.968,5.49e-05,6085.112937242422,2026-09-24 22:29:17.718515,49008
1040,2024-11-28 21:38:17,333.0289,98.7382,297.2111,7203.967,5.43e-05,6085.11167020888,2026-09-24 22:29:17.718515,49008
1041,2024-11-29 04:24:12,333.3071,98.7382,295.0152,7203.967,5.32e-05,6085.11167020888,2026-09-24 22:29:17.718515,49008
1042,2024-11-29 09:28:38,333.5157,98.7382,292.6321,7203.966,5.26e-05,6085.110403175428,2026-09-24 22:29:17.718515,49008
1043,2024-11-29 19:37:30,333.9331,98.7382,290.0053,7203.966,5.25e-05,6085.110403175428,2026-09-24 22:29:17.718515,49008
1044,2024-11-29 23:00:27,334.0722,98.7382,288.8398,7203.966,5.26e-05,6085.110403175428,2026-09-24 22:29:17.718515,49008
1045,2024-11-30 04:04:54,334.2809,98.7382,286.4498,7203.966,5.23e-05,6085.110403175428,2026-09-24 22:29:17.718515,49008
1046,2024-11-30 10:50:48,334.5591,98.7382,284.1195,7203.965,5.19e-05,6085.109136142062,2026-09-24 22:29:17.718515,49008
1047,2024-11-30 12:32:17,334.6286,98.7382,283.6252,7203.965,5.19e-05,6085.109136142062,2026-09-24 22:29:17.718515,49008
1048,2024-11-30 19:18:12,334.9068,98.7382,281.0131,7203.965,5.17e-05,6085.109136142062,2026-09-24 22:29:17.718515,49008
1049,2024-11-30 22:41:09,335.046,98.7382,279.7619,7203.965,5.19e-05,6085.109136142062,2026-09-24 22:29:17.718515,49008
1050,2024-12-01 03:45:36,335.2546,98.7382,277.6895,7203.965,5.16e-05,6085.109136142062,2026-09-24 22:29:17.718515,49008
1051,2024-12-01 10:31:30,335.5329,98.7382,276.1264,7203.964,5.11e-05,6085.107869108783,2026-09-24 22:29:17.718515,49008
1052,2024-12-01 13:54:28,335.672,98.7382,274.94,7203.964,5.11e-05,6085.107869108783,2026-09-24 22:29:17.718515,49008
1053,2024-12-01 20:40:23,335.9502,98.7382,273.4311,7203.964,5.09e-05,6085.107869108783,2026-09-24 22:29:17.718515,49008
1054,2024-12-01 22:21:51,336.0197,98.7382,272.3528,7203.963,5.12e-05,6085.106602075593,2026-09-24 22:29:17.718515,49008
1055,2024-12-02 03:26:17,336.2284,98.7382,270.7785,7203.963,5.08e-05,6085.106602075593,2026-09-24 22:29:17.718515,49008
1056,2024-12-02 11:53:41,336.5762,98.7382,267.135,7203.963,5.1e-05,6085.106602075593,2026-09-24 22:29:17.718515,49008
1057,2024-12-02 13:35:10,336.6457,98.7382,266.3772,7203.963,5.1e-05,6085.106602075593,2026-09-24 22:29:17.718515,49008
1058,2024-12-02 18:39:36,336.8544,98.7382,264.8438,7203.963,5.1e-05,6085.106602075593,2026-09-24 22:29:17.718515,49008
1059,2024-12-02 22:02:33,336.9935,98.7382,263.5529,7203.9619999999995,5.13e-05,6085.105335042491,2026-09-24 22:29:17.718515,49008
1060,2024-12-03 03:06:59,337.2022,98.7382,261.703,7203.9619999999995,5.09e-05,6085.105335042491,2026-09-24 22:29:17.718515,49008
1061,2024-12-03 11:34:23,337.5499,98.7382,257.9875,7203.9619999999995,5.11e-05,6085.105335042491,2026-09-24 22:29:17.718515,49008
1062,2024-12-03 14:57:20,337.689,98.7382,256.4717,7203.9619999999995,5.15e-05,6085.105335042491,2026-09-24 22:29:17.718515,49008
1063,2024-12-03 20:01:46,337.8977,98.7382,254.8377,7203.9619999999995,5.18e-05,6085.105335042491,2026-09-24 22:29:17.718515,49008
1064,2024-12-04 02:47:41,338.176,98.7382,251.8703,7203.961,5.24e-05,6085.1040680094775,2026-09-24 22:29:17.718515,49008
1065,2024-12-04 11:15:05,338.5237,98.7383,249.0474,7203.961,5.25e-05,6085.1040680094775,2026-09-24 22:29:17.718515,49008
1066,2024-12-04 14:38:02,338.6628,98.7383,247.8141,7203.961,5.28e-05,6085.1040680094775,2026-09-24 22:29:17.718515,49008
1067,2024-12-04 19:42:28,338.8715,98.7383,245.8703,7203.96,5.37e-05,6085.102800976551,2026-09-24 22:29:17.718515,49008
1068,2024-12-04 23:05:26,339.0106,98.7383,244.7506,7203.96,5.44e-05,6085.102800976551,2026-09-24 22:29:17.718515,49008
1069,2024-12-05 04:09:52,339.2193,98.7383,242.3755,7203.96,5.52e-05,6085.102800976551,2026-09-24 22:29:17.718515,49008
1070,2024-12-05 10:55:47,339.4975,98.7383,240.2241,7203.959,5.58e-05,6085.101533943714,2026-09-24 22:29:17.718515,49008
1071,2024-12-05 14:18:44,339.6366,98.7383,239.1139,7203.959,5.63e-05,6085.101533943714,2026-09-24 22:29:17.718515,49008
1072,2024-12-05 19:23:10,339.8453,98.7383,237.4997,7203.959,5.7e-05,6085.101533943714,2026-09-24 22:29:17.718515,49008
1073,2024-12-05 22:46:07,339.9844,98.7383,236.5619,7203.959,5.76e-05,6085.101533943714,2026-09-24 22:29:17.718515,49008
1074,2024-12-06 03:50:34,340.1931,98.7383,234.8514,7203.959,5.82e-05,6085.101533943714,2026-09-24 22:29:17.718515,49008
1075,2024-12-06 10:36:28,340.4713,98.7383,232.4765,7203.958,5.92e-05,6085.100266910963,2026-09-24 22:29:17.718515,49008
1076,2024-12-06 13:59:26,340.6104,98.7383,231.6335,7203.958,5.97e-05,6085.100266910963,2026-09-24 22:29:17.718515,49008
1077,2024-12-06 19:03:52,340.8191,98.7383,230.6088,7203.958,5.98e-05,6085.100266910963,2026-09-24 22:29:17.718515,49008
1078,2024-12-06 20:45:21,340.8886,98.7383,230.1741,7203.958,6.02e-05,6085.100266910963,2026-09-24 22:29:17.718515,49008
1079,2024-12-07 01:49:47,341.0973,98.7383,228.7282,7203.958,6.09e-05,6085.100266910963,2026-09-24 22:29:17.718515,49008
1080,2024-12-07 10:17:10,341.4451,98.7384,226.2842,7203.957,6.13e-05,6085.098999878302,2026-09-24 22:29:17.718515,49008
1081,2024-12-07 13:40:08,341.5842,98.7384,225.537,7203.957,6.15e-05,6085.098999878302,2026-09-24 22:29:17.718515,49008
1082,2024-12-07 18:44:34,341.7928,98.7384,224.846,7203.957,6.11e-05,6085.098999878302,2026-09-24 22:29:17.718515,49008
1083,2024-12-07 22:07:31,341.9319,98.7384,224.252,7203.957,6.18e-05,6085.098999878302,2026-09-24 22:29:17.718515,49008
1084,2024-12-08 03:11:57,342.1406,98.7384,222.8866,7203.957,6.24e-05,6085.098999878302,2026-09-24 22:29:17.718515,49008
1085,2024-12-08 11:39:21,342.4884,98.7384,220.5001,7203.956,6.36e-05,6085.097732845727,2026-09-24 22:29:17.718515,49008
1086,2024-12-08 13:20:49,342.5579,98.7384,220.0525,7203.956,6.43e-05,6085.097732845727,2026-09-24 22:29:17.718515,49008
1087,2024-12-08 18:25:16,342.7666,98.7384,218.7672,7203.956,6.54e-05,6085.097732845727,2026-09-24 22:29:17.718515,49008
1088,2024-12-08 21:48:13,342.9057,98.7384,218.115,7203.956,6.61e-05,6085.097732845727,2026-09-24 22:29:17.718515,49008
1089,2024-12-09 02:52:39,343.1144,98.7384,216.7341,7203.955,6.71e-05,6085.09646581324,2026-09-24 22:29:17.718515,49008
1090,2024-12-09 11:20:03,343.4622,98.7384,214.7404,7203.955,6.86e-05,6085.09646581324,2026-09-24 22:29:17.718515,49008
1091,2024-12-09 13:01:31,343.5317,98.7384,214.3452,7203.955,6.92e-05,6085.09646581324,2026-09-24 22:29:17.718515,49008
1092,2024-12-09 19:47:26,343.81,98.7384,212.8566,7203.955,7.12e-05,6085.09646581324,2026-09-24 22:29:17.718515,49008
1093,2024-12-09 21:28:55,343.8795,98.7384,212.5691,7203.954,7.15e-05,6085.095198780841,2026-09-24 22:29:17.718515,49008
1094,2024-12-10 02:33:21,344.0882,98.7384,211.3735,7203.954,7.28e-05,6085.095198780841,2026-09-24 22:29:17.718515,49008
1095,2024-12-10 12:42:13,344.5055,98.7384,209.1712,7203.954,7.48e-05,6085.095198780841,2026-09-24 22:29:17.718515,49008
1096,2024-12-10 21:09:36,344.8533,98.7384,208.2414,7203.954,7.64e-05,6085.095198780841,2026-09-24 22:29:17.718515,49008
1097,2024-12-10 22:51:05,344.9228,98.7384,208.0655,7203.954,7.69e-05,6085.095198780841,2026-09-24 22:29:17.718515,49008
1098,2024-12-11 03:55:31,345.1315,98.7384,206.852,7203.954,7.76e-05,6085.095198780841,2026-09-24 22:29:17.718515,49008
1099,2024-12-11 14:04:23,345.5488,98.7384,204.7128,7203.9529999999995,8.03e-05,6085.09393174853,2026-09-24 22:29:17.718515,49008
1100,2024-12-11 19:08:49,345.7575,98.7383,203.7696,7203.9529999999995,8.09e-05,6085.09393174853,2026-09-24 22:29:17.718515,49008
1101,2024-12-11 22:31:47,345.8966,98.7383,203.3309,7203.9529999999995,8.2e-05,6085.09393174853,2026-09-24 22:29:17.718515,49008
1102,2024-12-12 03:36:13,346.1053,98.7383,202.2526,7203.9529999999995,8.23e-05,6085.09393174853,2026-09-24 22:29:17.718515,49008
1103,2024-12-12 12:03:36,346.453,98.7383,200.5913,7203.9529999999995,8.4e-05,6085.09393174853,2026-09-24 22:29:17.718515,49008
1104,2024-12-12 13:45:05,346.5226,98.7383,200.2656,7203.9529999999995,8.42e-05,6085.09393174853,2026-09-24 22:29:17.718515,49008
1105,2024-12-12 18:49:31,346.7312,98.7383,199.132,7203.9529999999995,8.42e-05,6085.09393174853,2026-09-24 22:29:17.718515,49008
1106,2024-12-12 22:12:29,346.8703,98.7383,198.7068,7203.952,8.45e-05,6085.092664716309,2026-09-24 22:29:17.718515,49008
1107,2024-12-13 03:16:55,347.079,98.7383,197.6972,7203.952,8.56e-05,6085.092664716309,2026-09-24 22:29:17.718515,49008
1108,2024-12-13 11:44:18,347.4268,98.7383,196.1426,7203.952,8.81e-05,6085.092664716309,2026-09-24 22:29:17.718515,49008
1109,2024-12-13 13:25:47,347.4963,98.7383,195.8932,7203.952,8.86e-05,6085.092664716309,2026-09-24 22:29:17.718515,49008
1110,2024-12-13 18:30:13,347.705,98.7383,195.1505,7203.951,8.99e-05,6085.091397684174,2026-09-24 22:29:17.718515,49008
1111,2024-12-14 04:39:05,348.1224,98.7383,193.5132,7203.951,9.17e-05,6085.091397684174,2026-09-24 22:29:17.718515,49008
1112,2024-12-14 13:06:29,348.4701,98.7383,192.0769,7203.951,9.4e-05,6085.091397684174,2026-09-24 22:29:17.718515,49008
1113,2024-12-14 18:10:55,348.6788,98.7383,191.435,7203.95,9.51e-05,6085.090130652127,2026-09-24 22:29:17.718515,49008
1114,2024-12-14 21:33:52,348.8179,98.7383,191.0537,7203.95,9.57e-05,6085.090130652127,2026-09-24 22:29:17.718515,49008
1115,2024-12-15 06:01:15,349.1657,98.7383,189.658,7203.95,9.81e-05,6085.090130652127,2026-09-24 22:29:17.718515,49008
1116,2024-12-15 11:05:42,349.3743,98.7383,188.927,7203.95,9.95e-05,6085.090130652127,2026-09-24 22:29:17.718515,49008
1117,2024-12-15 12:47:10,349.4439,98.7383,188.7784,7203.95,9.97e-05,6085.090130652127,2026-09-24 22:29:17.718515,49008
1118,2024-12-15 19:33:05,349.7221,98.7383,187.9524,7203.95,0.0001015,6085.090130652127,2026-09-24 22:29:17.718515,49008
1119,2024-12-15 21:14:34,349.7917,98.7383,187.8465,7203.95,0.0001018,6085.090130652127,2026-09-24 22:29:17.718515,49008
1120,2024-12-16 04:00:28,350.0699,98.7383,186.8651,7203.949,0.0001037,6085.088863620168,2026-09-24 22:29:17.718515,49008
1121,2024-12-16 10:46:23,350.3481,98.7383,185.9226,7203.949,0.0001054,6085.088863620168,2026-09-24 22:29:17.718515,49008
1122,2024-12-16 12:27:52,350.4177,98.7383,185.7397,7203.949,0.0001058,6085.088863620168,2026-09-24 22:29:17.718515,49008
1123,2024-12-16 19:13:47,350.6959,98.7383,185.0455,7203.949,0.0001079,6085.088863620168,2026-09-24 22:29:17.718515,49008
1124,2024-12-16 22:36:44,350.835,98.7383,184.7553,7203.949,0.0001087,6085.088863620168,2026-09-24 22:29:17.718515,49008
1125,2024-12-17 03:41:10,351.0437,98.7383,183.9779,7203.948,0.0001099,6085.087596588299,2026-09-24 22:29:17.718515,49008
1126,2024-12-17 10:27:05,351.3219,98.7384,183.0171,7203.948,0.0001115,6085.087596588299,2026-09-24 22:29:17.718515,49008
1127,2024-12-17 13:50:02,351.461,98.7384,182.5947,7203.948,0.0001124,6085.087596588299,2026-09-24 22:29:17.718515,49008
1128,2024-12-17 17:13:00,351.6001,98.7384,182.1597,7203.948,0.0001126,6085.087596588299,2026-09-24 22:29:17.718515,49008
1129,2024-12-17 22:17:26,351.8088,98.7384,181.5859,7203.948,0.0001133,6085.087596588299,2026-09-24 22:29:17.718515,49008
1130,2024-12-18 03:21:52,352.0174,98.7384,180.7421,7203.948,0.0001144,6085.087596588299,2026-09-24 22:29:17.718515,49008
1131,2024-12-18 08:26:18,352.2261,98.7384,179.9444,7203.948,0.0001153,6085.087596588299,2026-09-24 22:29:17.718515,49008
1132,2024-12-18 21:58:07,352.7825,98.7385,178.2568,7203.947,0.0001175,6085.086329556515,2026-09-24 22:29:17.718515,49008
1133,2024-12-19 03:02:33,352.9912,98.7385,177.4842,7203.947,0.0001185,6085.086329556515,2026-09-24 22:29:17.718515,49008
1134,2024-12-19 06:25:31,353.1303,98.7385,177.0021,7203.947,0.0001193,6085.086329556515,2026-09-24 22:29:17.718515,49008
1135,2024-12-19 08:06:59,353.1999,98.7385,176.8282,7203.947,0.00012,6085.086329556515,2026-09-24 22:29:17.718515,49008
1136,2024-12-19 13:11:26,353.4086,98.7385,176.236,7203.947,0.0001211,6085.086329556515,2026-09-24 22:29:17.718515,49008
1137,2024-12-19 19:57:20,353.6868,98.7385,175.4102,7203.947,0.0001224,6085.086329556515,2026-09-24 22:29:17.718515,49008
1138,2024-12-19 21:38:49,353.7563,98.7385,175.2771,7203.947,0.0001228,6085.086329556515,2026-09-24 22:29:17.718515,49008
1139,2024-12-20 04:24:44,354.0346,98.7386,174.5656,7203.946,0.0001249,6085.08506252482,2026-09-24 22:29:17.718515,49008
1140,2024-12-20 11:10:38,354.3128,98.7386,173.9006,7203.946,0.0001271,6085.08506252482,2026-09-24 22:29:17.718515,49008
1141,2024-12-20 12:52:07,354.3823,98.7386,173.676,7203.946,0.0001275,6085.08506252482,2026-09-24 22:29:17.718515,49008
1142,2024-12-20 19:38:02,354.6606,98.7386,173.0657,7203.946,0.0001291,6085.08506252482,2026-09-24 22:29:17.718515,49008
1143,2024-12-20 21:19:31,354.7301,98.7386,172.9746,7203.946,0.0001295,6085.08506252482,2026-09-24 22:29:17.718515,49008
1144,2024-12-21 04:05:25,355.0084,98.7386,172.2161,7203.946,0.0001314,6085.08506252482,2026-09-24 22:29:17.718515,49008
1145,2024-12-21 12:32:49,355.3561,98.7387,171.3215,7203.945,0.0001335,6085.083795493212,2026-09-24 22:29:17.718515,49008
1146,2024-12-21 21:00:12,355.7039,98.7387,170.6236,7203.945,0.0001355,6085.083795493212,2026-09-24 22:29:17.718515,49008
1147,2024-12-21 22:41:41,355.7735,98.7387,170.5086,7203.945,0.0001357,6085.083795493212,2026-09-24 22:29:17.718515,49008
1148,2024-12-22 03:46:07,355.9822,98.7387,170.0041,7203.9439999999995,0.000137,6085.082528461693,2026-09-24 22:29:17.718515,49008
1149,2024-12-22 10:32:02,356.2604,98.7387,169.259,7203.9439999999995,0.0001388,6085.082528461693,2026-09-24 22:29:17.718515,49008
1150,2024-12-22 13:54:59,356.3995,98.7387,168.9392,7203.9439999999995,0.0001395,6085.082528461693,2026-09-24 22:29:17.718515,49008
1151,2024-12-22 20:40:54,356.6777,98.7387,168.3107,7203.9439999999995,0.0001414,6085.082528461693,2026-09-24 22:29:17.718515,49008
1152,2024-12-23 05:08:17,357.0255,98.7387,167.4507,7203.943,0.0001432,6085.081261430263,2026-09-24 22:29:17.718515,49008
1153,2024-12-23 11:54:12,357.3038,98.7387,166.8255,7203.943,0.000145,6085.081261430263,2026-09-24 22:29:17.718515,49008
1154,2024-12-23 13:35:41,357.3733,98.7387,166.6249,7203.943,0.0001454,6085.081261430263,2026-09-24 22:29:17.718515,49008
1155,2024-12-23 18:40:07,357.582,98.7387,165.956,7203.943,0.0001453,6085.081261430263,2026-09-24 22:29:17.718515,49008
1156,2024-12-24 03:07:30,357.9298,98.7387,165.2384,7203.942,0.0001471,6085.07999439892,2026-09-24 22:29:17.718515,49008
1157,2024-12-24 11:34:53,358.2776,98.7387,164.2286,7203.942,0.0001484,6085.07999439892,2026-09-24 22:29:17.718515,49008
1158,2024-12-24 13:16:22,358.3472,98.7387,164.0801,7203.942,0.0001488,6085.07999439892,2026-09-24 22:29:17.718515,49008
1159,2024-12-24 20:02:17,358.6254,98.7387,163.4506,7203.942,0.0001502,6085.07999439892,2026-09-24 22:29:17.718515,49008
1160,2024-12-24 21:43:46,358.695,98.7387,163.299,7203.942,0.0001504,6085.07999439892,2026-09-24 22:29:17.718515,49008
1161,2024-12-25 04:29:40,358.9732,98.7387,162.5924,7203.942,0.0001521,6085.07999439892,2026-09-24 22:29:17.718515,49008
1162,2024-12-25 12:57:04,359.321,98.7387,161.6768,7203.941,0.0001538,6085.078727367664,2026-09-24 22:29:17.718515,49008
1163,2024-12-25 14:38:32,359.3905,98.7387,161.4747,7203.941,0.0001541,6085.078727367664,2026-09-24 22:29:17.718515,49008
1164,2024-12-26 02:28:53,359.8774,98.7386,160.5767,7203.9400000000005,0.000157,6085.077460336498,2026-09-24 22:29:17.718515,49008
1165,2024-12-26 05:51:51,0.0165,98.7386,160.1987,7203.9400000000005,0.0001577,6085.077460336498,2026-09-24 22:29:17.718515,49008
1166,2024-12-26 12:37:45,0.2948,98.7386,159.7253,7203.939,0.0001593,6085.076193305418,2026-09-24 22:29:17.718515,49008
1167,2024-12-26 19:23:40,0.573,98.7386,159.2057,7203.939,0.0001607,6085.076193305418,2026-09-24 22:29:17.718515,49008
1168,2024-12-26 22:46:37,0.7121,98.7386,158.9909,7203.939,0.0001613,6085.076193305418,2026-09-24 22:29:17.718515,49008
1169,2024-12-27 03:51:03,0.9208,98.7386,158.3591,7203.939,0.0001625,6085.076193305418,2026-09-24 22:29:17.718515,49008
1170,2024-12-27 10:36:58,1.199,98.7386,157.7795,7203.939,0.0001644,6085.076193305418,2026-09-24 22:29:17.718515,49008
1171,2024-12-27 13:59:55,1.3381,98.7386,157.4889,7203.938,0.0001651,6085.074926274427,2026-09-24 22:29:17.718515,49008
1172,2024-12-27 19:04:21,1.5468,98.7386,156.834,7203.938,0.0001654,6085.074926274427,2026-09-24 22:29:17.718515,49008
1173,2024-12-27 22:27:19,1.6859,98.7386,156.6657,7203.938,0.0001661,6085.074926274427,2026-09-24 22:29:17.718515,49008
1174,2024-12-28 03:31:45,1.8946,98.7386,156.027,7203.938,0.0001669,6085.074926274427,2026-09-24 22:29:17.718515,49008
1175,2024-12-28 10:17:40,2.1728,98.7386,155.2687,7203.937,0.0001681,6085.073659243523,2026-09-24 22:29:17.718515,49008
1176,2024-12-28 13:40:37,2.3119,98.7386,154.9683,7203.937,0.0001688,6085.073659243523,2026-09-24 22:29:17.718515,49008
1177,2024-12-28 20:26:32,2.5902,98.7386,154.2036,7203.937,0.0001697,6085.073659243523,2026-09-24 22:29:17.718515,49008
1178,2024-12-29 03:12:26,2.8684,98.7386,153.5629,7203.937,0.0001709,6085.073659243523,2026-09-24 22:29:17.718515,49008
1179,2024-12-29 08:16:52,3.0771,98.7386,153.0582,7203.936,0.0001719,6085.072392212707,2026-09-24 22:29:17.718515,49008
1180,2024-12-29 13:21:18,3.2857,98.7386,152.6316,7203.936,0.0001729,6085.072392212707,2026-09-24 22:29:17.718515,49008
1181,2024-12-29 18:25:44,3.4944,98.7386,152.1514,7203.936,0.0001737,6085.072392212707,2026-09-24 22:29:17.718515,49008
1182,2024-12-29 21:48:42,3.6335,98.7386,152.0354,7203.9349999999995,0.0001746,6085.071125181979,2026-09-24 22:29:17.718515,49008
1183,2024-12-30 02:53:08,3.8422,98.7386,151.4675,7203.9349999999995,0.0001756,6085.071125181979,2026-09-24 22:29:17.718515,49008
1184,2024-12-30 07:57:34,4.0509,98.7386,151.0206,7203.9349999999995,0.0001766,6085.071125181979,2026-09-24 22:29:17.718515,49008
1185,2024-12-30 11:20:31,4.19,98.7386,150.7476,7203.934,0.0001771,6085.069858151341,2026-09-24 22:29:17.718515,49008
1186,2024-12-30 13:02:00,4.2596,98.7387,150.548,7203.934,0.0001774,6085.069858151341,2026-09-24 22:29:17.718515,49008
1187,2024-12-30 18:06:26,4.4682,98.7386,150.2968,7203.934,0.0001785,6085.069858151341,2026-09-24 22:29:17.718515,49008
1188,2024-12-30 21:29:23,4.6074,98.7386,150.1166,7203.934,0.0001792,6085.069858151341,2026-09-24 22:29:17.718515,49008
1189,2024-12-31 02:33:49,4.816,98.7387,149.6993,7203.934,0.0001803,6085.069858151341,2026-09-24 22:29:17.718515,49008
1190,2024-12-31 11:01:12,5.1638,98.7387,148.972,7203.933,0.0001822,6085.068591120788,2026-09-24 22:29:17.718515,49008
1191,2024-12-31 12:42:41,5.2334,98.7387,148.8571,7203.933,0.0001824,6085.068591120788,2026-09-24 22:29:17.718515,49008
1192,2024-12-31 17:47:07,5.4421,98.7387,148.5091,7203.933,0.0001834,6085.068591120788,2026-09-24 22:29:17.718515,49008
1193,2024-12-31 22:51:33,5.6507,98.7387,148.1914,7203.932,0.0001841,6085.067324090324,2026-09-24 22:29:17.718515,49008
1194,2025-01-01 03:55:59,5.8594,98.7388,147.7381,7203.932,0.0001852,6085.067324090324,2026-09-24 22:29:17.718515,49008
1195,2025-01-01 12:23:23,6.2072,98.7388,147.1369,7203.9310000000005,0.000187,6085.06605705995,2026-09-24 22:29:17.718515,49008
1196,2025-01-01 20:50:46,6.555,98.7388,146.513,7203.926,0.0001883,6085.05972190939,2026-09-24 22:29:17.718515,49008
1197,2025-01-01 22:32:14,6.6246,98.7388,146.3216,7203.926,0.0001884,6085.05972190939,2026-09-24 22:29:17.718515,49008
1198,2025-01-02 06:59:38,6.9724,98.7389,145.6419,7203.93,0.0001903,6085.064790029662,2026-09-24 22:29:17.718515,49008
1199,2025-01-02 22:12:56,7.5984,98.7389,144.2452,7203.93,0.0001927,6085.064790029662,2026-09-24 22:29:17.718515,49008
1200,2025-01-03 13:26:14,8.2245,98.739,142.7202,7203.929,0.0001956,6085.0635229994605,2026-09-24 22:29:17.718515,49008
1201,2025-01-03 20:12:09,8.5027,98.739,141.8659,7203.929,0.0001969,6085.0635229994605,2026-09-24 22:29:17.718515,49008
1202,2025-01-04 02:58:03,8.7809,98.739,141.4312,7203.929,0.0001983,6085.0635229994605,2026-09-24 22:29:17.718515,49008
1203,2025-01-04 11:25:26,9.1287,98.7391,141.0986,7203.928,0.0002003,6085.062255969349,2026-09-24 22:29:17.718515,49008
1204,2025-01-04 14:48:24,9.2678,98.739,140.7402,7203.928,0.000201,6085.062255969349,2026-09-24 22:29:17.718515,49008
1205,2025-01-04 21:34:18,9.5461,98.739,140.3297,7203.927,0.0002021,6085.0609889393245,2026-09-24 22:29:17.718515,49008
1206,2025-01-04 23:15:47,9.6156,98.739,140.2031,7203.927,0.0002022,6085.0609889393245,2026-09-24 22:29:17.718515,49008
1207,2025-01-05 02:38:44,9.7548,98.7391,139.9734,7203.927,0.000203,6085.0609889393245,2026-09-24 22:29:17.718515,49008
1208,2025-01-05 11:06:08,10.1025,98.7391,139.2709,7203.926,0.0002046,6085.05972190939,2026-09-24 22:29:17.718515,49008
1209,2025-01-05 19:33:31,10.4504,98.7391,138.6347,7203.926,0.000206,6085.05972190939,2026-09-24 22:29:17.718515,49008
1210,2025-01-06 05:42:23,10.8677,98.7391,137.8488,7203.926,0.0002078,6085.05972190939,2026-09-24 22:29:17.718515,49008
1211,2025-01-06 12:28:18,11.146,98.7392,137.233,7203.925,0.000209,6085.058454879541,2026-09-24 22:29:17.718515,49008
1212,2025-01-06 14:09:46,11.2155,98.7392,137.1051,7203.925,0.0002093,6085.058454879541,2026-09-24 22:29:17.718515,49008
1213,2025-01-06 19:14:12,11.4242,98.7391,136.7614,7203.925,0.0002102,6085.058454879541,2026-09-24 22:29:17.718515,49008
1214,2025-01-06 22:37:10,11.5633,98.7391,136.547,7203.925,0.0002106,6085.058454879541,2026-09-24 22:29:17.718515,49008
1215,2025-01-07 02:00:07,11.7025,98.7392,136.2609,7203.925,0.0002112,6085.058454879541,2026-09-24 22:29:17.718515,49008
1216,2025-01-07 12:08:59,12.1198,98.7392,135.2315,7203.924,0.0002127,6085.05718784978,2026-09-24 22:29:17.718515,49008
1217,2025-01-07 13:50:28,12.1894,98.7392,135.0764,7203.924,0.000213,6085.05718784978,2026-09-24 22:29:17.718515,49008
1218,2025-01-07 20:36:22,12.4676,98.7392,134.4661,7203.924,0.0002138,6085.05718784978,2026-09-24 22:29:17.718515,49008
1219,2025-01-08 03:22:17,12.7459,98.7392,133.8245,7203.924,0.0002146,6085.05718784978,2026-09-24 22:29:17.718515,49008
1220,2025-01-08 11:49:40,13.0937,98.7393,133.2932,7203.923,0.0002163,6085.055920820108,2026-09-24 22:29:17.718515,49008
1221,2025-01-08 13:31:09,13.1633,98.7392,133.1851,7203.923,0.0002167,6085.055920820108,2026-09-24 22:29:17.718515,49008
1222,2025-01-08 21:58:32,13.5111,98.7392,132.6391,7203.923,0.0002178,6085.055920820108,2026-09-24 22:29:17.718515,49008
1223,2025-01-09 06:25:55,13.8589,98.7393,131.8885,7203.923,0.0002193,6085.055920820108,2026-09-24 22:29:17.718515,49008
1224,2025-01-09 18:16:16,14.3458,98.7392,131.051,7203.9220000000005,0.0002212,6085.054653790525,2026-09-24 22:29:17.718515,49008
1225,2025-01-09 19:57:45,14.4154,98.7392,130.9468,7203.9220000000005,0.0002213,6085.054653790525,2026-09-24 22:29:17.718515,49008
1226,2025-01-09 21:39:13,14.4849,98.7392,130.8142,7203.9220000000005,0.0002215,6085.054653790525,2026-09-24 22:29:17.718515,49008
1227,2025-01-10 06:06:37,14.8328,98.7392,130.2249,7203.9220000000005,0.0002232,6085.054653790525,2026-09-24 22:29:17.718515,49008
1228,2025-01-10 11:11:03,15.0414,98.7392,129.8275,7203.9220000000005,0.0002239,6085.054653790525,2026-09-24 22:29:17.718515,49008
1229,2025-01-10 12:52:31,15.111,98.7392,129.7264,7203.9220000000005,0.0002242,6085.054653790525,2026-09-24 22:29:17.718515,49008
1230,2025-01-11 12:33:12,16.0849,98.7392,128.0297,7203.921,0.0002278,6085.053386761028,2026-09-24 22:29:17.718515,49008
1231,2025-01-11 14:14:41,16.1544,98.7392,127.9312,7203.921,0.0002281,6085.053386761028,2026-09-24 22:29:17.718515,49008
1232,2025-01-11 19:19:07,16.3631,98.7392,127.4527,7203.921,0.0002287,6085.053386761028,2026-09-24 22:29:17.718515,49008
1233,2025-01-11 22:42:04,16.5022,98.7392,127.2183,7203.921,0.0002289,6085.053386761028,2026-09-24 22:29:17.718515,49008
1234,2025-01-12 02:05:02,16.6414,98.7392,126.8717,7203.921,0.0002295,6085.053386761028,2026-09-24 22:29:17.718515,49008
1235,2025-01-12 12:13:53,17.0587,98.7393,126.0668,7203.92,0.0002308,6085.052119731619,2026-09-24 22:29:17.718515,49008
1236,2025-01-12 13:55:22,17.1283,98.7393,125.9419,7203.92,0.0002311,6085.052119731619,2026-09-24 22:29:17.718515,49008
1237,2025-01-12 20:41:17,17.4066,98.7393,125.3658,7203.92,0.0002319,6085.052119731619,2026-09-24 22:29:17.718515,49008
1238,2025-01-12 22:22:45,17.4761,98.7393,125.2105,7203.92,0.000232,6085.052119731619,2026-09-24 22:29:17.718515,49008
1239,2025-01-13 03:27:11,17.6848,98.7393,124.8062,7203.92,0.0002327,6085.052119731619,2026-09-24 22:29:17.718515,49008
1240,2025-01-13 11:54:35,18.0327,98.7393,124.3633,7203.919,0.0002339,6085.0508527022985,2026-09-24 22:29:17.718515,49008
1241,2025-01-13 13:36:03,18.1022,98.7393,124.1926,7203.919,0.0002341,6085.0508527022985,2026-09-24 22:29:17.718515,49008
1242,2025-01-13 18:40:29,18.3109,98.7393,123.7538,7203.919,0.0002348,6085.0508527022985,2026-09-24 22:29:17.718515,49008
1243,2025-01-13 22:03:27,18.45,98.7393,123.4878,7203.919,0.0002349,6085.0508527022985,2026-09-24 22:29:17.718515,49008
1244,2025-01-14 04:49:21,18.7283,98.7394,122.9576,7203.919,0.0002361,6085.0508527022985,2026-09-24 22:29:17.718515,49008
1245,2025-01-14 11:35:16,19.0066,98.7394,122.5725,7203.919,0.000237,6085.0508527022985,2026-09-24 22:29:17.718515,49008
1246,2025-01-14 13:16:44,19.0761,98.7394,122.4276,7203.919,0.0002372,6085.0508527022985,2026-09-24 22:29:17.718515,49008
1247,2025-01-14 18:21:10,19.2848,98.7394,121.6567,7203.919,0.0002382,6085.0508527022985,2026-09-24 22:29:17.718515,49008
1248,2025-01-14 23:25:36,19.4935,98.7394,121.2718,7203.918,0.0002384,6085.049585673065,2026-09-24 22:29:17.718515,49008
1249,2025-01-15 02:48:34,19.6327,98.7394,121.0406,7203.918,0.000239,6085.049585673065,2026-09-24 22:29:17.718515,49008
1250,2025-01-15 11:15:57,19.9805,98.7395,120.3518,7203.918,0.0002403,6085.049585673065,2026-09-24 22:29:17.718515,49008
1251,2025-01-15 12:57:26,20.0501,98.7395,120.6908,7203.918,0.0002402,6085.049585673065,2026-09-24 22:29:17.718515,49008
1252,2025-01-15 18:01:51,20.2588,98.7395,120.3298,7203.918,0.0002408,6085.049585673065,2026-09-24 22:29:17.718515,49008
1253,2025-01-16 02:29:15,20.6066,98.7395,119.8034,7203.918,0.0002417,6085.049585673065,2026-09-24 22:29:17.718515,49008
1254,2025-01-16 12:38:07,21.024,98.7396,118.9776,7203.918,0.0002431,6085.049585673065,2026-09-24 22:29:17.718515,49008
1255,2025-01-16 21:05:30,21.3718,98.7396,118.4605,7203.917,0.0002437,6085.048318643921,2026-09-24 22:29:17.718515,49008
1256,2025-01-16 22:46:59,21.4414,98.7396,118.351,7203.917,0.0002438,6085.048318643921,2026-09-24 22:29:17.718515,49008
1257,2025-01-17 00:28:27,21.511,98.7396,118.2259,7203.917,0.000244,6085.048318643921,2026-09-24 22:29:17.718515,49008
1258,2025-01-17 08:55:50,21.8588,98.7397,117.6689,7203.917,0.0002454,6085.048318643921,2026-09-24 22:29:17.718515,49008
1259,2025-01-17 14:00:16,22.0675,98.7397,117.3013,7203.917,0.0002458,6085.048318643921,2026-09-24 22:29:17.718515,49008
1260,2025-01-17 22:27:40,22.4154,98.7397,116.7596,7203.916,0.0002463,6085.047051614864,2026-09-24 22:29:17.718515,49008
1261,2025-01-18 03:32:06,22.6241,98.7398,116.3529,7203.916,0.000247,6085.047051614864,2026-09-24 22:29:17.718515,49008
1262,2025-01-18 10:18:00,22.9023,98.7398,115.9188,7203.916,0.000248,6085.047051614864,2026-09-24 22:29:17.718515,49008
1263,2025-01-18 13:40:57,23.0415,98.7399,115.6558,7203.916,0.0002483,6085.047051614864,2026-09-24 22:29:17.718515,49008
1264,2025-01-18 18:45:23,23.2502,98.7399,115.2343,7203.916,0.0002486,6085.047051614864,2026-09-24 22:29:17.718515,49008
1265,2025-01-18 22:08:21,23.3893,98.7399,114.9641,7203.915,0.0002486,6085.045784585896,2026-09-24 22:29:17.718515,49008
1266,2025-01-19 04:54:15,23.6676,98.7399,114.4297,7203.915,0.0002495,6085.045784585896,2026-09-24 22:29:17.718515,49008
1267,2025-01-19 11:40:10,23.9459,98.74,113.8755,7203.915,0.0002506,6085.045784585896,2026-09-24 22:29:17.718515,49008
1268,2025-01-19 13:21:39,24.0154,98.74,113.7594,7203.915,0.0002508,6085.045784585896,2026-09-24 22:29:17.718515,49008
1269,2025-01-19 21:49:02,24.3633,98.74,113.0038,7203.914,0.0002515,6085.044517557014,2026-09-24 22:29:17.718515,49008
1270,2025-01-20 02:53:28,24.572,98.74,112.6204,7203.914,0.0002519,6085.044517557014,2026-09-24 22:29:17.718515,49008
1271,2025-01-20 13:02:20,24.9894,98.7401,111.9588,7203.914,0.0002526,6085.044517557014,2026-09-24 22:29:17.718515,49008
1272,2025-01-20 14:43:48,25.059,98.7401,111.8164,7203.914,0.0002528,6085.044517557014,2026-09-24 22:29:17.718515,49008
1273,2025-01-20 21:29:43,25.3373,98.7401,111.3807,7203.9130000000005,0.0002529,6085.043250528222,2026-09-24 22:29:17.718515,49008
1274,2025-01-20 23:11:11,25.4069,98.7401,111.2346,7203.9130000000005,0.0002528,6085.043250528222,2026-09-24 22:29:17.718515,49008
1275,2025-01-21 04:15:37,25.6156,98.7401,110.9136,7203.9130000000005,0.0002537,6085.043250528222,2026-09-24 22:29:17.718515,49008
1276,2025-01-21 11:01:32,25.8939,98.7401,110.4274,7203.9130000000005,0.0002544,6085.043250528222,2026-09-24 22:29:17.718515,49008
1277,2025-01-21 14:24:29,26.033,98.7401,110.2006,7203.9130000000005,0.0002547,6085.043250528222,2026-09-24 22:29:17.718515,49008
1278,2025-01-21 21:10:24,26.3113,98.7401,109.6437,7203.912,0.000255,6085.041983499517,2026-09-24 22:29:17.718515,49008
1279,2025-01-21 22:51:52,26.3809,98.7401,109.5162,7203.912,0.000255,6085.041983499517,2026-09-24 22:29:17.718515,49008
1280,2025-01-22 03:56:18,26.5896,98.7401,109.0411,7203.912,0.0002558,6085.041983499517,2026-09-24 22:29:17.718515,49008
1281,2025-01-22 05:37:47,26.6591,98.7401,109.2265,7203.912,0.0002554,6085.041983499517,2026-09-24 22:29:17.718515,49008
1282,2025-01-22 12:23:42,26.9374,98.7401,108.4311,7203.912,0.0002565,6085.041983499517,2026-09-24 22:29:17.718515,49008
1283,2025-01-23 03:36:59,27.5636,98.7401,107.7253,7203.911,0.0002569,6085.0407164708995,2026-09-24 22:29:17.718515,49008
1284,2025-01-23 13:45:51,27.981,98.7401,106.9142,7203.911,0.0002583,6085.0407164708995,2026-09-24 22:29:17.718515,49008
1285,2025-01-23 18:50:17,28.1897,98.7401,106.5182,7203.91,0.0002586,6085.039449442371,2026-09-24 22:29:17.718515,49008
1286,2025-01-23 22:13:14,28.3289,98.7401,106.2656,7203.91,0.0002586,6085.039449442371,2026-09-24 22:29:17.718515,49008
1287,2025-01-24 03:17:40,28.5376,98.7401,105.8973,7203.91,0.0002591,6085.039449442371,2026-09-24 22:29:17.718515,49008
1288,2025-01-24 10:03:35,28.8159,98.7401,105.3949,7203.909,0.0002598,6085.0381824139295,2026-09-24 22:29:17.718515,49008
1289,2025-01-24 13:26:32,28.955,98.7401,105.1821,7203.909,0.0002599,6085.0381824139295,2026-09-24 22:29:17.718515,49008
1290,2025-01-24 18:30:58,29.1637,98.7401,104.6701,7203.909,0.0002605,6085.0381824139295,2026-09-24 22:29:17.718515,49008
1291,2025-01-24 21:53:55,29.3029,98.7401,104.4087,7203.909,0.0002606,6085.0381824139295,2026-09-24 22:29:17.718515,49008
1292,2025-01-25 02:58:21,29.5116,98.7401,104.0514,7203.909,0.0002611,6085.0381824139295,2026-09-24 22:29:17.718515,49008
1293,2025-01-25 13:07:13,29.929,98.7401,103.3277,7203.908,0.0002618,6085.036915385577,2026-09-24 22:29:17.718515,49008
1294,2025-01-25 13:07:13,29.929,98.7401,103.3205,7203.908,0.0002619,6085.036915385577,2026-09-24 22:29:17.718515,49008
1295,2025-01-25 18:11:39,30.1378,98.7401,102.9627,7203.908,0.000262,6085.036915385577,2026-09-24 22:29:17.718515,49008
1296,2025-01-25 21:34:36,30.2769,98.7401,102.7517,7203.908,0.0002619,6085.036915385577,2026-09-24 22:29:17.718515,49008
1297,2025-01-26 04:20:31,30.5552,98.7401,102.2675,7203.908,0.0002624,6085.036915385577,2026-09-24 22:29:17.718515,49008
1298,2025-01-26 11:06:25,30.8335,98.7401,101.8308,7203.907,0.0002628,6085.035648357311,2026-09-24 22:29:17.718515,49008
1299,2025-01-26 14:29:23,30.9726,98.7401,101.5866,7203.907,0.000263,6085.035648357311,2026-09-24 22:29:17.718515,49008
1300,2025-01-26 19:33:49,31.1813,98.7401,101.21,7203.907,0.0002632,6085.035648357311,2026-09-24 22:29:17.718515,49008
1301,2025-01-26 22:56:46,31.3205,98.7401,101.0047,7203.907,0.0002629,6085.035648357311,2026-09-24 22:29:17.718515,49008
1302,2025-01-27 02:19:43,31.4596,98.7401,100.7949,7203.907,0.0002633,6085.035648357311,2026-09-24 22:29:17.718515,49008
1303,2025-01-27 12:28:35,31.8771,98.7402,100.0726,7203.907,0.0002639,6085.035648357311,2026-09-24 22:29:17.718515,49008
1304,2025-01-27 20:55:58,32.2249,98.7402,99.5018,7203.906,0.0002638,6085.034381329134,2026-09-24 22:29:17.718515,49008
1305,2025-01-28 08:46:19,32.712,98.7403,98.6214,7203.906,0.0002642,6085.034381329134,2026-09-24 22:29:17.718515,49008
1306,2025-01-28 18:55:10,33.1294,98.7403,97.9102,7203.905,0.0002643,6085.033114301044,2026-09-24 22:29:17.718515,49008
1307,2025-01-28 20:36:39,33.199,98.7403,97.7959,7203.905,0.0002644,6085.033114301044,2026-09-24 22:29:17.718515,49008
1308,2025-01-29 03:22:34,33.4773,98.7403,97.3112,7203.905,0.0002646,6085.033114301044,2026-09-24 22:29:17.718515,49008
1309,2025-01-29 13:31:25,33.8947,98.7404,96.4413,7203.905,0.0002653,6085.033114301044,2026-09-24 22:29:17.718515,49008
1310,2025-01-29 21:58:49,34.2426,98.7404,95.8244,7203.904,0.0002655,6085.031847273044,2026-09-24 22:29:17.718515,49008
1311,2025-01-30 03:03:14,34.4514,98.7405,95.4548,7203.904,0.0002657,6085.031847273044,2026-09-24 22:29:17.718515,49008
1312,2025-01-30 13:12:06,34.8688,98.7405,94.7124,7203.904,0.000266,6085.031847273044,2026-09-24 22:29:17.718515,49008
1313,2025-01-30 19:58:01,35.1471,98.7405,94.1909,7203.903,0.0002663,6085.03058024513,2026-09-24 22:29:17.718515,49008
1314,2025-01-31 02:43:55,35.4254,98.7406,93.7406,7203.903,0.0002664,6085.03058024513,2026-09-24 22:29:17.718515,49008
1315,2025-01-31 12:52:47,35.8429,98.7406,92.9579,7203.903,0.0002665,6085.03058024513,2026-09-24 22:29:17.718515,49008
1316,2025-01-31 17:57:13,36.0516,98.7406,92.6493,7203.903,0.0002663,6085.03058024513,2026-09-24 22:29:17.718515,49008
1317,2025-01-31 23:01:39,36.2604,98.7406,92.2617,7203.903,0.0002662,6085.03058024513,2026-09-24 22:29:17.718515,49008
1318,2025-02-01 04:06:05,36.4691,98.7407,91.9392,7203.902,0.0002665,6085.029313217305,2026-09-24 22:29:17.718515,49008
1319,2025-02-01 12:33:28,36.817,98.7407,91.3643,7203.902,0.0002667,6085.029313217305,2026-09-24 22:29:17.718515,49008
1320,2025-02-01 14:14:57,36.8866,98.7407,91.3158,7203.902,0.0002664,6085.029313217305,2026-09-24 22:29:17.718515,49008
1321,2025-02-01 17:37:54,37.0257,98.7407,91.0519,7203.902,0.0002665,6085.029313217305,2026-09-24 22:29:17.718515,49008
1322,2025-02-01 21:00:51,37.1649,98.7407,90.8112,7203.901,0.0002665,6085.028046189566,2026-09-24 22:29:17.718515,49008
1323,2025-02-02 03:46:46,37.4432,98.7408,90.3223,7203.901,0.0002667,6085.028046189566,2026-09-24 22:29:17.718515,49008
1324,2025-02-02 12:14:09,37.7911,98.7408,89.8326,7203.901,0.0002666,6085.028046189566,2026-09-24 22:29:17.718515,49008
1325,2025-02-02 13:55:37,37.8607,98.7408,89.7051,7203.901,0.0002667,6085.028046189566,2026-09-24 22:29:17.718515,49008
1326,2025-02-02 19:00:03,38.0694,98.7409,89.2779,7203.901,0.0002671,6085.028046189566,2026-09-24 22:29:17.718515,49008
1327,2025-02-02 22:23:01,38.2086,98.7409,89.0163,7203.9,0.000267,6085.026779161917,2026-09-24 22:29:17.718515,49008
1328,2025-02-03 03:27:26,38.4173,98.7409,88.602,7203.9,0.0002675,6085.026779161917,2026-09-24 22:29:17.718515,49008
1329,2025-02-03 13:36:18,38.8348,98.741,88.008,7203.9,0.0002676,6085.026779161917,2026-09-24 22:29:17.718515,49008
1330,2025-02-03 20:22:13,39.1131,98.741,87.6038,7203.9,0.0002681,6085.026779161917,2026-09-24 22:29:17.718515,49008
1331,2025-02-04 04:49:36,39.461,98.741,86.8572,7203.899,0.0002682,6085.025512134355,2026-09-24 22:29:17.718515,49008
1332,2025-02-04 08:12:33,39.6002,98.741,86.6563,7203.899,0.0002678,6085.025512134355,2026-09-24 22:29:17.718515,49008
1333,2025-02-04 11:35:30,39.7393,98.741,86.4376,7203.899,0.0002675,6085.025512134355,2026-09-24 22:29:17.718515,49008
1334,2025-02-04 13:16:59,39.8089,98.741,86.2718,7203.899,0.0002676,6085.025512134355,2026-09-24 22:29:17.718515,49008
1335,2025-02-04 20:02:53,40.0872,98.741,85.7055,7203.899,0.0002675,6085.025512134355,2026-09-24 22:29:17.718515,49008
1336,2025-02-05 04:30:17,40.4351,98.7411,85.0316,7203.899,0.0002672,6085.025512134355,2026-09-24 22:29:17.718515,49008
1337,2025-02-05 12:57:40,40.783,98.7411,84.3685,7203.898,0.0002672,6085.024245106881,2026-09-24 22:29:17.718515,49008
1338,2025-02-05 21:25:03,41.1309,98.741,83.8186,7203.898,0.0002664,6085.024245106881,2026-09-24 22:29:17.718515,49008
1339,2025-02-05 23:06:31,41.2005,98.741,83.6716,7203.898,0.0002663,6085.024245106881,2026-09-24 22:29:17.718515,49008
1340,2025-02-06 14:19:49,41.8267,98.7411,82.3955,7203.897,0.0002676,6085.022978079495,2026-09-24 22:29:17.718515,49008
1341,2025-02-06 17:42:46,41.9659,98.7411,82.181,7203.897,0.0002673,6085.022978079495,2026-09-24 22:29:17.718515,49008
1342,2025-02-06 21:05:44,42.1051,98.7411,82.1027,7203.897,0.0002667,6085.022978079495,2026-09-24 22:29:17.718515,49008
1343,2025-02-06 22:47:12,42.1746,98.7411,81.9415,7203.897,0.0002666,6085.022978079495,2026-09-24 22:29:17.718515,49008
1344,2025-02-07 10:37:33,42.6617,98.7411,81.1361,7203.897,0.0002664,6085.022978079495,2026-09-24 22:29:17.718515,49008
1345,2025-02-07 19:04:56,43.0096,98.7411,80.5201,7203.897,0.000266,6085.022978079495,2026-09-24 22:29:17.718515,49008
1346,2025-02-07 20:46:24,43.0792,98.7411,80.427,7203.896,0.0002658,6085.021711052197,2026-09-24 22:29:17.718515,49008
1347,2025-02-07 22:27:53,43.1488,98.7411,80.2831,7203.897,0.0002657,6085.022978079495,2026-09-24 22:29:17.718515,49008
1348,2025-02-08 03:32:19,43.3575,98.7411,80.0771,7203.896,0.000264,6085.021711052197,2026-09-24 22:29:17.718515,49008
1349,2025-02-08 13:41:11,43.775,98.7412,79.3886,7203.896,0.000264,6085.021711052197,2026-09-24 22:29:17.718515,49008
1350,2025-02-08 20:27:05,44.0534,98.7411,78.8792,7203.896,0.0002641,6085.021711052197,2026-09-24 22:29:17.718515,49008
1351,2025-02-08 22:08:34,44.123,98.7411,78.7505,7203.896,0.0002637,6085.021711052197,2026-09-24 22:29:17.718515,49008
1352,2025-02-09 04:54:28,44.4013,98.7412,78.2394,7203.895,0.0002644,6085.020444024988,2026-09-24 22:29:17.718515,49008
1353,2025-02-09 13:21:51,44.7492,98.7412,77.5363,7203.895,0.0002638,6085.020444024988,2026-09-24 22:29:17.718515,49008
1354,2025-02-09 15:03:20,44.8188,98.7412,77.4258,7203.895,0.0002642,6085.020444024988,2026-09-24 22:29:17.718515,49008
1355,2025-02-09 20:07:46,45.0275,98.7412,77.041,7203.895,0.000264,6085.020444024988,2026-09-24 22:29:17.718515,49008
1356,2025-02-09 21:49:14,45.0971,98.7412,76.9203,7203.894,0.0002638,6085.019176997866,2026-09-24 22:29:17.718515,49008
1357,2025-02-10 06:16:37,45.445,98.7412,76.3157,7203.894,0.0002631,6085.019176997866,2026-09-24 22:29:17.718515,49008
1358,2025-02-10 13:02:32,45.7234,98.7412,75.8222,7203.894,0.0002625,6085.019176997866,2026-09-24 22:29:17.718515,49008
1359,2025-02-10 18:06:58,45.9321,98.7412,75.5238,7203.894,0.0002621,6085.019176997866,2026-09-24 22:29:17.718515,49008
1360,2025-02-10 23:11:24,46.1409,98.7412,75.1104,7203.894,0.0002615,6085.019176997866,2026-09-24 22:29:17.718515,49008
1361,2025-02-11 02:34:21,46.2801,98.7412,74.8942,7203.893,0.0002613,6085.017909970831,2026-09-24 22:29:17.718515,49008
1362,2025-02-11 12:43:13,46.6976,98.7413,74.2157,7203.893,0.0002607,6085.017909970831,2026-09-24 22:29:17.718515,49008
1363,2025-02-11 14:24:41,46.7672,98.7413,74.1154,7203.893,0.0002605,6085.017909970831,2026-09-24 22:29:17.718515,49008
1364,2025-02-11 21:10:36,47.0455,98.7413,73.6857,7203.893,0.0002596,6085.017909970831,2026-09-24 22:29:17.718515,49008
1365,2025-02-11 22:52:04,47.1151,98.7413,73.5495,7203.893,0.0002594,6085.017909970831,2026-09-24 22:29:17.718515,49008
1366,2025-02-12 05:37:59,47.3934,98.7414,73.1174,7203.893,0.0002593,6085.017909970831,2026-09-24 22:29:17.718515,49008
1367,2025-02-12 12:23:53,47.6718,98.7414,72.6955,7203.893,0.0002587,6085.017909970831,2026-09-24 22:29:17.718515,49008
1368,2025-02-12 14:05:22,47.7413,98.7414,72.5877,7203.893,0.0002586,6085.017909970831,2026-09-24 22:29:17.718515,49008
1369,2025-02-12 20:51:16,48.0197,98.7414,72.2544,7203.893,0.0002578,6085.017909970831,2026-09-24 22:29:17.718515,49008
1370,2025-02-12 22:32:45,48.0892,98.7414,72.1181,7203.892,0.0002573,6085.016642943885,2026-09-24 22:29:17.718515,49008
1371,2025-02-13 03:37:11,48.298,98.7415,71.721,7203.892,0.0002576,6085.016642943885,2026-09-24 22:29:17.718515,49008
1372,2025-02-13 12:04:34,48.646,98.7415,71.1193,7203.892,0.0002578,6085.016642943885,2026-09-24 22:29:17.718515,49008
1373,2025-02-13 13:46:02,48.7156,98.7415,71.0024,7203.892,0.0002579,6085.016642943885,2026-09-24 22:29:17.718515,49008
1374,2025-02-13 20:31:57,48.9939,98.7415,70.4276,7203.892,0.0002569,6085.016642943885,2026-09-24 22:29:17.718515,49008
1375,2025-02-13 22:13:26,49.0635,98.7415,70.2746,7203.892,0.0002567,6085.016642943885,2026-09-24 22:29:17.718515,49008
1376,2025-02-14 03:17:51,49.2723,98.7416,69.9362,7203.892,0.0002569,6085.016642943885,2026-09-24 22:29:17.718515,49008
1377,2025-02-14 11:45:14,49.6202,98.7416,69.3191,7203.891,0.0002567,6085.015375917026,2026-09-24 22:29:17.718515,49008
1378,2025-02-14 13:26:43,49.6898,98.7416,69.2339,7203.891,0.0002569,6085.015375917026,2026-09-24 22:29:17.718515,49008
1379,2025-02-14 20:12:38,49.9682,98.7416,68.7008,7203.891,0.0002564,6085.015375917026,2026-09-24 22:29:17.718515,49008
1380,2025-02-14 21:54:06,50.0378,98.7417,68.5413,7203.891,0.0002562,6085.015375917026,2026-09-24 22:29:17.718515,49008
1381,2025-02-15 02:58:32,50.2465,98.7417,68.1965,7203.891,0.000256,6085.015375917026,2026-09-24 22:29:17.718515,49008
1382,2025-02-15 13:07:24,50.6641,98.7418,67.2707,7203.89,0.000255,6085.014108890257,2026-09-24 22:29:17.718515,49008
1383,2025-02-15 14:48:52,50.7336,98.7418,67.1812,7203.89,0.000255,6085.014108890257,2026-09-24 22:29:17.718515,49008
1384,2025-02-15 19:53:18,50.9424,98.7418,66.8119,7203.89,0.0002543,6085.014108890257,2026-09-24 22:29:17.718515,49008
1385,2025-02-16 04:20:41,51.2904,98.7419,66.1665,7203.89,0.0002532,6085.014108890257,2026-09-24 22:29:17.718515,49008
1386,2025-02-16 11:06:36,51.5687,98.7419,65.7205,7203.89,0.0002526,6085.014108890257,2026-09-24 22:29:17.718515,49008
1387,2025-02-16 14:29:33,51.7079,98.7419,65.4913,7203.89,0.0002522,6085.014108890257,2026-09-24 22:29:17.718515,49008
1388,2025-02-16 21:15:27,51.9863,98.7419,65.0348,7203.889,0.0002512,6085.012841863574,2026-09-24 22:29:17.718515,49008
1389,2025-02-16 22:56:56,52.0559,98.7419,64.8825,7203.889,0.0002509,6085.012841863574,2026-09-24 22:29:17.718515,49008
1390,2025-02-17 05:42:50,52.3343,98.742,64.4691,7203.889,0.0002504,6085.012841863574,2026-09-24 22:29:17.718515,49008
1391,2025-02-17 12:28:45,52.6126,98.742,64.0463,7203.889,0.0002495,6085.012841863574,2026-09-24 22:29:17.718515,49008
1392,2025-02-17 14:10:13,52.6822,98.742,63.9273,7203.889,0.0002493,6085.012841863574,2026-09-24 22:29:17.718515,49008
1393,2025-02-17 19:14:39,52.891,98.742,63.5275,7203.888,0.0002484,6085.01157483698,2026-09-24 22:29:17.718515,49008
1394,2025-02-17 22:37:37,53.0302,98.742,63.2477,7203.888,0.0002478,6085.01157483698,2026-09-24 22:29:17.718515,49008
1395,2025-02-18 03:42:02,53.239,98.7421,62.8445,7203.888,0.0002473,6085.01157483698,2026-09-24 22:29:17.718515,49008
1396,2025-02-18 10:27:57,53.5174,98.7421,62.3665,7203.888,0.0002467,6085.01157483698,2026-09-24 22:29:17.718515,49008
1397,2025-02-18 13:50:54,53.6566,98.7421,62.1138,7203.888,0.0002463,6085.01157483698,2026-09-24 22:29:17.718515,49008
1398,2025-02-18 20:36:48,53.9349,98.7421,61.7465,7203.888,0.0002454,6085.01157483698,2026-09-24 22:29:17.718515,49008
1399,2025-02-18 22:18:17,54.0045,98.7421,61.5884,7203.888,0.0002451,6085.01157483698,2026-09-24 22:29:17.718515,49008
1400,2025-02-19 03:22:43,54.2133,98.7421,61.2339,7203.887,0.0002447,6085.010307810473,2026-09-24 22:29:17.718515,49008
1401,2025-02-19 13:31:35,54.6309,98.7421,60.4539,7203.887,0.0002439,6085.010307810473,2026-09-24 22:29:17.718515,49008
1402,2025-02-19 18:36:00,54.8397,98.7421,60.1586,7203.887,0.0002431,6085.010307810473,2026-09-24 22:29:17.718515,49008
1403,2025-02-19 21:58:58,54.9789,98.7421,59.8177,7203.886,0.0002426,6085.009040784055,2026-09-24 22:29:17.718515,49008
1404,2025-02-20 04:44:52,55.2573,98.7422,59.3889,7203.886,0.0002419,6085.009040784055,2026-09-24 22:29:17.718515,49008
1405,2025-02-20 14:53:44,55.6748,98.7421,58.6478,7203.886,0.0002413,6085.009040784055,2026-09-24 22:29:17.718515,49008
1406,2025-02-20 23:21:07,56.0228,98.7421,58.0709,7203.885,0.0002403,6085.007773757725,2026-09-24 22:29:17.718515,49008
1407,2025-02-21 06:07:01,56.3012,98.7421,57.5476,7203.885,0.0002396,6085.007773757725,2026-09-24 22:29:17.718515,49008
1408,2025-02-21 12:52:56,56.5795,98.7421,57.0561,7203.885,0.0002385,6085.007773757725,2026-09-24 22:29:17.718515,49008
1409,2025-02-21 14:34:24,56.6491,98.7421,56.944,7203.885,0.0002383,6085.007773757725,2026-09-24 22:29:17.718515,49008
1410,2025-02-21 19:38:50,56.8579,98.7421,56.6071,7203.885,0.0002375,6085.007773757725,2026-09-24 22:29:17.718515,49008
1411,2025-02-21 23:01:47,56.9971,98.7421,56.2537,7203.884,0.0002367,6085.006506731483,2026-09-24 22:29:17.718515,49008
1412,2025-02-22 04:06:13,57.2059,98.7421,55.9755,7203.884,0.0002364,6085.006506731483,2026-09-24 22:29:17.718515,49008
1413,2025-02-22 12:33:36,57.5538,98.7421,55.3953,7203.884,0.0002356,6085.006506731483,2026-09-24 22:29:17.718515,49008
1414,2025-02-22 14:15:05,57.6234,98.7421,55.2978,7203.884,0.0002356,6085.006506731483,2026-09-24 22:29:17.718515,49008
1415,2025-02-22 19:19:31,57.8322,98.7421,55.0039,7203.884,0.0002349,6085.006506731483,2026-09-24 22:29:17.718515,49008
1416,2025-02-23 03:46:54,58.1802,98.7421,54.2998,7203.883,0.0002335,6085.005239705327,2026-09-24 22:29:17.718515,49008
1417,2025-02-23 10:32:48,58.4585,98.7422,53.7682,7203.883,0.0002327,6085.005239705327,2026-09-24 22:29:17.718515,49008
1418,2025-02-23 19:00:11,58.8065,98.7421,53.1285,7203.882,0.0002313,6085.00397267926,2026-09-24 22:29:17.718515,49008
1419,2025-02-23 22:23:08,58.9457,98.7421,52.7853,7203.882,0.0002304,6085.00397267926,2026-09-24 22:29:17.718515,49008
1420,2025-02-24 03:27:34,59.1545,98.7422,52.3606,7203.882,0.0002302,6085.00397267926,2026-09-24 22:29:17.718515,49008
1421,2025-02-24 11:54:57,59.5025,98.7422,51.6847,7203.881,0.0002291,6085.002705653282,2026-09-24 22:29:17.718515,49008
1422,2025-02-24 13:36:26,59.5721,98.7422,51.5469,7203.881,0.0002291,6085.002705653282,2026-09-24 22:29:17.718515,49008
1423,2025-02-24 22:03:49,59.9201,98.7422,50.9119,7203.881,0.0002279,6085.002705653282,2026-09-24 22:29:17.718515,49008
1424,2025-02-25 04:49:43,60.1984,98.7423,50.347,7203.881,0.0002273,6085.002705653282,2026-09-24 22:29:17.718515,49008
1425,2025-02-25 13:17:06,60.5464,98.7423,49.753,7203.88,0.0002265,6085.0014386273915,2026-09-24 22:29:17.718515,49008
1426,2025-02-25 14:58:35,60.616,98.7423,49.6297,7203.88,0.0002263,6085.0014386273915,2026-09-24 22:29:17.718515,49008
1427,2025-02-25 21:44:29,60.8944,98.7423,49.1789,7203.88,0.0002249,6085.0014386273915,2026-09-24 22:29:17.718515,49008
1428,2025-02-25 23:25:58,60.964,98.7423,49.027,7203.879,0.0002246,6085.000171601588,2026-09-24 22:29:17.718515,49008
1429,2025-02-26 04:30:23,61.1728,98.7423,48.7369,7203.879,0.0002243,6085.000171601588,2026-09-24 22:29:17.718515,49008
1430,2025-02-26 11:16:18,61.4512,98.7424,48.083,7203.879,0.0002234,6085.000171601588,2026-09-24 22:29:17.718515,49008
1431,2025-02-26 12:57:46,61.5208,98.7424,47.9471,7203.879,0.0002231,6085.000171601588,2026-09-24 22:29:17.718515,49008
1432,2025-02-26 19:43:41,61.7992,98.7424,47.5834,7203.878,0.0002217,6084.998904575873,2026-09-24 22:29:17.718515,49008
1433,2025-02-26 21:25:09,61.8688,98.7424,47.4095,7203.878,0.0002214,6084.998904575873,2026-09-24 22:29:17.718515,49008
1434,2025-02-27 04:11:04,62.1472,98.7424,46.9021,7203.878,0.0002205,6084.998904575873,2026-09-24 22:29:17.718515,49008
1435,2025-02-27 12:38:27,62.4952,98.7424,46.4829,7203.878,0.0002193,6084.998904575873,2026-09-24 22:29:17.718515,49008
1436,2025-02-27 19:24:21,62.7735,98.7424,46.1334,7203.877,0.000218,6084.9976375502465,2026-09-24 22:29:17.718515,49008
1437,2025-02-27 22:47:18,62.9127,98.7424,45.817,7203.877,0.0002172,6084.9976375502465,2026-09-24 22:29:17.718515,49008
1438,2025-02-28 03:51:44,63.1215,98.7425,45.4529,7203.877,0.0002166,6084.9976375502465,2026-09-24 22:29:17.718515,49008
1439,2025-02-28 12:19:07,63.4695,98.7425,44.8319,7203.877,0.0002153,6084.9976375502465,2026-09-24 22:29:17.718515,49008
1440,2025-02-28 19:05:02,63.7479,98.7426,44.4127,7203.877,0.0002141,6084.9976375502465,2026-09-24 22:29:17.718515,49008
1441,2025-02-28 22:27:59,63.8871,98.7426,44.0545,7203.876,0.0002136,6084.996370524707,2026-09-24 22:29:17.718515,49008
1442,2025-03-01 03:32:25,64.096,98.7426,43.609,7203.876,0.0002128,6084.996370524707,2026-09-24 22:29:17.718515,49008
1443,2025-03-01 13:41:16,64.5136,98.7427,42.8709,7203.876,0.0002112,6084.996370524707,2026-09-24 22:29:17.718515,49008
1444,2025-03-01 20:27:10,64.7919,98.7427,42.2938,7203.875,0.0002096,6084.9951034992555,2026-09-24 22:29:17.718515,49008
1445,2025-03-02 03:13:05,65.0704,98.7427,42.0295,7203.875,0.000209,6084.9951034992555,2026-09-24 22:29:17.718515,49008
1446,2025-03-02 13:21:56,65.488,98.7428,41.0807,7203.875,0.0002075,6084.9951034992555,2026-09-24 22:29:17.718515,49008
1447,2025-03-02 20:07:51,65.7664,98.7428,40.475,7203.875,0.0002066,6084.9951034992555,2026-09-24 22:29:17.718515,49008
1448,2025-03-03 02:53:45,66.0448,98.7428,40.0289,7203.875,0.000205,6084.9951034992555,2026-09-24 22:29:17.718515,49008
1449,2025-03-03 13:02:37,66.4624,98.7428,39.2351,7203.874,0.0002034,6084.993836473892,2026-09-24 22:29:17.718515,49008
1450,2025-03-03 18:07:03,66.6712,98.7428,38.7785,7203.874,0.000202,6084.993836473892,2026-09-24 22:29:17.718515,49008
1451,2025-03-03 21:30:00,66.8104,98.7428,38.2763,7203.874,0.000201,6084.993836473892,2026-09-24 22:29:17.718515,49008
1452,2025-03-04 02:34:25,67.0192,98.7428,37.8681,7203.874,0.0002,6084.993836473892,2026-09-24 22:29:17.718515,49008
1453,2025-03-04 11:01:48,67.3672,98.7429,37.2216,7203.873,0.0001985,6084.992569448616,2026-09-24 22:29:17.718515,49008
1454,2025-03-04 12:43:17,67.4368,98.7429,37.0907,7203.873,0.0001982,6084.992569448616,2026-09-24 22:29:17.718515,49008
1455,2025-03-04 21:10:40,67.7848,98.7428,36.3033,7203.873,0.000196,6084.992569448616,2026-09-24 22:29:17.718515,49008
1456,2025-03-04 22:52:09,67.8544,98.7428,36.127,7203.873,0.0001958,6084.992569448616,2026-09-24 22:29:17.718515,49008
1457,2025-03-05 05:38:03,68.1329,98.7429,35.7954,7203.873,0.0001945,6084.992569448616,2026-09-24 22:29:17.718515,49008
1458,2025-03-05 12:23:57,68.4113,98.7429,35.2469,7203.873,0.000193,6084.992569448616,2026-09-24 22:29:17.718515,49008
1459,2025-03-05 14:05:26,68.4809,98.7429,35.177,7203.873,0.0001926,6084.992569448616,2026-09-24 22:29:17.718515,49008
1460,2025-03-05 19:09:52,68.6896,98.7428,34.8208,7203.873,0.0001907,6084.992569448616,2026-09-24 22:29:17.718515,49008
1461,2025-03-05 22:32:49,68.8288,98.7428,34.4511,7203.873,0.00019,6084.992569448616,2026-09-24 22:29:17.718515,49008
1462,2025-03-06 03:37:15,69.0377,98.7429,34.2669,7203.873,0.0001892,6084.992569448616,2026-09-24 22:29:17.718515,49008
1463,2025-03-06 12:04:38,69.3857,98.7429,33.8392,7203.873,0.0001878,6084.992569448616,2026-09-24 22:29:17.718515,49008
1464,2025-03-06 13:46:06,69.4553,98.7429,33.6851,7203.872,0.0001877,6084.99130242343,2026-09-24 22:29:17.718515,49008
1465,2025-03-06 17:09:03,69.5946,98.7429,33.3337,7203.872,0.0001873,6084.99130242343,2026-09-24 22:29:17.718515,49008
1466,2025-03-07 03:17:55,70.0122,98.743,32.2701,7203.872,0.0001857,6084.99130242343,2026-09-24 22:29:17.718515,49008
1467,2025-03-07 10:03:49,70.2906,98.743,31.9133,7203.871,0.0001847,6084.99003539833,2026-09-24 22:29:17.718515,49008
1468,2025-03-07 21:54:09,70.7778,98.7429,30.917,7203.871,0.0001829,6084.99003539833,2026-09-24 22:29:17.718515,49008
1469,2025-03-08 01:17:07,70.917,98.7429,30.6201,7203.871,0.0001822,6084.99003539833,2026-09-24 22:29:17.718515,49008
1470,2025-03-08 06:21:32,71.1258,98.743,30.2592,7203.871,0.0001819,6084.99003539833,2026-09-24 22:29:17.718515,49008
1471,2025-03-08 13:07:27,71.4042,98.7429,29.6531,7203.871,0.0001808,6084.99003539833,2026-09-24 22:29:17.718515,49008
1472,2025-03-08 18:11:53,71.613,98.7429,29.2523,7203.87,0.0001797,6084.9887683733195,2026-09-24 22:29:17.718515,49008
1473,2025-03-09 04:20:44,72.0307,98.7429,28.2986,7203.87,0.0001775,6084.9887683733195,2026-09-24 22:29:17.718515,49008
1474,2025-03-09 14:29:36,72.4483,98.7429,27.6799,7203.87,0.0001752,6084.9887683733195,2026-09-24 22:29:17.718515,49008
1475,2025-03-09 17:52:33,72.5875,98.7429,27.3674,7203.869,0.0001745,6084.987501348394,2026-09-24 22:29:17.718515,49008
1476,2025-03-09 21:15:30,72.7267,98.7429,27.0945,7203.869,0.0001734,6084.987501348394,2026-09-24 22:29:17.718515,49008
1477,2025-03-10 04:01:24,73.0052,98.7429,26.5152,7203.869,0.0001719,6084.987501348394,2026-09-24 22:29:17.718515,49008
1478,2025-03-10 12:28:47,73.3532,98.7429,25.976,7203.869,0.0001699,6084.987501348394,2026-09-24 22:29:17.718515,49008
1479,2025-03-10 14:10:16,73.4228,98.7429,25.8015,7203.869,0.0001695,6084.987501348394,2026-09-24 22:29:17.718515,49008
1480,2025-03-10 19:14:42,73.6316,98.7429,25.2479,7203.869,0.0001682,6084.987501348394,2026-09-24 22:29:17.718515,49008
1481,2025-03-10 22:37:39,73.7708,98.7429,24.9579,7203.869,0.0001673,6084.987501348394,2026-09-24 22:29:17.718515,49008
1482,2025-03-11 02:00:36,73.91,98.7429,24.6861,7203.869,0.0001666,6084.987501348394,2026-09-24 22:29:17.718515,49008
1483,2025-03-11 03:42:04,73.9796,98.7429,24.5534,7203.869,0.0001663,6084.987501348394,2026-09-24 22:29:17.718515,49008
1484,2025-03-11 12:09:27,74.3277,98.743,23.8672,7203.868,0.0001646,6084.98623432356,2026-09-24 22:29:17.718515,49008
1485,2025-03-11 13:50:56,74.3973,98.7429,23.6964,7203.868,0.0001642,6084.98623432356,2026-09-24 22:29:17.718515,49008
1486,2025-03-11 20:36:50,74.6757,98.7429,23.0997,7203.868,0.000163,6084.98623432356,2026-09-24 22:29:17.718515,49008
1487,2025-03-11 22:18:19,74.7453,98.7429,22.9514,7203.868,0.0001626,6084.98623432356,2026-09-24 22:29:17.718515,49008
1488,2025-03-12 05:04:13,75.0237,98.743,22.4229,7203.868,0.0001613,6084.98623432356,2026-09-24 22:29:17.718515,49008
1489,2025-03-12 10:08:39,75.2325,98.743,21.9904,7203.867,0.0001607,6084.984967298813,2026-09-24 22:29:17.718515,49008
1490,2025-03-12 11:50:08,75.3021,98.743,21.8048,7203.867,0.0001604,6084.984967298813,2026-09-24 22:29:17.718515,49008
1491,2025-03-12 13:31:36,75.3717,98.743,21.6375,7203.867,0.0001602,6084.984967298813,2026-09-24 22:29:17.718515,49008
1492,2025-03-12 21:58:59,75.7198,98.743,20.9601,7203.867,0.0001583,6084.984967298813,2026-09-24 22:29:17.718515,49008
1493,2025-03-13 06:26:22,76.0678,98.743,20.2479,7203.866,0.0001569,6084.983700274152,2026-09-24 22:29:17.718515,49008
1494,2025-03-13 13:12:16,76.3462,98.743,19.6226,7203.866,0.0001555,6084.983700274152,2026-09-24 22:29:17.718515,49008
1495,2025-03-13 14:53:45,76.4158,98.743,19.4669,7203.866,0.0001552,6084.983700274152,2026-09-24 22:29:17.718515,49008
1496,2025-03-13 21:39:39,76.6942,98.7431,18.8342,7203.866,0.0001537,6084.983700274152,2026-09-24 22:29:17.718515,49008
1497,2025-03-14 14:34:25,77.3903,98.7431,17.2382,7203.865,0.00015,6084.98243324958,2026-09-24 22:29:17.718515,49008
1498,2025-03-14 21:20:19,77.6688,98.7431,16.5057,7203.865,0.0001483,6084.98243324958,2026-09-24 22:29:17.718515,49008
1499,2025-03-15 04:06:14,77.9472,98.7432,15.8072,7203.864,0.0001467,6084.981166225096,2026-09-24 22:29:17.718515,49008
1500,2025-03-15 12:33:37,78.2952,98.7432,14.9769,7203.864,0.0001447,6084.981166225096,2026-09-24 22:29:17.718515,49008
1501,2025-03-15 14:15:05,78.3648,98.7432,14.7823,7203.864,0.0001443,6084.981166225096,2026-09-24 22:29:17.718515,49008
1502,2025-03-15 21:01:00,78.6433,98.7432,14.0719,7203.864,0.0001424,6084.981166225096,2026-09-24 22:29:17.718515,49008
1503,2025-03-15 22:42:28,78.7129,98.7432,13.856,7203.864,0.000142,6084.981166225096,2026-09-24 22:29:17.718515,49008
1504,2025-03-16 03:46:54,78.9217,98.7433,13.3616,7203.864,0.0001409,6084.981166225096,2026-09-24 22:29:17.718515,49008
1505,2025-03-16 12:14:17,79.2698,98.7433,12.5194,7203.863,0.0001393,6084.979899200701,2026-09-24 22:29:17.718515,49008
1506,2025-03-16 13:55:45,79.3394,98.7433,12.361,7203.863,0.0001388,6084.979899200701,2026-09-24 22:29:17.718515,49008
1507,2025-03-16 20:41:40,79.6178,98.7433,11.6255,7203.863,0.0001372,6084.979899200701,2026-09-24 22:29:17.718515,49008
1508,2025-03-16 22:23:08,79.6874,98.7433,11.3922,7203.862,0.0001369,6084.978632176393,2026-09-24 22:29:17.718515,49008
1509,2025-03-17 03:27:34,79.8963,98.7434,10.965,7203.862,0.0001356,6084.978632176393,2026-09-24 22:29:17.718515,49008
1510,2025-03-17 11:54:57,80.2444,98.7434,10.1235,7203.862,0.0001338,6084.978632176393,2026-09-24 22:29:17.718515,49008
1511,2025-03-17 18:40:51,80.5228,98.7434,9.4296,7203.861,0.0001324,6084.977365152173,2026-09-24 22:29:17.718515,49008
1512,2025-03-17 22:03:48,80.662,98.7434,8.9626,7203.861,0.0001318,6084.977365152173,2026-09-24 22:29:17.718515,49008
1513,2025-03-18 04:49:43,80.9405,98.7435,8.3136,7203.861,0.0001304,6084.977365152173,2026-09-24 22:29:17.718515,49008
1514,2025-03-18 11:35:37,81.2189,98.7435,7.7421,7203.86,0.0001289,6084.976098128041,2026-09-24 22:29:17.718515,49008
1515,2025-03-18 13:17:06,81.2885,98.7435,7.5199,7203.86,0.0001286,6084.976098128041,2026-09-24 22:29:17.718515,49008
1516,2025-03-18 20:03:00,81.567,98.7434,6.9919,7203.86,0.0001269,6084.976098128041,2026-09-24 22:29:17.718515,49008
1517,2025-03-18 23:25:57,81.7062,98.7434,6.5441,7203.86,0.0001262,6084.976098128041,2026-09-24 22:29:17.718515,49008
1518,2025-03-19 04:30:23,81.915,98.7435,6.1174,7203.86,0.000125,6084.976098128041,2026-09-24 22:29:17.718515,49008
1519,2025-03-19 11:16:17,82.1935,98.7435,5.3962,7203.859,0.0001232,6084.9748311039975,2026-09-24 22:29:17.718515,49008
1520,2025-03-19 12:57:46,82.2631,98.7435,5.0743,7203.859,0.000123,6084.9748311039975,2026-09-24 22:29:17.718515,49008
1521,2025-03-19 21:25:08,82.6112,98.7434,4.32,7203.858,0.0001193,6084.973564080041,2026-09-24 22:29:17.718515,49008
1522,2025-03-19 23:06:37,82.6808,98.7434,4.0656,7203.858,0.0001191,6084.973564080041,2026-09-24 22:29:17.718515,49008
1523,2025-03-20 05:52:31,82.9592,98.7435,3.5443,7203.858,0.0001174,6084.973564080041,2026-09-24 22:29:17.718515,49008
1524,2025-03-20 12:38:26,83.2376,98.7435,2.7295,7203.858,0.0001159,6084.973564080041,2026-09-24 22:29:17.718515,49008
1525,2025-03-20 21:05:48,83.5857,98.7434,1.5634,7203.857,0.0001136,6084.9722970561725,2026-09-24 22:29:17.718515,49008
1526,2025-03-20 22:47:17,83.6553,98.7434,1.2891,7203.857,0.0001137,6084.9722970561725,2026-09-24 22:29:17.718515,49008
1527,2025-03-21 03:51:43,83.8641,98.7435,0.6527,7203.857,0.0001134,6084.9722970561725,2026-09-24 22:29:17.718515,49008
1528,2025-03-21 12:19:06,84.2122,98.7435,359.5976,7203.857,0.0001115,6084.9722970561725,2026-09-24 22:29:17.718515,49008
1529,2025-03-21 14:00:34,84.2818,98.7435,359.3936,7203.857,0.000111,6084.9722970561725,2026-09-24 22:29:17.718515,49008
1530,2025-03-21 20:46:28,84.5602,98.7435,358.6024,7203.856,0.0001089,6084.971030032392,2026-09-24 22:29:17.718515,49008
1531,2025-03-21 22:27:57,84.6298,98.7434,358.3834,7203.856,0.0001085,6084.971030032392,2026-09-24 22:29:17.718515,49008
1532,2025-03-22 03:32:23,84.8387,98.7435,357.9022,7203.855,0.0001066,6084.969763008699,2026-09-24 22:29:17.718515,49008
1533,2025-03-22 11:59:46,85.1868,98.7435,357.1673,7203.855,0.0001038,6084.969763008699,2026-09-24 22:29:17.718515,49008
1534,2025-03-22 13:41:14,85.2564,98.7434,356.9786,7203.855,0.0001034,6084.969763008699,2026-09-24 22:29:17.718515,49008
1535,2025-03-22 20:27:08,85.5348,98.7434,355.9653,7203.854,0.0001026,6084.968495985096,2026-09-24 22:29:17.718515,49008
1536,2025-03-22 22:08:37,85.6044,98.7434,355.6501,7203.854,0.0001025,6084.968495985096,2026-09-24 22:29:17.718515,49008
1537,2025-03-23 04:54:31,85.8829,98.7435,354.9513,7203.853,0.0001011,6084.967228961579,2026-09-24 22:29:17.718515,49008
1538,2025-03-23 13:21:54,86.231,98.7434,353.9144,7203.853,9.92e-05,6084.967228961579,2026-09-24 22:29:17.718515,49008
1539,2025-03-23 20:07:48,86.5094,98.7434,353.0065,7203.852,9.65e-05,6084.96596193815,2026-09-24 22:29:17.718515,49008
1540,2025-03-23 21:49:17,86.5791,98.7434,352.6992,7203.852,9.62e-05,6084.96596193815,2026-09-24 22:29:17.718515,49008
1541,2025-03-24 01:12:14,86.7183,98.7434,352.3365,7203.852,9.6e-05,6084.96596193815,2026-09-24 22:29:17.718515,49008
1542,2025-03-24 09:39:37,87.0663,98.7434,351.2741,7203.852,9.55e-05,6084.96596193815,2026-09-24 22:29:17.718515,49008
1543,2025-03-24 13:02:34,87.2056,98.7434,350.8251,7203.852,9.44e-05,6084.96596193815,2026-09-24 22:29:17.718515,49008
1544,2025-03-24 21:29:57,87.5537,98.7434,349.5598,7203.851,9.25e-05,6084.964694914809,2026-09-24 22:29:17.718515,49008
1545,2025-03-24 23:11:25,87.6233,98.7434,349.2852,7203.851,9.22e-05,6084.964694914809,2026-09-24 22:29:17.718515,49008
1546,2025-03-25 00:52:54,87.6929,98.7434,349.0267,7203.851,9.17e-05,6084.964694914809,2026-09-24 22:29:17.718515,49008
1547,2025-03-25 11:01:45,88.1106,98.7434,347.5384,7203.85,8.93e-05,6084.963427891558,2026-09-24 22:29:17.718515,49008
1548,2025-03-25 19:29:08,88.4587,98.7434,345.8523,7203.85,8.67e-05,6084.963427891558,2026-09-24 22:29:17.718515,49008
1549,2025-03-25 22:52:05,88.5979,98.7434,345.1529,7203.85,8.58e-05,6084.963427891558,2026-09-24 22:29:17.718515,49008
1550,2025-03-26 05:38:00,88.8764,98.7434,344.1728,7203.849,8.42e-05,6084.962160868393,2026-09-24 22:29:17.718515,49008
1551,2025-03-26 12:23:54,89.1548,98.7434,342.9731,7203.849,8.26e-05,6084.962160868393,2026-09-24 22:29:17.718515,49008
1552,2025-03-26 14:05:22,89.2245,98.7434,342.6892,7203.849,8.21e-05,6084.962160868393,2026-09-24 22:29:17.718515,49008
1553,2025-03-26 20:51:17,89.5029,98.7434,341.364,7203.848,7.93e-05,6084.960893845316,2026-09-24 22:29:17.718515,49008
1554,2025-03-26 22:32:45,89.5725,98.7434,340.9634,7203.848,7.89e-05,6084.960893845316,2026-09-24 22:29:17.718515,49008
1555,2025-03-27 03:37:11,89.7814,98.7434,340.0477,7203.848,7.76e-05,6084.960893845316,2026-09-24 22:29:17.718515,49008
1556,2025-03-27 12:04:34,90.1295,98.7434,338.652,7203.848,7.58e-05,6084.960893845316,2026-09-24 22:29:17.718515,49008
1557,2025-03-27 17:08:59,90.3383,98.7434,337.7851,7203.848,7.48e-05,6084.960893845316,2026-09-24 22:29:17.718515,49008
1558,2025-03-27 20:31:56,90.4775,98.7434,337.134,7203.847,7.42e-05,6084.959626822327,2026-09-24 22:29:17.718515,49008
1559,2025-03-27 22:13:25,90.5472,98.7434,336.7597,7203.847,7.4e-05,6084.959626822327,2026-09-24 22:29:17.718515,49008
1560,2025-03-28 03:17:51,90.756,98.7435,335.7096,7203.847,7.33e-05,6084.959626822327,2026-09-24 22:29:17.718515,49008
1561,2025-03-28 10:03:45,91.0345,98.7435,334.6599,7203.847,7.21e-05,6084.959626822327,2026-09-24 22:29:17.718515,49008
1562,2025-03-28 21:54:05,91.5218,98.7435,332.0261,7203.846,6.93e-05,6084.958359799425,2026-09-24 22:29:17.718515,49008
1563,2025-03-29 04:39:59,91.8003,98.7435,330.7347,7203.846,6.77e-05,6084.958359799425,2026-09-24 22:29:17.718515,49008
1564,2025-03-29 08:02:56,91.9395,98.7435,330.3151,7203.846,6.75e-05,6084.958359799425,2026-09-24 22:29:17.718515,49008
1565,2025-03-29 21:34:45,92.4964,98.7435,326.8991,7203.846,6.51e-05,6084.958359799425,2026-09-24 22:29:17.718515,49008
1566,2025-03-29 23:16:13,92.5661,98.7435,326.3934,7203.845,6.48e-05,6084.9570927766135,2026-09-24 22:29:17.718515,49008
1567,2025-03-30 04:20:39,92.7749,98.7436,325.2732,7203.845,6.38e-05,6084.9570927766135,2026-09-24 22:29:17.718515,49008
1568,2025-03-30 12:48:02,93.123,98.7436,323.2795,7203.845,6.25e-05,6084.9570927766135,2026-09-24 22:29:17.718515,49008
1569,2025-03-30 14:29:30,93.1926,98.7436,322.803,7203.845,6.21e-05,6084.9570927766135,2026-09-24 22:29:17.718515,49008
1570,2025-03-30 17:52:27,93.3318,98.7435,321.9005,7203.845,6.11e-05,6084.9570927766135,2026-09-24 22:29:17.718515,49008
1571,2025-03-30 19:33:56,93.4014,98.7435,321.2696,7203.845,6.06e-05,6084.9570927766135,2026-09-24 22:29:17.718515,49008
1572,2025-03-31 04:01:19,93.7495,98.7436,318.708,7203.844,5.88e-05,6084.955825753888,2026-09-24 22:29:17.718515,49008
1573,2025-03-31 12:28:41,94.0976,98.7436,316.448,7203.844,5.69e-05,6084.955825753888,2026-09-24 22:29:17.718515,49008
1574,2025-03-31 14:10:10,94.1672,98.7436,316.2082,7203.844,5.69e-05,6084.955825753888,2026-09-24 22:29:17.718515,49008
1575,2025-03-31 17:33:07,94.3064,98.7436,315.2245,7203.844,5.63e-05,6084.955825753888,2026-09-24 22:29:17.718515,49008
1576,2025-03-31 20:56:04,94.4456,98.7435,313.4772,7203.844,5.51e-05,6084.955825753888,2026-09-24 22:29:17.718515,49008
1577,2025-04-01 03:41:58,94.7241,98.7436,311.2342,7203.844,5.39e-05,6084.955825753888,2026-09-24 22:29:17.718515,49008
1578,2025-04-01 13:50:50,95.1418,98.7436,308.7763,7203.844,5.26e-05,6084.955825753888,2026-09-24 22:29:17.718515,49008
1579,2025-04-01 20:36:44,95.4203,98.7435,306.7695,7203.843,5.17e-05,6084.954558731251,2026-09-24 22:29:17.718515,49008
1580,2025-04-01 22:18:13,95.4899,98.7435,306.6018,7203.843,5.2e-05,6084.954558731251,2026-09-24 22:29:17.718515,49008
1581,2025-04-02 03:22:38,95.6987,98.7436,305.5751,7203.843,5.16e-05,6084.954558731251,2026-09-24 22:29:17.718515,49008
1582,2025-04-02 13:31:29,96.1164,98.7436,302.1977,7203.843,4.96e-05,6084.954558731251,2026-09-24 22:29:17.718515,49008
1583,2025-04-02 20:17:24,96.3949,98.7435,299.4896,7203.842,4.86e-05,6084.953291708702,2026-09-24 22:29:17.718515,49008
1584,2025-04-03 04:44:46,96.743,98.7436,296.927,7203.842,4.76e-05,6084.953291708702,2026-09-24 22:29:17.718515,49008
1585,2025-04-03 11:30:41,97.0214,98.7435,295.176,7203.842,4.7e-05,6084.953291708702,2026-09-24 22:29:17.718515,49008
1586,2025-04-03 13:12:09,97.0911,98.7435,294.5847,7203.842,4.68e-05,6084.953291708702,2026-09-24 22:29:17.718515,49008
1587,2025-04-03 21:39:32,97.4391,98.7435,290.8754,7203.841,4.61e-05,6084.95202468624,2026-09-24 22:29:17.718515,49008
1588,2025-04-04 04:25:26,97.7176,98.7435,287.8271,7203.841,4.52e-05,6084.95202468624,2026-09-24 22:29:17.718515,49008
1589,2025-04-04 12:52:49,98.0657,98.7435,283.1436,7203.841,4.41e-05,6084.95202468624,2026-09-24 22:29:17.718515,49008
1590,2025-04-04 19:38:43,98.3441,98.7434,279.2546,7203.84,4.36e-05,6084.950757663868,2026-09-24 22:29:17.718515,49008
1591,2025-04-05 05:47:34,98.7618,98.7434,275.2129,7203.84,4.33e-05,6084.950757663868,2026-09-24 22:29:17.718515,49008
1592,2025-04-05 12:33:29,99.0403,98.7434,272.328,7203.84,4.31e-05,6084.950757663868,2026-09-24 22:29:17.718515,49008
1593,2025-04-05 21:00:51,99.3884,98.7434,267.769,7203.84,4.33e-05,6084.950757663868,2026-09-24 22:29:17.718515,49008
1594,2025-04-05 22:42:20,99.458,98.7434,267.0764,7203.839,4.34e-05,6084.949490641582,2026-09-24 22:29:17.718515,49008
1595,2025-04-06 03:46:46,99.6669,98.7434,264.1003,7203.839,4.33e-05,6084.949490641582,2026-09-24 22:29:17.718515,49008
1596,2025-04-06 12:14:08,100.0149,98.7434,260.0431,7203.839,4.35e-05,6084.949490641582,2026-09-24 22:29:17.718515,49008
1597,2025-04-06 20:41:31,100.363,98.7433,257.5545,7203.839,4.39e-05,6084.949490641582,2026-09-24 22:29:17.718515,49008
1598,2025-04-06 22:23:00,100.4326,98.7433,256.9366,7203.838,4.41e-05,6084.948223619384,2026-09-24 22:29:17.718515,49008
1599,2025-04-07 03:27:25,100.6415,98.7433,255.147,7203.838,4.41e-05,6084.948223619384,2026-09-24 22:29:17.718515,49008
1600,2025-04-07 11:54:48,100.9896,98.7433,252.1506,7203.838,4.44e-05,6084.948223619384,2026-09-24 22:29:17.718515,49008
1601,2025-04-07 13:36:17,101.0592,98.7433,251.5513,7203.838,4.45e-05,6084.948223619384,2026-09-24 22:29:17.718515,49008
1602,2025-04-07 20:22:11,101.3377,98.7433,248.8268,7203.838,4.49e-05,6084.948223619384,2026-09-24 22:29:17.718515,49008
1603,2025-04-07 22:03:39,101.4073,98.7433,248.2898,7203.838,4.52e-05,6084.948223619384,2026-09-24 22:29:17.718515,49008
1604,2025-04-08 04:49:34,101.6857,98.7433,245.5846,7203.8369999999995,4.55e-05,6084.946956597274,2026-09-24 22:29:17.718515,49008
1605,2025-04-08 11:35:28,101.9642,98.7433,243.0453,7203.8369999999995,4.6e-05,6084.946956597274,2026-09-24 22:29:17.718515,49008
1606,2025-04-08 13:16:56,102.0338,98.7433,242.4253,7203.8369999999995,4.61e-05,6084.946956597274,2026-09-24 22:29:17.718515,49008
1607,2025-04-08 20:02:51,102.3123,98.7433,239.7235,7203.8369999999995,4.7e-05,6084.946956597274,2026-09-24 22:29:17.718515,49008
1608,2025-04-08 21:44:19,102.3819,98.7433,239.452,7203.8369999999995,4.72e-05,6084.946956597274,2026-09-24 22:29:17.718515,49008
1609,2025-04-09 06:11:42,102.73,98.7433,236.443,7203.836,4.8e-05,6084.945689575254,2026-09-24 22:29:17.718515,49008
1610,2025-04-09 12:57:36,103.0084,98.7433,233.7761,7203.836,4.9e-05,6084.945689575254,2026-09-24 22:29:17.718515,49008
1611,2025-04-09 14:39:05,103.078,98.7432,232.8539,7203.836,4.94e-05,6084.945689575254,2026-09-24 22:29:17.718515,49008
1612,2025-04-09 21:24:59,103.3565,98.7432,230.3194,7203.836,5.1e-05,6084.945689575254,2026-09-24 22:29:17.718515,49008
1613,2025-04-10 05:52:21,103.7046,98.7432,227.3666,7203.835,5.22e-05,6084.944422553321,2026-09-24 22:29:17.718515,49008
1614,2025-04-10 12:38:16,103.9831,98.7432,224.7725,7203.835,5.38e-05,6084.944422553321,2026-09-24 22:29:17.718515,49008
1615,2025-04-10 21:05:38,104.3311,98.7432,223.2059,7203.835,5.51e-05,6084.944422553321,2026-09-24 22:29:17.718515,49008
1616,2025-04-11 03:51:33,104.6096,98.7432,221.6805,7203.834,5.6e-05,6084.943155531475,2026-09-24 22:29:17.718515,49008
1617,2025-04-11 12:18:55,104.9577,98.7432,219.3122,7203.834,5.74e-05,6084.943155531475,2026-09-24 22:29:17.718515,49008
1618,2025-04-11 19:04:49,105.2362,98.7432,217.3884,7203.834,5.88e-05,6084.943155531475,2026-09-24 22:29:17.718515,49008
1619,2025-04-11 22:27:46,105.3754,98.7432,216.4518,7203.834,5.99e-05,6084.943155531475,2026-09-24 22:29:17.718515,49008
1620,2025-04-12 03:32:12,105.5842,98.7433,215.087,7203.834,6.07e-05,6084.943155531475,2026-09-24 22:29:17.718515,49008
1621,2025-04-12 11:59:35,105.9324,98.7433,213.2491,7203.833,6.17e-05,6084.941888509716,2026-09-24 22:29:17.718515,49008
1622,2025-04-12 13:41:03,106.002,98.7433,212.8022,7203.833,6.2e-05,6084.941888509716,2026-09-24 22:29:17.718515,49008
1623,2025-04-12 20:26:58,106.2804,98.7433,211.364,7203.833,6.31e-05,6084.941888509716,2026-09-24 22:29:17.718515,49008
1624,2025-04-12 22:08:26,106.35,98.7433,211.1598,7203.833,6.34e-05,6084.941888509716,2026-09-24 22:29:17.718515,49008
1625,2025-04-13 04:54:20,106.6285,98.7433,209.4924,7203.833,6.46e-05,6084.941888509716,2026-09-24 22:29:17.718515,49008
1626,2025-04-13 11:40:14,106.907,98.7433,207.7518,7203.833,6.62e-05,6084.941888509716,2026-09-24 22:29:17.718515,49008
1627,2025-04-13 20:07:37,107.2551,98.7433,205.945,7203.832,6.83e-05,6084.940621488048,2026-09-24 22:29:17.718515,49008
1628,2025-04-13 21:49:06,107.3247,98.7433,205.5945,7203.832,6.88e-05,6084.940621488048,2026-09-24 22:29:17.718515,49008
1629,2025-04-14 04:35:00,107.6032,98.7433,204.1764,7203.832,6.98e-05,6084.940621488048,2026-09-24 22:29:17.718515,49008
1630,2025-04-14 11:20:54,107.8817,98.7433,202.608,7203.832,7.16e-05,6084.940621488048,2026-09-24 22:29:17.718515,49008
1631,2025-04-14 18:06:48,108.1601,98.7433,201.2119,7203.832,7.33e-05,6084.940621488048,2026-09-24 22:29:17.718515,49008
1632,2025-04-14 23:11:14,108.369,98.7433,200.4576,7203.831,7.47e-05,6084.939354466466,2026-09-24 22:29:17.718515,49008
1633,2025-04-15 05:57:08,108.6475,98.7433,199.0179,7203.831,7.64e-05,6084.939354466466,2026-09-24 22:29:17.718515,49008
1634,2025-04-15 12:43:02,108.9259,98.7433,197.712,7203.831,7.86e-05,6084.939354466466,2026-09-24 22:29:17.718515,49008
1635,2025-04-15 14:24:31,108.9956,98.7433,197.473,7203.831,7.89e-05,6084.939354466466,2026-09-24 22:29:17.718515,49008
1636,2025-04-15 21:10:25,109.274,98.7433,196.5019,7203.831,8.12e-05,6084.939354466466,2026-09-24 22:29:17.718515,49008
1637,2025-04-15 22:51:53,109.3436,98.7433,196.3749,7203.831,8.14e-05,6084.939354466466,2026-09-24 22:29:17.718515,49008
1638,2025-04-16 02:14:50,109.4829,98.7433,195.6782,7203.831,8.23e-05,6084.939354466466,2026-09-24 22:29:17.718515,49008
1639,2025-04-16 10:42:13,109.831,98.7433,193.9607,7203.83,8.47e-05,6084.938087444972,2026-09-24 22:29:17.718515,49008
1640,2025-04-16 14:05:10,109.9702,98.7433,193.4152,7203.831,8.54e-05,6084.939354466466,2026-09-24 22:29:17.718515,49008
1641,2025-04-16 20:51:04,110.2486,98.7433,192.3782,7203.829,8.7e-05,6084.936820423565,2026-09-24 22:29:17.718515,49008
1642,2025-04-16 22:32:33,110.3183,98.7433,192.2522,7203.8279999999995,8.74e-05,6084.935553402247,2026-09-24 22:29:17.718515,49008
1643,2025-04-17 03:36:59,110.5271,98.7433,191.3618,7203.83,8.82e-05,6084.938087444972,2026-09-24 22:29:17.718515,49008
1644,2025-04-17 13:45:50,110.9448,98.7433,189.8232,7203.83,8.95e-05,6084.938087444972,2026-09-24 22:29:17.718515,49008
1645,2025-04-17 22:13:12,111.2929,98.7433,188.5217,7203.83,9.15e-05,6084.938087444972,2026-09-24 22:29:17.718515,49008
1646,2025-04-18 03:17:38,111.5018,98.7433,187.6705,7203.829,9.23e-05,6084.936820423565,2026-09-24 22:29:17.718515,49008
1647,2025-04-18 13:26:29,111.9194,98.7433,186.1524,7203.829,9.42e-05,6084.936820423565,2026-09-24 22:29:17.718515,49008
1648,2025-04-18 20:12:23,112.1979,98.7433,185.1959,7203.829,9.53e-05,6084.936820423565,2026-09-24 22:29:17.718515,49008
1649,2025-04-19 04:39:46,112.546,98.7433,184.0077,7203.829,9.74e-05,6084.936820423565,2026-09-24 22:29:17.718515,49008
1650,2025-04-19 06:21:15,112.6156,98.7433,183.7488,7203.829,9.76e-05,6084.936820423565,2026-09-24 22:29:17.718515,49008
1651,2025-04-19 11:25:40,112.8245,98.7432,183.0881,7203.829,9.9e-05,6084.936820423565,2026-09-24 22:29:17.718515,49008
1652,2025-04-19 19:53:03,113.1726,98.7432,182.0497,7203.8279999999995,0.0001019,6084.935553402247,2026-09-24 22:29:17.718515,49008
1653,2025-04-19 23:16:00,113.3118,98.7432,181.7308,7203.8279999999995,0.0001028,6084.935553402247,2026-09-24 22:29:17.718515,49008
1654,2025-04-20 04:20:26,113.5207,98.7432,180.9314,7203.8279999999995,0.0001044,6084.935553402247,2026-09-24 22:29:17.718515,49008
1655,2025-04-20 12:47:48,113.8688,98.7432,179.9589,7203.8279999999995,0.000107,6084.935553402247,2026-09-24 22:29:17.718515,49008
1656,2025-04-20 21:15:11,114.2169,98.7431,179.1524,7203.8279999999995,0.0001094,6084.935553402247,2026-09-24 22:29:17.718515,49008
1657,2025-04-20 22:56:40,114.2865,98.7431,179.0215,7203.827,0.0001099,6084.934286381018,2026-09-24 22:29:17.718515,49008
1658,2025-04-21 05:42:34,114.565,98.7431,178.1077,7203.827,0.0001106,6084.934286381018,2026-09-24 22:29:17.718515,49008
1659,2025-04-21 12:28:28,114.8435,98.7431,177.33,7203.827,0.0001131,6084.934286381018,2026-09-24 22:29:17.718515,49008
1660,2025-04-21 14:09:56,114.9131,98.7431,177.1384,7203.827,0.0001134,6084.934286381018,2026-09-24 22:29:17.718515,49008
1661,2025-04-21 20:55:51,115.1916,98.7431,176.4697,7203.827,0.0001151,6084.934286381018,2026-09-24 22:29:17.718515,49008
1662,2025-04-21 22:37:19,115.2612,98.7431,176.3396,7203.827,0.0001158,6084.934286381018,2026-09-24 22:29:17.718515,49008
1663,2025-04-22 03:41:45,115.4701,98.7431,175.6905,7203.826,0.0001163,6084.933019359876,2026-09-24 22:29:17.718515,49008
1664,2025-04-22 10:27:39,115.7486,98.7431,174.862,7203.826,0.0001178,6084.933019359876,2026-09-24 22:29:17.718515,49008
1665,2025-04-22 13:50:36,115.8878,98.7431,174.5058,7203.826,0.0001188,6084.933019359876,2026-09-24 22:29:17.718515,49008
1666,2025-04-22 20:36:30,116.1662,98.743,173.7941,7203.826,0.0001199,6084.933019359876,2026-09-24 22:29:17.718515,49008
1667,2025-04-22 22:17:59,116.2359,98.743,173.6739,7203.826,0.0001199,6084.933019359876,2026-09-24 22:29:17.718515,49008
1668,2025-04-23 01:40:56,116.3751,98.7431,173.2793,7203.826,0.0001204,6084.933019359876,2026-09-24 22:29:17.718515,49008
1669,2025-04-23 18:35:41,117.0713,98.743,171.3051,7203.825,0.0001254,6084.931752338821,2026-09-24 22:29:17.718515,49008
1670,2025-04-24 19:57:49,118.1156,98.7431,168.7405,7203.824,0.0001326,6084.9304853178555,2026-09-24 22:29:17.718515,49008
1671,2025-04-24 23:20:46,118.2548,98.743,168.4651,7203.824,0.0001333,6084.9304853178555,2026-09-24 22:29:17.718515,49008
1672,2025-04-25 06:06:40,118.5333,98.7431,167.9242,7203.824,0.0001361,6084.9304853178555,2026-09-24 22:29:17.718515,49008
1673,2025-04-25 11:11:06,118.7422,98.7431,167.4691,7203.824,0.0001371,6084.9304853178555,2026-09-24 22:29:17.718515,49008
1674,2025-04-25 12:52:34,118.8118,98.7431,167.331,7203.824,0.0001377,6084.9304853178555,2026-09-24 22:29:17.718515,49008
1675,2025-04-25 21:19:57,119.1598,98.743,166.6245,7203.824,0.0001391,6084.9304853178555,2026-09-24 22:29:17.718515,49008
1676,2025-04-25 23:01:25,119.2295,98.743,166.5223,7203.823,0.0001395,6084.9292182969775,2026-09-24 22:29:17.718515,49008
1677,2025-04-26 05:47:20,119.5079,98.743,165.8657,7203.823,0.000141,6084.9292182969775,2026-09-24 22:29:17.718515,49008
1678,2025-04-26 12:33:14,119.7865,98.743,165.1237,7203.823,0.000142,6084.9292182969775,2026-09-24 22:29:17.718515,49008
1679,2025-04-26 21:00:36,120.1345,98.743,164.4946,7203.822,0.0001444,6084.927951276187,2026-09-24 22:29:17.718515,49008
1680,2025-04-26 22:42:05,120.2041,98.743,164.3806,7203.822,0.0001448,6084.927951276187,2026-09-24 22:29:17.718515,49008
1681,2025-04-27 03:46:30,120.413,98.743,163.8525,7203.822,0.000146,6084.927951276187,2026-09-24 22:29:17.718515,49008
1682,2025-04-27 12:13:53,120.7611,98.743,163.0968,7203.822,0.0001478,6084.927951276187,2026-09-24 22:29:17.718515,49008
1683,2025-04-27 13:55:22,120.8307,98.743,162.9313,7203.822,0.0001483,6084.927951276187,2026-09-24 22:29:17.718515,49008
1684,2025-04-27 20:41:16,121.1091,98.7429,162.3336,7203.822,0.0001503,6084.927951276187,2026-09-24 22:29:17.718515,49008
1685,2025-04-27 22:22:44,121.1787,98.7429,162.2025,7203.822,0.0001507,6084.927951276187,2026-09-24 22:29:17.718515,49008
1686,2025-04-28 03:27:10,121.3876,98.743,161.7742,7203.822,0.0001517,6084.927951276187,2026-09-24 22:29:17.718515,49008
1687,2025-04-28 11:54:33,121.7358,98.743,160.948,7203.821,0.0001535,6084.926684255484,2026-09-24 22:29:17.718515,49008
1688,2025-04-28 20:21:55,122.0838,98.7429,160.0433,7203.821,0.0001552,6084.926684255484,2026-09-24 22:29:17.718515,49008
1689,2025-04-28 22:03:24,122.1534,98.7429,159.9058,7203.821,0.0001554,6084.926684255484,2026-09-24 22:29:17.718515,49008
1690,2025-04-29 04:49:18,122.4319,98.7429,159.3028,7203.821,0.0001568,6084.926684255484,2026-09-24 22:29:17.718515,49008
1691,2025-05-01 22:46:50,125.147,98.7427,153.8607,7203.8189999999995,0.0001718,6084.924150214343,2026-09-24 22:29:17.718515,49008
1692,2025-05-02 00:28:19,125.2166,98.7427,153.725,7203.8189999999995,0.0001725,6084.924150214343,2026-09-24 22:29:17.718515,49008
1693,2025-05-02 14:00:07,125.7735,98.7427,152.5825,7203.8189999999995,0.0001758,6084.924150214343,2026-09-24 22:29:17.718515,49008
1694,2025-05-02 22:27:30,126.1216,98.7427,151.8576,7203.8189999999995,0.0001764,6084.924150214343,2026-09-24 22:29:17.718515,49008
1695,2025-05-03 05:13:24,126.4001,98.7427,151.2157,7203.818,0.0001781,6084.922883193904,2026-09-24 22:29:17.718515,49008
1696,2025-05-03 11:59:18,126.6786,98.7426,150.6342,7203.818,0.0001802,6084.922883193904,2026-09-24 22:29:17.718515,49008
1697,2025-05-03 13:40:46,126.7482,98.7426,150.4832,7203.818,0.0001806,6084.922883193904,2026-09-24 22:29:17.718515,49008
1698,2025-05-03 22:08:09,127.0963,98.7426,149.9171,7203.818,0.0001828,6084.922883193904,2026-09-24 22:29:17.718515,49008
1699,2025-05-04 04:54:03,127.3748,98.7426,149.1693,7203.818,0.0001842,6084.922883193904,2026-09-24 22:29:17.718515,49008
1700,2025-05-04 11:39:57,127.6532,98.7426,148.5238,7203.818,0.000185,6084.922883193904,2026-09-24 22:29:17.718515,49008
1701,2025-05-04 13:21:26,127.7228,98.7425,148.4232,7203.818,0.0001856,6084.922883193904,2026-09-24 22:29:17.718515,49008
1702,2025-05-04 20:07:20,128.0013,98.7425,148.0649,7203.817,0.0001877,6084.921616173555,2026-09-24 22:29:17.718515,49008
1703,2025-05-04 23:30:17,128.1405,98.7425,147.7787,7203.817,0.0001882,6084.921616173555,2026-09-24 22:29:17.718515,49008
1704,2025-05-05 06:16:11,128.419,98.7425,146.8804,7203.817,0.0001889,6084.921616173555,2026-09-24 22:29:17.718515,49008
1705,2025-05-05 11:20:37,128.6278,98.7425,146.5354,7203.817,0.0001903,6084.921616173555,2026-09-24 22:29:17.718515,49008
1706,2025-05-05 21:29:28,129.0455,98.7424,145.865,7203.817,0.0001927,6084.921616173555,2026-09-24 22:29:17.718515,49008
1707,2025-05-06 02:33:53,129.2544,98.7424,145.5209,7203.817,0.000194,6084.921616173555,2026-09-24 22:29:17.718515,49008
1708,2025-05-06 09:19:47,129.5328,98.7424,144.8435,7203.817,0.000195,6084.921616173555,2026-09-24 22:29:17.718515,49008
1709,2025-05-06 21:10:07,130.0201,98.7424,144.1472,7203.816,0.0001978,6084.920349153291,2026-09-24 22:29:17.718515,49008
1710,2025-05-06 22:51:36,130.0897,98.7424,144.1295,7203.816,0.0001984,6084.920349153291,2026-09-24 22:29:17.718515,49008
1711,2025-05-07 03:56:01,130.2986,98.7424,143.6974,7203.816,0.0001994,6084.920349153291,2026-09-24 22:29:17.718515,49008
1712,2025-05-07 12:23:24,130.6467,98.7424,143.0756,7203.816,0.0002012,6084.920349153291,2026-09-24 22:29:17.718515,49008
1713,2025-05-07 20:50:46,130.9947,98.7423,142.3524,7203.816,0.0002025,6084.920349153291,2026-09-24 22:29:17.718515,49008
1714,2025-05-07 22:32:15,131.0643,98.7423,142.2765,7203.816,0.0002029,6084.920349153291,2026-09-24 22:29:17.718515,49008
1715,2025-05-08 03:36:40,131.2732,98.7423,141.7762,7203.816,0.0002035,6084.920349153291,2026-09-24 22:29:17.718515,49008
1716,2025-05-08 12:04:03,131.6212,98.7423,141.2195,7203.8150000000005,0.0002059,6084.919082133118,2026-09-24 22:29:17.718515,49008
1717,2025-05-08 22:12:54,132.0389,98.7423,140.1393,7203.8150000000005,0.0002066,6084.919082133118,2026-09-24 22:29:17.718515,49008
1718,2025-05-09 03:17:20,132.2478,98.7423,139.7317,7203.8150000000005,0.0002077,6084.919082133118,2026-09-24 22:29:17.718515,49008
1719,2025-05-09 06:40:17,132.387,98.7423,139.4124,7203.8150000000005,0.0002083,6084.919082133118,2026-09-24 22:29:17.718515,49008
1720,2025-05-09 11:44:42,132.5958,98.7423,139.0399,7203.8150000000005,0.0002092,6084.919082133118,2026-09-24 22:29:17.718515,49008
1721,2025-05-09 20:12:05,132.9439,98.7422,138.325,7203.8150000000005,0.0002109,6084.919082133118,2026-09-24 22:29:17.718515,49008
1722,2025-05-09 21:53:33,133.0135,98.7422,138.2492,7203.8150000000005,0.0002112,6084.919082133118,2026-09-24 22:29:17.718515,49008
1723,2025-05-10 06:20:56,133.3616,98.7423,137.4738,7203.8150000000005,0.0002126,6084.919082133118,2026-09-24 22:29:17.718515,49008
1724,2025-05-10 11:25:22,133.5704,98.7423,137.1582,7203.8150000000005,0.0002138,6084.919082133118,2026-09-24 22:29:17.718515,49008
1725,2025-05-10 13:06:50,133.64,98.7422,137.0691,7203.8150000000005,0.0002143,6084.919082133118,2026-09-24 22:29:17.718515,49008
1726,2025-05-10 19:52:44,133.9185,98.7422,136.6944,7203.8150000000005,0.000216,6084.919082133118,2026-09-24 22:29:17.718515,49008
1727,2025-05-10 23:15:41,134.0577,98.7422,136.5012,7203.8150000000005,0.0002166,6084.919082133118,2026-09-24 22:29:17.718515,49008
1728,2025-05-11 06:01:35,134.3362,98.7422,136.0258,7203.814,0.0002182,6084.91781511303,2026-09-24 22:29:17.718515,49008
1729,2025-05-11 12:47:29,134.6147,98.7422,135.5967,7203.814,0.0002195,6084.91781511303,2026-09-24 22:29:17.718515,49008
1730,2025-05-11 21:14:52,134.9627,98.7422,135.0608,7203.814,0.0002209,6084.91781511303,2026-09-24 22:29:17.718515,49008
1731,2025-05-11 22:56:21,135.0323,98.7422,134.9874,7203.814,0.0002212,6084.91781511303,2026-09-24 22:29:17.718515,49008
1732,2025-05-12 04:00:46,135.2412,98.7422,134.6069,7203.814,0.0002224,6084.91781511303,2026-09-24 22:29:17.718515,49008
1733,2025-05-12 12:28:09,135.5893,98.7422,133.9962,7203.814,0.0002238,6084.91781511303,2026-09-24 22:29:17.718515,49008
1734,2025-05-12 14:09:37,135.6589,98.7422,133.8615,7203.814,0.0002241,6084.91781511303,2026-09-24 22:29:17.718515,49008
1735,2025-05-12 20:55:31,135.9373,98.7422,133.2261,7203.814,0.0002246,6084.91781511303,2026-09-24 22:29:17.718515,49008
1736,2025-05-12 22:37:00,136.0069,98.7422,132.9832,7203.814,0.0002245,6084.91781511303,2026-09-24 22:29:17.718515,49008
1737,2025-05-13 03:41:25,136.2158,98.7422,132.5472,7203.814,0.0002251,6084.91781511303,2026-09-24 22:29:17.718515,49008
1738,2025-05-13 12:08:48,136.5639,98.7422,131.8552,7203.814,0.0002263,6084.91781511303,2026-09-24 22:29:17.718515,49008
1739,2025-05-13 13:50:16,136.6335,98.7422,131.7262,7203.814,0.0002266,6084.91781511303,2026-09-24 22:29:17.718515,49008
1740,2025-05-13 20:36:11,136.9119,98.7422,131.2591,7203.814,0.0002278,6084.91781511303,2026-09-24 22:29:17.718515,49008
1741,2025-05-13 22:17:39,136.9815,98.7422,131.1143,7203.814,0.000228,6084.91781511303,2026-09-24 22:29:17.718515,49008
1742,2025-05-14 03:22:05,137.1904,98.7422,130.7392,7203.813,0.000229,6084.916548093031,2026-09-24 22:29:17.718515,49008
1743,2025-05-14 11:49:27,137.5385,98.7422,130.1986,7203.813,0.0002308,6084.916548093031,2026-09-24 22:29:17.718515,49008
1744,2025-05-14 13:30:56,137.6081,98.7422,130.0671,7203.813,0.000231,6084.916548093031,2026-09-24 22:29:17.718515,49008
1745,2025-05-14 18:35:21,137.8169,98.7422,129.3718,7203.813,0.0002311,6084.916548093031,2026-09-24 22:29:17.718515,49008
1746,2025-05-14 20:16:50,137.8865,98.7422,129.3376,7203.813,0.0002316,6084.916548093031,2026-09-24 22:29:17.718515,49008
1747,2025-05-15 04:44:12,138.2346,98.7422,128.8517,7203.813,0.0002335,6084.916548093031,2026-09-24 22:29:17.718515,49008
1748,2025-05-15 11:30:06,138.513,98.7422,128.2601,7203.813,0.0002344,6084.916548093031,2026-09-24 22:29:17.718515,49008
1749,2025-05-15 13:11:35,138.5826,98.7422,128.1419,7203.813,0.0002346,6084.916548093031,2026-09-24 22:29:17.718515,49008
1750,2025-05-15 19:57:29,138.8611,98.7422,127.7807,7203.813,0.0002362,6084.916548093031,2026-09-24 22:29:17.718515,49008
1751,2025-05-16 04:24:52,139.2092,98.7422,127.1867,7203.813,0.0002375,6084.916548093031,2026-09-24 22:29:17.718515,49008
1752,2025-05-16 12:52:14,139.5572,98.7422,126.5896,7203.812,0.0002386,6084.915281073121,2026-09-24 22:29:17.718515,49008
1753,2025-05-16 19:38:08,139.8357,98.7421,126.3028,7203.812,0.0002403,6084.915281073121,2026-09-24 22:29:17.718515,49008
1754,2025-05-17 04:05:31,140.1837,98.7421,125.918,7203.812,0.000242,6084.915281073121,2026-09-24 22:29:17.718515,49008
1755,2025-05-17 12:32:53,140.5318,98.7421,125.1905,7203.812,0.0002428,6084.915281073121,2026-09-24 22:29:17.718515,49008
1756,2025-05-17 21:00:16,140.8798,98.7421,124.6289,7203.812,0.0002443,6084.915281073121,2026-09-24 22:29:17.718515,49008
1757,2025-05-17 22:41:45,140.9494,98.742,124.4894,7203.812,0.0002444,6084.915281073121,2026-09-24 22:29:17.718515,49008
1758,2025-05-18 03:46:10,141.1583,98.7421,124.0966,7203.812,0.0002451,6084.915281073121,2026-09-24 22:29:17.718515,49008
1759,2025-05-18 12:13:33,141.5064,98.7421,123.4359,7203.812,0.000246,6084.915281073121,2026-09-24 22:29:17.718515,49008
1760,2025-05-18 13:55:01,141.576,98.7421,123.3079,7203.812,0.0002463,6084.915281073121,2026-09-24 22:29:17.718515,49008
1761,2025-05-18 22:22:24,141.924,98.742,122.6956,7203.811,0.0002474,6084.914014053296,2026-09-24 22:29:17.718515,49008
1762,2025-05-19 03:26:49,142.1329,98.742,122.2035,7203.811,0.000248,6084.914014053296,2026-09-24 22:29:17.718515,49008
1763,2025-05-19 11:54:12,142.481,98.742,121.3872,7203.811,0.0002487,6084.914014053296,2026-09-24 22:29:17.718515,49008
1764,2025-05-19 22:03:03,142.8987,98.742,120.5304,7203.811,0.0002496,6084.914014053296,2026-09-24 22:29:17.718515,49008
1765,2025-05-20 04:48:57,143.1771,98.742,120.0019,7203.811,0.0002507,6084.914014053296,2026-09-24 22:29:17.718515,49008
1766,2025-05-20 11:34:51,143.4556,98.742,119.4202,7203.811,0.0002511,6084.914014053296,2026-09-24 22:29:17.718515,49008
1767,2025-05-20 14:57:48,143.5948,98.742,119.1536,7203.811,0.0002515,6084.914014053296,2026-09-24 22:29:17.718515,49008
1768,2025-05-20 18:20:45,143.7341,98.742,118.9484,7203.811,0.000252,6084.914014053296,2026-09-24 22:29:17.718515,49008
1769,2025-05-21 04:29:36,144.1517,98.742,118.351,7203.811,0.0002533,6084.914014053296,2026-09-24 22:29:17.718515,49008
1770,2025-05-21 12:56:59,144.4998,98.742,117.5484,7203.811,0.0002536,6084.914014053296,2026-09-24 22:29:17.718515,49008
1771,2025-05-21 14:38:27,144.5694,98.7419,117.4248,7203.811,0.0002538,6084.914014053296,2026-09-24 22:29:17.718515,49008
1772,2025-05-21 21:24:21,144.8479,98.7419,117.0862,7203.811,0.0002546,6084.914014053296,2026-09-24 22:29:17.718515,49008
1773,2025-05-22 05:51:44,145.196,98.7419,116.5639,7203.8099999999995,0.0002555,6084.9127470335625,2026-09-24 22:29:17.718515,49008
1774,2025-05-22 12:37:38,145.4744,98.7419,116.1597,7203.8099999999995,0.0002562,6084.9127470335625,2026-09-24 22:29:17.718515,49008
1775,2025-05-22 19:23:32,145.7529,98.7419,115.7342,7203.8099999999995,0.000257,6084.9127470335625,2026-09-24 22:29:17.718515,49008
1776,2025-05-23 03:50:55,146.101,98.7419,115.0195,7203.8099999999995,0.0002572,6084.9127470335625,2026-09-24 22:29:17.718515,49008
1777,2025-05-23 12:18:17,146.4491,98.7419,114.3276,7203.8099999999995,0.0002579,6084.9127470335625,2026-09-24 22:29:17.718515,49008
1778,2025-05-23 13:59:46,146.5187,98.7419,114.2159,7203.8099999999995,0.0002581,6084.9127470335625,2026-09-24 22:29:17.718515,49008
1779,2025-05-23 20:45:40,146.7971,98.7419,113.774,7203.8099999999995,0.0002591,6084.9127470335625,2026-09-24 22:29:17.718515,49008
1780,2025-05-23 22:27:08,146.8667,98.7419,113.652,7203.8099999999995,0.0002591,6084.9127470335625,2026-09-24 22:29:17.718515,49008
1781,2025-05-24 03:31:34,147.0756,98.7419,113.3119,7203.8099999999995,0.0002596,6084.9127470335625,2026-09-24 22:29:17.718515,49008
1782,2025-05-24 11:58:56,147.4237,98.7419,112.8303,7203.809,0.0002609,6084.911480013916,2026-09-24 22:29:17.718515,49008
1783,2025-05-24 13:40:25,147.4933,98.7419,112.7291,7203.809,0.0002612,6084.911480013916,2026-09-24 22:29:17.718515,49008
1784,2025-05-24 18:44:50,147.7021,98.7419,112.3133,7203.809,0.0002616,6084.911480013916,2026-09-24 22:29:17.718515,49008
1785,2025-05-24 22:07:48,147.8413,98.7419,111.9741,7203.809,0.0002615,6084.911480013916,2026-09-24 22:29:17.718515,49008
1786,2025-05-25 03:12:13,148.0502,98.7419,111.6393,7203.809,0.0002621,6084.911480013916,2026-09-24 22:29:17.718515,49008
1787,2025-05-25 11:39:36,148.3982,98.7419,111.0894,7203.809,0.0002631,6084.911480013916,2026-09-24 22:29:17.718515,49008
1788,2025-05-25 13:21:04,148.4678,98.7419,111.0421,7203.809,0.0002633,6084.911480013916,2026-09-24 22:29:17.718515,49008
1789,2025-05-25 20:06:58,148.7463,98.7419,110.6361,7203.809,0.0002641,6084.911480013916,2026-09-24 22:29:17.718515,49008
1790,2025-05-25 21:48:27,148.8159,98.7419,110.5609,7203.809,0.0002642,6084.911480013916,2026-09-24 22:29:17.718515,49008
1791,2025-05-25 23:29:55,148.8855,98.7419,110.4649,7203.809,0.0002644,6084.911480013916,2026-09-24 22:29:17.718515,49008
1792,2025-05-27 22:51:14,150.8346,98.7418,107.6544,7203.808,0.0002684,6084.910212994357,2026-09-24 22:29:17.718515,49008
1793,2025-05-28 05:37:08,151.1131,98.7418,107.1944,7203.808,0.0002691,6084.910212994357,2026-09-24 22:29:17.718515,49008
1794,2025-05-28 12:23:02,151.3916,98.7418,106.8854,7203.808,0.00027,6084.910212994357,2026-09-24 22:29:17.718515,49008
1795,2025-05-28 14:04:30,151.4612,98.7418,106.7613,7203.808,0.0002704,6084.910212994357,2026-09-24 22:29:17.718515,49008
1796,2025-05-28 20:50:24,151.7396,98.7418,106.1779,7203.808,0.0002706,6084.910212994357,2026-09-24 22:29:17.718515,49008
1797,2025-05-29 03:36:18,152.0181,98.7418,105.7993,7203.808,0.0002712,6084.910212994357,2026-09-24 22:29:17.718515,49008
1798,2025-05-29 13:45:09,152.4358,98.7418,104.9316,7203.808,0.0002719,6084.910212994357,2026-09-24 22:29:17.718515,49008
1799,2025-05-29 15:26:38,152.5054,98.7418,104.7856,7203.807,0.0002721,6084.908945974885,2026-09-24 22:29:17.718515,49008
1800,2025-05-29 20:31:03,152.7143,98.7417,104.3428,7203.808,0.0002724,6084.910212994357,2026-09-24 22:29:17.718515,49008
1801,2025-05-29 22:12:32,152.7839,98.7417,104.2516,7203.807,0.0002725,6084.908945974885,2026-09-24 22:29:17.718515,49008
1802,2025-05-30 03:16:57,152.9928,98.7418,103.8012,7203.807,0.0002732,6084.908945974885,2026-09-24 22:29:17.718515,49008
1803,2025-05-30 13:25:48,153.4104,98.7417,103.1466,7203.807,0.0002743,6084.908945974885,2026-09-24 22:29:17.718515,49008
1804,2025-05-30 20:11:42,153.6888,98.7416,102.3414,7203.807,0.0002744,6084.908945974885,2026-09-24 22:29:17.718515,49008
1805,2025-05-30 21:53:11,153.7584,98.7416,102.2443,7203.807,0.0002744,6084.908945974885,2026-09-24 22:29:17.718515,49008
1806,2025-05-31 04:39:05,154.0369,98.7416,101.7621,7203.807,0.0002751,6084.908945974885,2026-09-24 22:29:17.718515,49008
1807,2025-05-31 13:06:28,154.3849,98.7416,101.0986,7203.807,0.0002753,6084.908945974885,2026-09-24 22:29:17.718515,49008
1808,2025-05-31 14:47:56,154.4545,98.7416,100.9919,7203.807,0.0002753,6084.908945974885,2026-09-24 22:29:17.718515,49008
1809,2025-05-31 21:33:50,154.733,98.7416,100.5713,7203.807,0.0002755,6084.908945974885,2026-09-24 22:29:17.718515,49008
1810,2025-05-31 23:15:19,154.8026,98.7416,100.4171,7203.807,0.0002754,6084.908945974885,2026-09-24 22:29:17.718515,49008
1811,2025-06-01 04:19:44,155.0114,98.7416,100.0968,7203.807,0.0002758,6084.908945974885,2026-09-24 22:29:17.718515,49008
1812,2025-06-01 12:47:07,155.3595,98.7415,99.6263,7203.805,0.0002759,6084.906411936207,2026-09-24 22:29:17.718515,49008
1813,2025-06-01 14:28:35,155.4291,98.7415,99.5073,7203.805,0.000276,6084.906411936207,2026-09-24 22:29:17.718515,49008
1814,2025-06-01 19:33:01,155.6379,98.7415,99.2452,7203.8060000000005,0.0002761,6084.907678955502,2026-09-24 22:29:17.718515,49008
1815,2025-06-02 05:41:52,156.0556,98.7415,98.6515,7203.8060000000005,0.0002765,6084.907678955502,2026-09-24 22:29:17.718515,49008
1816,2025-06-02 12:27:46,156.334,98.7415,98.2435,7203.8060000000005,0.0002768,6084.907678955502,2026-09-24 22:29:17.718515,49008
1817,2025-06-02 20:55:08,156.682,98.7414,97.7019,7203.8060000000005,0.0002769,6084.907678955502,2026-09-24 22:29:17.718515,49008
1818,2025-06-03 03:41:02,156.9605,98.7415,97.277,7203.805,0.0002771,6084.906411936207,2026-09-24 22:29:17.718515,49008
1819,2025-06-03 12:08:25,157.3086,98.7415,96.528,7203.805,0.0002774,6084.906411936207,2026-09-24 22:29:17.718515,49008
1820,2025-06-03 13:49:53,157.3782,98.7415,96.4145,7203.805,0.0002774,6084.906411936207,2026-09-24 22:29:17.718515,49008
1821,2025-06-03 20:35:47,157.6566,98.7414,95.7412,7203.805,0.0002774,6084.906411936207,2026-09-24 22:29:17.718515,49008
1822,2025-06-04 03:21:42,157.9351,98.7415,95.2595,7203.805,0.0002778,6084.906411936207,2026-09-24 22:29:17.718515,49008
1823,2025-06-04 11:49:04,158.2831,98.7415,94.6647,7203.805,0.0002782,6084.906411936207,2026-09-24 22:29:17.718515,49008
1824,2025-06-04 13:30:33,158.3527,98.7415,94.5356,7203.805,0.0002782,6084.906411936207,2026-09-24 22:29:17.718515,49008
1825,2025-06-04 20:16:27,158.6311,98.7414,94.0694,7203.805,0.0002785,6084.906411936207,2026-09-24 22:29:17.718515,49008
1826,2025-06-04 21:57:55,158.7007,98.7414,93.9769,7203.805,0.0002784,6084.906411936207,2026-09-24 22:29:17.718515,49008
1827,2025-06-05 04:43:49,158.9792,98.7414,93.3331,7203.805,0.0002788,6084.906411936207,2026-09-24 22:29:17.718515,49008
1828,2025-06-05 13:11:12,159.3272,98.7414,92.676,7203.805,0.0002788,6084.906411936207,2026-09-24 22:29:17.718515,49008
1829,2025-06-05 16:34:09,159.4665,98.7414,92.4294,7203.805,0.0002788,6084.906411936207,2026-09-24 22:29:17.718515,49008
1830,2025-06-05 19:57:06,159.6057,98.7414,92.1733,7203.805,0.0002787,6084.906411936207,2026-09-24 22:29:17.718515,49008
1831,2025-06-05 23:20:03,159.7449,98.7414,91.8894,7203.804,0.0002785,6084.905144916999,2026-09-24 22:29:17.718515,49008
1832,2025-06-06 04:24:28,159.9537,98.7414,91.5363,7203.804,0.0002786,6084.905144916999,2026-09-24 22:29:17.718515,49008
1833,2025-06-06 09:28:54,160.1626,98.7414,91.1306,7203.804,0.0002785,6084.905144916999,2026-09-24 22:29:17.718515,49008
1834,2025-06-06 11:10:22,160.2322,98.7414,90.9877,7203.804,0.0002784,6084.905144916999,2026-09-24 22:29:17.718515,49008
1835,2025-06-06 12:51:51,160.3018,98.7414,90.8614,7203.804,0.0002784,6084.905144916999,2026-09-24 22:29:17.718515,49008
1836,2025-06-06 21:19:13,160.6498,98.7414,90.3464,7203.804,0.0002781,6084.905144916999,2026-09-24 22:29:17.718515,49008
1837,2025-06-07 05:46:36,160.9978,98.7414,89.8892,7203.804,0.0002782,6084.905144916999,2026-09-24 22:29:17.718515,49008
1838,2025-06-07 12:32:30,161.2763,98.7414,89.4117,7203.804,0.0002781,6084.905144916999,2026-09-24 22:29:17.718515,49008
1839,2025-06-07 20:59:52,161.6243,98.7414,88.9956,7203.804,0.0002776,6084.905144916999,2026-09-24 22:29:17.718515,49008
1840,2025-06-08 03:45:46,161.9027,98.7414,88.5984,7203.804,0.0002775,6084.905144916999,2026-09-24 22:29:17.718515,49008
1841,2025-06-08 10:31:40,162.1812,98.7414,88.0441,7203.803,0.0002776,6084.903877897879,2026-09-24 22:29:17.718515,49008
1842,2025-06-08 15:36:06,162.39,98.7414,87.6872,7203.803,0.0002776,6084.903877897879,2026-09-24 22:29:17.718515,49008
1843,2025-06-09 22:02:39,163.643,98.7414,85.5616,7203.803,0.0002777,6084.903877897879,2026-09-24 22:29:17.718515,49008
1844,2025-06-10 11:34:27,164.1999,98.7414,84.4862,7203.803,0.000278,6084.903877897879,2026-09-24 22:29:17.718515,49008
1845,2025-06-10 13:15:56,164.2695,98.7414,84.3384,7203.803,0.0002779,6084.903877897879,2026-09-24 22:29:17.718515,49008
1846,2025-06-10 20:01:50,164.5479,98.7414,83.8236,7203.803,0.000278,6084.903877897879,2026-09-24 22:29:17.718515,49008
1847,2025-06-10 21:43:18,164.6175,98.7414,83.6787,7203.803,0.000278,6084.903877897879,2026-09-24 22:29:17.718515,49008
1848,2025-06-11 04:29:12,164.8959,98.7414,83.2465,7203.803,0.000278,6084.903877897879,2026-09-24 22:29:17.718515,49008
1849,2025-06-11 12:56:35,165.244,98.7414,82.787,7203.803,0.0002774,6084.903877897879,2026-09-24 22:29:17.718515,49008
1850,2025-06-11 19:42:29,165.5224,98.7414,82.436,7203.803,0.0002771,6084.903877897879,2026-09-24 22:29:17.718515,49008
1851,2025-06-12 04:09:51,165.8704,98.7414,81.798,7203.802,0.0002769,6084.902610878848,2026-09-24 22:29:17.718515,49008
1852,2025-06-12 12:37:14,166.2185,98.7414,81.3342,7203.802,0.0002764,6084.902610878848,2026-09-24 22:29:17.718515,49008
1853,2025-06-12 21:04:36,166.5665,98.7414,80.8072,7203.802,0.0002759,6084.902610878848,2026-09-24 22:29:17.718515,49008
1854,2025-06-12 22:46:05,166.6361,98.7413,80.7608,7203.802,0.0002756,6084.902610878848,2026-09-24 22:29:17.718515,49008
1855,2025-06-13 05:31:59,166.9146,98.7414,80.4793,7203.802,0.0002754,6084.902610878848,2026-09-24 22:29:17.718515,49008
1856,2025-06-13 12:17:53,167.193,98.7414,80.266,7203.802,0.0002748,6084.902610878848,2026-09-24 22:29:17.718515,49008
1857,2025-06-13 13:59:21,167.2626,98.7414,80.1604,7203.802,0.0002747,6084.902610878848,2026-09-24 22:29:17.718515,49008
1858,2025-06-13 20:45:15,167.5411,98.7414,79.4776,7203.802,0.0002747,6084.902610878848,2026-09-24 22:29:17.718515,49008
1859,2025-06-13 22:26:44,167.6107,98.7413,79.3558,7203.801,0.0002745,6084.901343859905,2026-09-24 22:29:17.718515,49008
1860,2025-06-14 03:31:09,167.8195,98.7414,78.9636,7203.802,0.0002746,6084.902610878848,2026-09-24 22:29:17.718515,49008
1861,2025-06-14 11:58:32,168.1676,98.7414,78.2398,7203.802,0.0002744,6084.902610878848,2026-09-24 22:29:17.718515,49008
1862,2025-06-14 13:40:00,168.2372,98.7414,78.1381,7203.802,0.0002744,6084.902610878848,2026-09-24 22:29:17.718515,49008
1863,2025-06-14 20:25:54,168.5156,98.7414,77.4528,7203.801,0.0002744,6084.901343859905,2026-09-24 22:29:17.718515,49008
1864,2025-06-14 22:07:23,168.5852,98.7414,77.3175,7203.801,0.0002742,6084.901343859905,2026-09-24 22:29:17.718515,49008
1865,2025-06-15 03:11:48,168.7941,98.7414,76.9418,7203.801,0.0002742,6084.901343859905,2026-09-24 22:29:17.718515,49008
1866,2025-06-15 09:57:42,169.0725,98.7414,76.4926,7203.801,0.0002743,6084.901343859905,2026-09-24 22:29:17.718515,49008
1867,2025-06-15 13:20:39,169.2118,98.7414,76.2534,7203.801,0.0002741,6084.901343859905,2026-09-24 22:29:17.718515,49008
1868,2025-06-15 20:06:33,169.4902,98.7414,75.7551,7203.801,0.0002739,6084.901343859905,2026-09-24 22:29:17.718515,49008
1869,2025-06-15 21:48:02,169.5598,98.7414,75.5989,7203.801,0.0002737,6084.901343859905,2026-09-24 22:29:17.718515,49008
1870,2025-06-16 04:33:56,169.8382,98.7414,75.0873,7203.801,0.0002734,6084.901343859905,2026-09-24 22:29:17.718515,49008
1871,2025-06-16 11:19:50,170.1167,98.7414,74.7505,7203.801,0.000273,6084.901343859905,2026-09-24 22:29:17.718515,49008
1872,2025-06-16 13:01:18,170.1863,98.7414,74.6585,7203.801,0.0002728,6084.901343859905,2026-09-24 22:29:17.718515,49008
1873,2025-06-16 21:28:41,170.5343,98.7414,74.1142,7203.801,0.0002717,6084.901343859905,2026-09-24 22:29:17.718515,49008
1874,2025-06-17 05:56:03,170.8824,98.7414,73.6368,7203.801,0.0002708,6084.901343859905,2026-09-24 22:29:17.718515,49008
1875,2025-06-17 12:41:57,171.1608,98.7414,73.1128,7203.801,0.0002704,6084.901343859905,2026-09-24 22:29:17.718515,49008
1876,2025-06-17 21:09:20,171.5089,98.7414,72.5674,7203.801,0.0002695,6084.901343859905,2026-09-24 22:29:17.718515,49008
1877,2025-06-18 03:55:14,171.7873,98.7414,72.0774,7203.8,0.0002691,6084.90007684105,2026-09-24 22:29:17.718515,49008
1878,2025-06-18 12:22:36,172.1354,98.7414,71.3026,7203.8,0.0002688,6084.90007684105,2026-09-24 22:29:17.718515,49008
1879,2025-06-18 14:04:05,172.205,98.7414,71.162,7203.8,0.0002687,6084.90007684105,2026-09-24 22:29:17.718515,49008
1880,2025-06-18 20:49:59,172.4834,98.7414,70.6348,7203.8,0.000268,6084.90007684105,2026-09-24 22:29:17.718515,49008
1881,2025-06-19 03:35:53,172.7619,98.7414,70.1456,7203.8,0.0002676,6084.90007684105,2026-09-24 22:29:17.718515,49008
1882,2025-06-19 12:03:15,173.11,98.7415,69.5351,7203.8,0.000267,6084.90007684105,2026-09-24 22:29:17.718515,49008
1883,2025-06-19 13:44:44,173.1796,98.7415,69.4227,7203.8,0.0002669,6084.90007684105,2026-09-24 22:29:17.718515,49008
1884,2025-06-19 20:30:38,173.458,98.7414,68.8829,7203.8,0.0002664,6084.90007684105,2026-09-24 22:29:17.718515,49008
1885,2025-06-20 03:16:32,173.7365,98.7415,68.3742,7203.8,0.0002659,6084.90007684105,2026-09-24 22:29:17.718515,49008
1886,2025-06-20 10:02:26,174.015,98.7415,67.9213,7203.8,0.0002656,6084.90007684105,2026-09-24 22:29:17.718515,49008
1887,2025-06-20 13:25:23,174.1542,98.7415,67.6747,7203.8,0.0002653,6084.90007684105,2026-09-24 22:29:17.718515,49008
1888,2025-06-20 20:11:17,174.4326,98.7415,67.3378,7203.8,0.0002644,6084.90007684105,2026-09-24 22:29:17.718515,49008
1889,2025-06-20 21:52:45,174.5022,98.7415,67.2516,7203.8,0.0002641,6084.90007684105,2026-09-24 22:29:17.718515,49008
1890,2025-06-21 04:38:39,174.7807,98.7415,66.812,7203.8,0.0002637,6084.90007684105,2026-09-24 22:29:17.718515,49008
1891,2025-06-21 11:24:33,175.0591,98.7415,66.2348,7203.799,0.0002632,6084.898809822282,2026-09-24 22:29:17.718515,49008
1892,2025-06-21 13:06:02,175.1287,98.7415,66.1503,7203.799,0.0002629,6084.898809822282,2026-09-24 22:29:17.718515,49008
1893,2025-06-21 19:51:56,175.4072,98.7415,65.8249,7203.799,0.0002621,6084.898809822282,2026-09-24 22:29:17.718515,49008
1894,2025-06-22 04:19:18,175.7552,98.7415,65.2775,7203.799,0.0002611,6084.898809822282,2026-09-24 22:29:17.718515,49008
1895,2025-06-22 11:05:12,176.0337,98.7415,64.6581,7203.799,0.0002607,6084.898809822282,2026-09-24 22:29:17.718515,49008
1896,2025-06-22 12:46:41,176.1033,98.7416,64.538,7203.799,0.0002606,6084.898809822282,2026-09-24 22:29:17.718515,49008
1897,2025-06-22 19:32:35,176.3818,98.7415,64.0947,7203.799,0.0002596,6084.898809822282,2026-09-24 22:29:17.718515,49008
1898,2025-06-22 21:14:03,176.4514,98.7415,63.8754,7203.799,0.0002595,6084.898809822282,2026-09-24 22:29:17.718515,49008
1899,2025-06-23 12:27:20,177.0779,98.7416,62.6468,7203.799,0.0002582,6084.898809822282,2026-09-24 22:29:17.718515,49008
1900,2025-06-23 14:08:48,177.1475,98.7416,62.543,7203.799,0.0002579,6084.898809822282,2026-09-24 22:29:17.718515,49008
1901,2025-06-23 19:13:14,177.3563,98.7416,62.1451,7203.799,0.0002574,6084.898809822282,2026-09-24 22:29:17.718515,49008
1902,2025-06-23 22:36:11,177.4955,98.7416,61.8389,7203.799,0.0002568,6084.898809822282,2026-09-24 22:29:17.718515,49008
1903,2025-06-24 03:40:36,177.7044,98.7416,61.4754,7203.799,0.0002563,6084.898809822282,2026-09-24 22:29:17.718515,49008
1904,2025-06-24 12:07:59,178.0525,98.7416,60.9707,7203.799,0.0002551,6084.898809822282,2026-09-24 22:29:17.718515,49008
1905,2025-06-24 18:53:53,178.3309,98.7416,60.4696,7203.799,0.0002544,6084.898809822282,2026-09-24 22:29:17.718515,49008
1906,2025-06-24 22:16:50,178.4701,98.7416,60.2131,7203.799,0.0002539,6084.898809822282,2026-09-24 22:29:17.718515,49008
1907,2025-06-25 05:02:44,178.7486,98.7416,59.7257,7203.799,0.0002533,6084.898809822282,2026-09-24 22:29:17.718515,49008
1908,2025-06-25 11:48:38,179.027,98.7416,59.3192,7203.798,0.0002524,6084.897542803602,2026-09-24 22:29:17.718515,49008
1909,2025-06-25 13:30:06,179.0966,98.7416,59.2152,7203.798,0.0002521,6084.897542803602,2026-09-24 22:29:17.718515,49008
1910,2025-06-25 23:38:57,179.5143,98.7416,58.4523,7203.798,0.0002509,6084.897542803602,2026-09-24 22:29:17.718515,49008
1911,2025-06-26 03:01:54,179.6535,98.7417,58.1906,7203.798,0.0002508,6084.897542803602,2026-09-24 22:29:17.718515,49008
1912,2025-06-26 11:29:17,180.0016,98.7416,57.8011,7203.798,0.0002492,6084.897542803602,2026-09-24 22:29:17.718515,49008
1913,2025-06-26 13:10:45,180.0712,98.7416,57.6877,7203.798,0.000249,6084.897542803602,2026-09-24 22:29:17.718515,49008
1914,2025-06-26 19:56:39,180.3497,98.7416,57.2809,7203.798,0.0002479,6084.897542803602,2026-09-24 22:29:17.718515,49008
1915,2025-06-26 21:38:08,180.4193,98.7416,57.1544,7203.798,0.0002475,6084.897542803602,2026-09-24 22:29:17.718515,49008
1916,2025-06-27 04:24:02,180.6977,98.7416,56.7593,7203.798,0.0002465,6084.897542803602,2026-09-24 22:29:17.718515,49008
1917,2025-06-27 11:09:56,180.9762,98.7416,56.4709,7203.798,0.0002452,6084.897542803602,2026-09-24 22:29:17.718515,49008
1918,2025-06-27 12:51:24,181.0458,98.7416,56.312,7203.798,0.0002451,6084.897542803602,2026-09-24 22:29:17.718515,49008
1919,2025-06-27 21:18:47,181.3938,98.7416,55.713,7203.798,0.0002436,6084.897542803602,2026-09-24 22:29:17.718515,49008
1920,2025-06-27 23:00:15,181.4634,98.7416,55.5771,7203.798,0.0002433,6084.897542803602,2026-09-24 22:29:17.718515,49008
1921,2025-06-28 05:46:09,181.7419,98.7416,55.1635,7203.798,0.0002424,6084.897542803602,2026-09-24 22:29:17.718515,49008
1922,2025-06-28 12:32:03,182.0204,98.7416,54.5869,7203.798,0.0002416,6084.897542803602,2026-09-24 22:29:17.718515,49008
1923,2025-06-28 14:13:32,182.09,98.7416,54.4716,7203.798,0.0002413,6084.897542803602,2026-09-24 22:29:17.718515,49008
1924,2025-06-28 19:17:57,182.2988,98.7416,53.8907,7203.798,0.0002412,6084.897542803602,2026-09-24 22:29:17.718515,49008
1925,2025-06-28 22:40:54,182.438,98.7416,53.6141,7203.798,0.0002405,6084.897542803602,2026-09-24 22:29:17.718515,49008
1926,2025-06-29 03:45:20,182.6469,98.7416,53.2479,7203.798,0.0002398,6084.897542803602,2026-09-24 22:29:17.718515,49008
1927,2025-06-29 12:12:42,182.995,98.7417,52.6302,7203.798,0.0002386,6084.897542803602,2026-09-24 22:29:17.718515,49008
1928,2025-06-29 13:54:11,183.0646,98.7417,52.5107,7203.798,0.0002384,6084.897542803602,2026-09-24 22:29:17.718515,49008
1929,2025-06-29 20:40:04,183.343,98.7416,51.9596,7203.798,0.0002374,6084.897542803602,2026-09-24 22:29:17.718515,49008
1930,2025-06-30 01:44:30,183.5519,98.7417,51.6015,7203.798,0.0002366,6084.897542803602,2026-09-24 22:29:17.718515,49008
1931,2025-06-30 11:53:21,183.9696,98.7417,50.8384,7203.7970000000005,0.0002354,6084.89627578501,2026-09-24 22:29:17.718515,49008
1932,2025-06-30 13:34:49,184.0392,98.7417,50.7286,7203.7970000000005,0.0002351,6084.89627578501,2026-09-24 22:29:17.718515,49008
1933,2025-06-30 20:20:43,184.3176,98.7417,50.2312,7203.7970000000005,0.0002341,6084.89627578501,2026-09-24 22:29:17.718515,49008
1934,2025-06-30 22:02:12,184.3872,98.7417,50.1408,7203.7970000000005,0.0002335,6084.89627578501,2026-09-24 22:29:17.718515,49008
1935,2025-07-01 03:06:37,184.596,98.7417,49.7502,7203.7970000000005,0.000233,6084.89627578501,2026-09-24 22:29:17.718515,49008
1936,2025-07-01 13:15:28,185.0137,98.7417,49.0631,7203.7970000000005,0.0002314,6084.89627578501,2026-09-24 22:29:17.718515,49008
1937,2025-07-01 20:01:22,185.2922,98.7417,48.5722,7203.7970000000005,0.0002303,6084.89627578501,2026-09-24 22:29:17.718515,49008
1938,2025-07-01 21:42:51,185.3618,98.7417,48.4589,7203.7970000000005,0.0002298,6084.89627578501,2026-09-24 22:29:17.718515,49008
1939,2025-07-02 06:10:13,185.7098,98.7417,47.8996,7203.7970000000005,0.0002284,6084.89627578501,2026-09-24 22:29:17.718515,49008
1940,2025-07-02 12:56:07,185.9883,98.7417,47.4879,7203.7970000000005,0.000227,6084.89627578501,2026-09-24 22:29:17.718515,49008
1941,2025-07-02 14:37:36,186.0579,98.7417,47.3486,7203.7970000000005,0.0002268,6084.89627578501,2026-09-24 22:29:17.718515,49008
1942,2025-07-02 21:23:30,186.3363,98.7417,46.7501,7203.7970000000005,0.0002257,6084.89627578501,2026-09-24 22:29:17.718515,49008
1943,2025-07-02 23:04:58,186.406,98.7417,46.5904,7203.7970000000005,0.0002253,6084.89627578501,2026-09-24 22:29:17.718515,49008
1944,2025-07-03 04:09:24,186.6148,98.7418,46.1557,7203.7970000000005,0.0002247,6084.89627578501,2026-09-24 22:29:17.718515,49008
1945,2025-07-03 12:36:46,186.9629,98.7418,45.5047,7203.7970000000005,0.0002234,6084.89627578501,2026-09-24 22:29:17.718515,49008
1946,2025-07-03 14:18:15,187.0325,98.7418,45.3543,7203.7970000000005,0.0002231,6084.89627578501,2026-09-24 22:29:17.718515,49008
1947,2025-07-03 21:04:09,187.3109,98.7417,45.0721,7203.796,0.0002211,6084.895008766506,2026-09-24 22:29:17.718515,49008
1948,2025-07-03 22:45:37,187.3805,98.7417,45.0053,7203.796,0.0002204,6084.895008766506,2026-09-24 22:29:17.718515,49008
1949,2025-07-04 03:50:03,187.5893,98.7418,44.6623,7203.796,0.0002197,6084.895008766506,2026-09-24 22:29:17.718515,49008
1950,2025-07-04 12:17:25,187.9374,98.7418,44.0646,7203.796,0.0002182,6084.895008766506,2026-09-24 22:29:17.718515,49008
1951,2025-07-04 13:58:54,188.007,98.7418,43.9357,7203.796,0.000218,6084.895008766506,2026-09-24 22:29:17.718515,49008
1952,2025-07-04 15:40:22,188.0766,98.7418,43.7856,7203.796,0.0002179,6084.895008766506,2026-09-24 22:29:17.718515,49008
1953,2025-07-04 20:44:48,188.2855,98.7418,43.4193,7203.796,0.0002168,6084.895008766506,2026-09-24 22:29:17.718515,49008
1954,2025-07-04 22:26:16,188.3551,98.7418,43.2874,7203.796,0.0002164,6084.895008766506,2026-09-24 22:29:17.718515,49008
1955,2025-07-05 03:30:42,188.5639,98.7418,42.928,7203.796,0.0002156,6084.895008766506,2026-09-24 22:29:17.718515,49008
1956,2025-07-05 13:39:33,188.9816,98.7418,42.2671,7203.796,0.0002137,6084.895008766506,2026-09-24 22:29:17.718515,49008
1957,2025-07-05 22:06:55,189.3296,98.7418,41.6128,7203.796,0.0002121,6084.895008766506,2026-09-24 22:29:17.718515,49008
1958,2025-07-06 04:52:49,189.6081,98.7419,41.1201,7203.796,0.0002113,6084.895008766506,2026-09-24 22:29:17.718515,49008
1959,2025-07-06 11:38:43,189.8866,98.7419,40.6165,7203.796,0.0002102,6084.895008766506,2026-09-24 22:29:17.718515,49008
1960,2025-07-06 15:01:40,190.0258,98.7419,40.3585,7203.796,0.0002098,6084.895008766506,2026-09-24 22:29:17.718515,49008
1961,2025-07-06 21:47:34,190.3042,98.7419,39.8318,7203.796,0.0002086,6084.895008766506,2026-09-24 22:29:17.718515,49008
1962,2025-07-06 23:29:03,190.3738,98.7419,39.6812,7203.796,0.0002084,6084.895008766506,2026-09-24 22:29:17.718515,49008
1963,2025-07-07 04:33:28,190.5827,98.7419,39.2438,7203.795,0.000208,6084.89374174809,2026-09-24 22:29:17.718515,49008
1964,2025-07-07 13:00:50,190.9308,98.7419,38.7053,7203.795,0.0002058,6084.89374174809,2026-09-24 22:29:17.718515,49008
1965,2025-07-07 14:42:19,191.0004,98.7419,38.5324,7203.795,0.0002057,6084.89374174809,2026-09-24 22:29:17.718515,49008
1966,2025-07-07 21:28:13,191.2789,98.7419,38.023,7203.795,0.000204,6084.89374174809,2026-09-24 22:29:17.718515,49008
1967,2025-07-08 05:55:35,191.6269,98.7419,37.3746,7203.795,0.0002025,6084.89374174809,2026-09-24 22:29:17.718515,49008
1968,2025-07-08 12:41:29,191.9054,98.7419,36.8452,7203.795,0.000201,6084.89374174809,2026-09-24 22:29:17.718515,49008
1969,2025-07-08 12:41:29,191.9054,98.7419,36.849,7203.795,0.000201,6084.89374174809,2026-09-24 22:29:17.718515,49008
1970,2025-07-08 21:08:52,192.2535,98.7419,36.0873,7203.795,0.0001992,6084.89374174809,2026-09-24 22:29:17.718515,49008
1971,2025-07-08 22:50:20,192.3231,98.7419,35.9093,7203.795,0.0001988,6084.89374174809,2026-09-24 22:29:17.718515,49008
1972,2025-07-09 05:36:14,192.6015,98.742,35.4556,7203.795,0.0001975,6084.89374174809,2026-09-24 22:29:17.718515,49008
1973,2025-07-09 12:22:08,192.88,98.742,34.8112,7203.795,0.0001964,6084.89374174809,2026-09-24 22:29:17.718515,49008
1974,2025-07-09 14:03:37,192.9496,98.742,34.6575,7203.795,0.0001961,6084.89374174809,2026-09-24 22:29:17.718515,49008
1975,2025-07-09 20:49:31,193.2281,98.742,34.0564,7203.795,0.0001946,6084.89374174809,2026-09-24 22:29:17.718515,49008
1976,2025-07-09 22:30:59,193.2977,98.742,33.8744,7203.795,0.0001943,6084.89374174809,2026-09-24 22:29:17.718515,49008
1977,2025-07-10 03:35:25,193.5065,98.7421,33.4791,7203.795,0.0001934,6084.89374174809,2026-09-24 22:29:17.718515,49008
1978,2025-07-10 12:02:47,193.8546,98.7421,32.7458,7203.795,0.0001919,6084.89374174809,2026-09-24 22:29:17.718515,49008
1979,2025-07-10 13:44:16,193.9242,98.7421,32.6234,7203.795,0.0001915,6084.89374174809,2026-09-24 22:29:17.718515,49008
1980,2025-07-10 22:11:38,194.2723,98.7421,31.9096,7203.795,0.0001897,6084.89374174809,2026-09-24 22:29:17.718515,49008
1981,2025-07-11 03:16:04,194.4812,98.7421,31.5145,7203.794,0.0001887,6084.8924747297615,2026-09-24 22:29:17.718515,49008
1982,2025-07-11 11:43:26,194.8293,98.7422,30.7243,7203.794,0.0001873,6084.8924747297615,2026-09-24 22:29:17.718515,49008
1983,2025-07-11 13:24:55,194.8989,98.7422,30.583,7203.794,0.0001871,6084.8924747297615,2026-09-24 22:29:17.718515,49008
1984,2025-07-11 20:10:49,195.1773,98.7422,29.9944,7203.794,0.0001861,6084.8924747297615,2026-09-24 22:29:17.718515,49008
1985,2025-07-11 21:52:17,195.247,98.7422,29.8495,7203.794,0.0001856,6084.8924747297615,2026-09-24 22:29:17.718515,49008
1986,2025-07-12 06:19:39,195.595,98.7422,29.1957,7203.794,0.0001843,6084.8924747297615,2026-09-24 22:29:17.718515,49008
1987,2025-07-12 13:05:33,195.8735,98.7422,28.7221,7203.794,0.0001824,6084.8924747297615,2026-09-24 22:29:17.718515,49008
1988,2025-07-12 21:32:56,196.2216,98.7422,28.0429,7203.794,0.0001801,6084.8924747297615,2026-09-24 22:29:17.718515,49008
1989,2025-07-13 06:00:18,196.5696,98.7423,27.3986,7203.794,0.0001786,6084.8924747297615,2026-09-24 22:29:17.718515,49008
1990,2025-07-13 12:46:12,196.8481,98.7423,26.9814,7203.794,0.0001763,6084.8924747297615,2026-09-24 22:29:17.718515,49008
1991,2025-07-13 21:13:35,197.1962,98.7422,26.2757,7203.794,0.0001742,6084.8924747297615,2026-09-24 22:29:17.718515,49008
1992,2025-07-13 22:55:03,197.2658,98.7422,26.1017,7203.794,0.0001737,6084.8924747297615,2026-09-24 22:29:17.718515,49008
1993,2025-07-14 05:40:57,197.5443,98.7423,25.6056,7203.794,0.0001722,6084.8924747297615,2026-09-24 22:29:17.718515,49008
1994,2025-07-14 12:26:51,197.8228,98.7423,25.0539,7203.794,0.0001705,6084.8924747297615,2026-09-24 22:29:17.718515,49008
1995,2025-07-14 14:08:20,197.8924,98.7423,24.8853,7203.794,0.0001702,6084.8924747297615,2026-09-24 22:29:17.718515,49008
1996,2025-07-14 17:31:17,198.0316,98.7423,24.5338,7203.794,0.0001701,6084.8924747297615,2026-09-24 22:29:17.718515,49008
1997,2025-07-14 22:35:42,198.2405,98.7423,24.0066,7203.794,0.0001691,6084.8924747297615,2026-09-24 22:29:17.718515,49008
1998,2025-07-15 03:40:08,198.4493,98.7423,23.5681,7203.794,0.0001681,6084.8924747297615,2026-09-24 22:29:17.718515,49008
1999,2025-07-15 12:07:30,198.7974,98.7424,22.9514,7203.793,0.0001658,6084.891207711523,2026-09-24 22:29:17.718515,49008
2000,2025-07-15 13:48:59,198.867,98.7424,22.7992,7203.793,0.0001655,6084.891207711523,2026-09-24 22:29:17.718515,49008
2001,2025-07-15 20:34:53,199.1455,98.7424,22.1659,7203.793,0.0001647,6084.891207711523,2026-09-24 22:29:17.718515,49008
2002,2025-07-15 22:16:21,199.2151,98.7424,22.0077,7203.793,0.0001641,6084.891207711523,2026-09-24 22:29:17.718515,49008
2003,2025-07-16 03:20:46,199.424,98.7424,21.5997,7203.793,0.0001631,6084.891207711523,2026-09-24 22:29:17.718515,49008
2004,2025-07-16 13:29:37,199.8417,98.7424,20.7731,7203.793,0.0001611,6084.891207711523,2026-09-24 22:29:17.718515,49008
2005,2025-07-16 20:15:31,200.1202,98.7424,20.1565,7203.793,0.0001596,6084.891207711523,2026-09-24 22:29:17.718515,49008
2006,2025-07-16 21:57:00,200.1898,98.7425,19.9718,7203.793,0.0001592,6084.891207711523,2026-09-24 22:29:17.718515,49008
2007,2025-07-17 04:42:54,200.4683,98.7425,19.3686,7203.793,0.0001582,6084.891207711523,2026-09-24 22:29:17.718515,49008
2008,2025-07-17 13:10:16,200.8164,98.7425,18.6755,7203.793,0.000156,6084.891207711523,2026-09-24 22:29:17.718515,49008
2009,2025-07-17 18:14:42,201.0252,98.7425,18.267,7203.793,0.0001546,6084.891207711523,2026-09-24 22:29:17.718515,49008
2010,2025-07-17 19:56:10,201.0948,98.7425,18.0581,7203.793,0.0001543,6084.891207711523,2026-09-24 22:29:17.718515,49008
2011,2025-07-17 21:37:39,201.1645,98.7425,17.8459,7203.793,0.000154,6084.891207711523,2026-09-24 22:29:17.718515,49008
2012,2025-07-18 02:42:04,201.3733,98.7426,17.4487,7203.793,0.0001527,6084.891207711523,2026-09-24 22:29:17.718515,49008
2013,2025-07-18 12:50:56,201.791,98.7426,14.287,7203.844,0.0001476,6084.955825753888,2026-09-24 22:29:17.718515,49008
2014,2025-07-18 21:18:18,202.1391,98.7426,13.3787,7203.844,0.0001446,6084.955825753888,2026-09-24 22:29:17.718515,49008
2015,2025-07-18 22:59:47,202.2087,98.7426,13.1122,7203.844,0.000144,6084.955825753888,2026-09-24 22:29:17.718515,49008
2016,2025-07-19 05:45:41,202.4872,98.7427,12.4161,7203.844,0.0001431,6084.955825753888,2026-09-24 22:29:17.718515,49008
2017,2025-07-19 12:31:35,202.7657,98.7427,11.8502,7203.844,0.0001408,6084.955825753888,2026-09-24 22:29:17.718515,49008
2018,2025-07-19 20:58:58,203.1138,98.7427,10.953,7203.844,0.0001385,6084.955825753888,2026-09-24 22:29:17.718515,49008
2019,2025-07-19 22:40:27,203.1834,98.7427,10.7193,7203.844,0.0001381,6084.955825753888,2026-09-24 22:29:17.718515,49008
2020,2025-07-20 12:12:15,203.7404,98.7428,9.3534,7203.844,0.0001353,6084.955825753888,2026-09-24 22:29:17.718515,49008
2021,2025-07-20 13:53:44,203.81,98.7428,9.19,7203.844,0.0001348,6084.955825753888,2026-09-24 22:29:17.718515,49008
2022,2025-07-20 20:39:38,204.0885,98.7428,8.4396,7203.843,0.0001332,6084.954558731251,2026-09-24 22:29:17.718515,49008
2023,2025-07-20 22:21:07,204.1581,98.7428,8.2431,7203.843,0.0001327,6084.954558731251,2026-09-24 22:29:17.718515,49008
2024,2025-07-21 03:25:32,204.367,98.7429,7.7478,7203.843,0.0001316,6084.954558731251,2026-09-24 22:29:17.718515,49008
2025,2025-07-21 11:52:55,204.7151,98.7429,6.9414,7203.843,0.0001294,6084.954558731251,2026-09-24 22:29:17.718515,49008
2026,2025-07-21 13:34:24,204.7847,98.7429,6.7512,7203.843,0.0001291,6084.954558731251,2026-09-24 22:29:17.718515,49008
2027,2025-07-21 20:20:18,205.0632,98.7429,6.0354,7203.843,0.0001279,6084.954558731251,2026-09-24 22:29:17.718515,49008
2028,2025-07-21 22:01:46,205.1328,98.7429,5.8087,7203.843,0.0001272,6084.954558731251,2026-09-24 22:29:17.718515,49008
2029,2025-07-22 03:06:12,205.3417,98.743,5.2743,7203.843,0.0001263,6084.954558731251,2026-09-24 22:29:17.718515,49008
2030,2025-07-22 13:15:03,205.7594,98.743,4.2302,7203.843,0.0001241,6084.954558731251,2026-09-24 22:29:17.718515,49008
2031,2025-07-22 20:00:57,206.0379,98.743,3.5407,7203.843,0.0001219,6084.954558731251,2026-09-24 22:29:17.718515,49008
2032,2025-07-23 06:09:49,206.4556,98.743,2.4284,7203.843,0.0001187,6084.954558731251,2026-09-24 22:29:17.718515,49008
2033,2025-07-23 12:55:43,206.7341,98.743,1.6988,7203.842,0.0001158,6084.953291708702,2026-09-24 22:29:17.718515,49008
2034,2025-07-23 14:37:12,206.8037,98.743,1.5398,7203.842,0.0001153,6084.953291708702,2026-09-24 22:29:17.718515,49008
2035,2025-07-24 19:22:17,207.9873,98.7431,357.948,7203.842,0.000107,6084.953291708702,2026-09-24 22:29:17.718515,49008
2036,2025-07-24 22:45:14,208.1265,98.7431,357.3897,7203.842,0.0001059,6084.953291708702,2026-09-24 22:29:17.718515,49008
2037,2025-07-25 03:49:40,208.3353,98.7431,356.8593,7203.842,0.000105,6084.953291708702,2026-09-24 22:29:17.718515,49008
2038,2025-07-25 12:17:02,208.6835,98.7432,355.841,7203.842,0.0001038,6084.953291708702,2026-09-24 22:29:17.718515,49008
2039,2025-07-25 19:02:57,208.962,98.7431,355.0834,7203.842,0.0001027,6084.953291708702,2026-09-24 22:29:17.718515,49008
2040,2025-07-25 22:25:54,209.1012,98.7431,354.5032,7203.842,0.000102,6084.953291708702,2026-09-24 22:29:17.718515,49008
2041,2025-07-26 05:11:48,209.3797,98.7432,353.6939,7203.841,0.0001005,6084.95202468624,2026-09-24 22:29:17.718515,49008
2042,2025-07-26 13:39:11,209.7278,98.7432,352.6209,7203.841,9.85e-05,6084.95202468624,2026-09-24 22:29:17.718515,49008
2043,2025-07-26 20:25:05,210.0063,98.7432,351.7373,7203.841,9.66e-05,6084.95202468624,2026-09-24 22:29:17.718515,49008
2044,2025-07-26 22:06:34,210.0759,98.7432,351.4413,7203.841,9.62e-05,6084.95202468624,2026-09-24 22:29:17.718515,49008
2045,2025-07-27 03:10:59,210.2848,98.7433,350.7994,7203.841,9.47e-05,6084.95202468624,2026-09-24 22:29:17.718515,49008
2046,2025-07-27 13:19:50,210.7025,98.7433,349.519,7203.841,9.28e-05,6084.95202468624,2026-09-24 22:29:17.718515,49008
2047,2025-07-27 20:05:45,210.981,98.7433,348.6634,7203.841,9.12e-05,6084.95202468624,2026-09-24 22:29:17.718515,49008
2048,2025-07-27 21:47:13,211.0506,98.7433,348.3741,7203.841,9.1e-05,6084.95202468624,2026-09-24 22:29:17.718515,49008
2049,2025-07-28 04:33:07,211.3291,98.7433,347.2898,7203.841,8.85e-05,6084.95202468624,2026-09-24 22:29:17.718515,49008
2050,2025-07-28 13:00:30,211.6773,98.7433,345.9813,7203.841,8.69e-05,6084.95202468624,2026-09-24 22:29:17.718515,49008
2051,2025-07-28 14:41:59,211.7469,98.7433,345.7257,7203.841,8.65e-05,6084.95202468624,2026-09-24 22:29:17.718515,49008
2052,2025-07-28 19:46:24,211.9557,98.7433,344.9048,7203.841,8.6e-05,6084.95202468624,2026-09-24 22:29:17.718515,49008
2053,2025-07-29 05:55:16,212.3735,98.7434,343.1033,7203.84,8.35e-05,6084.950757663868,2026-09-24 22:29:17.718515,49008
2054,2025-07-29 12:41:10,212.652,98.7434,341.8136,7203.84,8.13e-05,6084.950757663868,2026-09-24 22:29:17.718515,49008
2055,2025-07-29 14:22:38,212.7216,98.7434,341.525,7203.84,8.1e-05,6084.950757663868,2026-09-24 22:29:17.718515,49008
2056,2025-07-29 21:08:33,213.0001,98.7434,340.0626,7203.84,7.88e-05,6084.950757663868,2026-09-24 22:29:17.718515,49008
2057,2025-07-30 03:54:27,213.2786,98.7435,338.724,7203.84,7.7e-05,6084.950757663868,2026-09-24 22:29:17.718515,49008
2058,2025-07-30 12:21:50,213.6267,98.7435,336.9231,7203.84,7.48e-05,6084.950757663868,2026-09-24 22:29:17.718515,49008
2059,2025-07-30 14:03:18,213.6964,98.7435,336.6079,7203.84,7.44e-05,6084.950757663868,2026-09-24 22:29:17.718515,49008
2060,2025-07-30 20:49:12,213.9748,98.7436,334.9764,7203.84,7.22e-05,6084.950757663868,2026-09-24 22:29:17.718515,49008
2061,2025-07-30 22:30:41,214.0444,98.7436,334.4329,7203.84,7.14e-05,6084.950757663868,2026-09-24 22:29:17.718515,49008
2062,2025-07-31 03:35:07,214.2534,98.7436,333.411,7203.84,7.02e-05,6084.950757663868,2026-09-24 22:29:17.718515,49008
2063,2025-07-31 13:43:58,214.6712,98.7437,331.5206,7203.839,6.82e-05,6084.949490641582,2026-09-24 22:29:17.718515,49008
2064,2025-07-31 20:29:52,214.9496,98.7437,330.6551,7203.839,6.78e-05,6084.949490641582,2026-09-24 22:29:17.718515,49008
2065,2025-07-31 22:11:21,215.0192,98.7437,330.0527,7203.839,6.71e-05,6084.949490641582,2026-09-24 22:29:17.718515,49008
2066,2025-08-01 03:15:46,215.2281,98.7437,329.3773,7203.839,6.65e-05,6084.949490641582,2026-09-24 22:29:17.718515,49008
2067,2025-08-01 11:43:09,215.5762,98.7438,327.7795,7203.839,6.48e-05,6084.949490641582,2026-09-24 22:29:17.718515,49008
2068,2025-08-01 13:24:38,215.6458,98.7438,327.2819,7203.839,6.4e-05,6084.949490641582,2026-09-24 22:29:17.718515,49008
2069,2025-08-01 20:10:32,215.9243,98.7438,325.6161,7203.839,6.21e-05,6084.949490641582,2026-09-24 22:29:17.718515,49008
2070,2025-08-01 21:52:00,215.9939,98.7438,325.2331,7203.839,6.2e-05,6084.949490641582,2026-09-24 22:29:17.718515,49008
2071,2025-08-02 04:37:55,216.2724,98.7438,323.812,7203.839,6.08e-05,6084.949490641582,2026-09-24 22:29:17.718515,49008
2072,2025-08-02 11:23:49,216.5509,98.7438,322.3205,7203.839,5.98e-05,6084.949490641582,2026-09-24 22:29:17.718515,49008
2073,2025-08-02 13:05:17,216.6206,98.7438,321.8709,7203.839,5.94e-05,6084.949490641582,2026-09-24 22:29:17.718515,49008
2074,2025-08-02 19:51:11,216.899,98.7438,319.9327,7203.839,5.8e-05,6084.949490641582,2026-09-24 22:29:17.718515,49008
2075,2025-08-03 06:00:03,217.3168,98.7439,317.1121,7203.839,5.61e-05,6084.949490641582,2026-09-24 22:29:17.718515,49008
2076,2025-08-03 11:04:28,217.5257,98.7439,316.0132,7203.838,5.58e-05,6084.948223619384,2026-09-24 22:29:17.718515,49008
2077,2025-08-03 12:45:57,217.5953,98.7439,315.5117,7203.838,5.55e-05,6084.948223619384,2026-09-24 22:29:17.718515,49008
2078,2025-08-03 21:13:20,217.9435,98.7439,312.6618,7203.838,5.42e-05,6084.948223619384,2026-09-24 22:29:17.718515,49008
2079,2025-08-03 22:54:48,218.0131,98.7439,312.061,7203.838,5.4e-05,6084.948223619384,2026-09-24 22:29:17.718515,49008
2080,2025-08-04 05:40:42,218.2916,98.744,309.9447,7203.838,5.27e-05,6084.948223619384,2026-09-24 22:29:17.718515,49008
2081,2025-08-04 12:26:37,218.5701,98.744,307.7298,7203.838,5.18e-05,6084.948223619384,2026-09-24 22:29:17.718515,49008
2082,2025-08-04 14:08:05,218.6398,98.744,307.0529,7203.838,5.15e-05,6084.948223619384,2026-09-24 22:29:17.718515,49008
2083,2025-08-04 20:53:59,218.9182,98.744,304.4052,7203.838,5.05e-05,6084.948223619384,2026-09-24 22:29:17.718515,49008
2084,2025-08-04 22:35:28,218.9879,98.744,303.4997,7203.838,5.01e-05,6084.948223619384,2026-09-24 22:29:17.718515,49008
2085,2025-08-05 03:39:54,219.1968,98.744,301.7722,7203.838,4.94e-05,6084.948223619384,2026-09-24 22:29:17.718515,49008
2086,2025-08-05 12:07:16,219.5449,98.7441,298.0494,7203.838,4.81e-05,6084.948223619384,2026-09-24 22:29:17.718515,49008
2087,2025-08-05 13:48:45,219.6145,98.7441,297.5052,7203.838,4.78e-05,6084.948223619384,2026-09-24 22:29:17.718515,49008
2088,2025-08-05 23:57:36,220.0323,98.7441,294.6866,7203.838,4.722e-05,6084.948223619384,2026-09-24 22:29:17.718515,49008
2089,2025-08-06 15:10:53,220.659,98.7434,288.7154,7203.8369999999995,4.527e-05,6084.946956597274,2026-09-24 22:29:17.718515,49008
2090,2025-08-06 23:38:16,221.0071,98.7434,285.2314,7203.8369999999995,4.469e-05,6084.946956597274,2026-09-24 22:29:17.718515,49008
2091,2025-08-07 14:51:33,221.6337,98.7434,279.5281,7203.8369999999995,4.366e-05,6084.946956597274,2026-09-24 22:29:17.718515,49008
2092,2025-08-07 23:18:55,221.9819,98.7442,274.7759,7203.8369999999995,4.34e-05,6084.946956597274,2026-09-24 22:29:17.718515,49008
2093,2025-08-08 02:41:53,222.1211,98.7442,273.6644,7203.8369999999995,4.34e-05,6084.946956597274,2026-09-24 22:29:17.718515,49008
2094,2025-08-08 04:23:21,222.1908,98.7443,272.7314,7203.8369999999995,4.32e-05,6084.946956597274,2026-09-24 22:29:17.718515,49008
2095,2025-08-08 12:50:44,222.5389,98.7443,268.6135,7203.8369999999995,4.33e-05,6084.946956597274,2026-09-24 22:29:17.718515,49008
2096,2025-08-08 14:32:12,222.6086,98.7443,267.8711,7203.8369999999995,4.33e-05,6084.946956597274,2026-09-24 22:29:17.718515,49008
2097,2025-08-08 19:36:38,222.8175,98.7443,264.325,7203.836,4.36e-05,6084.945689575254,2026-09-24 22:29:17.718515,49008
2098,2025-08-08 22:59:35,222.9567,98.7443,262.805,7203.836,4.39e-05,6084.945689575254,2026-09-24 22:29:17.718515,49008
2099,2025-08-09 05:45:29,223.2352,98.7443,259.9598,7203.836,4.4e-05,6084.945689575254,2026-09-24 22:29:17.718515,49008
2100,2025-08-09 12:31:23,223.5138,98.7444,256.1576,7203.836,4.46e-05,6084.945689575254,2026-09-24 22:29:17.718515,49008
2101,2025-08-09 14:12:52,223.5834,98.7444,255.603,7203.836,4.47e-05,6084.945689575254,2026-09-24 22:29:17.718515,49008
2102,2025-08-09 20:58:46,223.8619,98.7444,252.6504,7203.836,4.55e-05,6084.945689575254,2026-09-24 22:29:17.718515,49008
2103,2025-08-10 03:44:40,224.1404,98.7444,250.3614,7203.836,4.59e-05,6084.945689575254,2026-09-24 22:29:17.718515,49008
2104,2025-08-10 12:12:03,224.4886,98.7445,247.8479,7203.836,4.62e-05,6084.945689575254,2026-09-24 22:29:17.718515,49008
2105,2025-08-10 13:53:32,224.5582,98.7445,247.1347,7203.836,4.64e-05,6084.945689575254,2026-09-24 22:29:17.718515,49008
2106,2025-08-10 20:39:26,224.8367,98.7445,244.8767,7203.836,4.7e-05,6084.945689575254,2026-09-24 22:29:17.718515,49008
2107,2025-08-11 03:25:20,225.1153,98.7445,242.4314,7203.836,4.76e-05,6084.945689575254,2026-09-24 22:29:17.718515,49008
2108,2025-08-11 06:48:17,225.2545,98.7445,241.7233,7203.836,4.77e-05,6084.945689575254,2026-09-24 22:29:17.718515,49008
2109,2025-08-11 11:52:43,225.4635,98.7446,239.6096,7203.835,4.82e-05,6084.944422553321,2026-09-24 22:29:17.718515,49008
2110,2025-08-11 13:34:11,225.5331,98.7446,238.9799,7203.835,4.84e-05,6084.944422553321,2026-09-24 22:29:17.718515,49008
2111,2025-08-11 20:20:06,225.8116,98.7446,236.4811,7203.835,4.9e-05,6084.944422553321,2026-09-24 22:29:17.718515,49008
2112,2025-08-11 22:01:34,225.8812,98.7446,236.003,7203.835,4.93e-05,6084.944422553321,2026-09-24 22:29:17.718515,49008
2113,2025-08-12 04:47:28,226.1598,98.7446,233.5366,7203.835,5e-05,6084.944422553321,2026-09-24 22:29:17.718515,49008
2114,2025-08-12 09:51:54,226.3687,98.7446,231.4797,7203.835,5.07e-05,6084.944422553321,2026-09-24 22:29:17.718515,49008
2115,2025-08-12 13:14:51,226.5079,98.7446,229.949,7203.835,5.15e-05,6084.944422553321,2026-09-24 22:29:17.718515,49008
2116,2025-08-12 16:37:48,226.6472,98.7446,228.8632,7203.835,5.18e-05,6084.944422553321,2026-09-24 22:29:17.718515,49008
2117,2025-08-12 20:00:45,226.7865,98.7447,227.5033,7203.835,5.27e-05,6084.944422553321,2026-09-24 22:29:17.718515,49008
2118,2025-08-13 04:28:08,227.1346,98.7447,224.9753,7203.835,5.42e-05,6084.944422553321,2026-09-24 22:29:17.718515,49008
2119,2025-08-13 12:55:31,227.4828,98.7447,223.1608,7203.835,5.53e-05,6084.944422553321,2026-09-24 22:29:17.718515,49008
2120,2025-08-13 21:22:53,227.831,98.7447,220.6602,7203.835,5.73e-05,6084.944422553321,2026-09-24 22:29:17.718515,49008
2121,2025-08-13 23:04:22,227.9006,98.7447,220.4519,7203.835,5.76e-05,6084.944422553321,2026-09-24 22:29:17.718515,49008
2122,2025-08-14 05:50:16,228.1791,98.7448,218.0624,7203.835,5.89e-05,6084.944422553321,2026-09-24 22:29:17.718515,49008
2123,2025-08-14 12:36:10,228.4577,98.7448,216.4045,7203.834,6.03e-05,6084.943155531475,2026-09-24 22:29:17.718515,49008
2124,2025-08-14 17:40:36,228.6666,98.7448,215.2078,7203.834,6.12e-05,6084.943155531475,2026-09-24 22:29:17.718515,49008
2125,2025-08-14 21:03:33,228.8058,98.7448,214.1426,7203.834,6.24e-05,6084.943155531475,2026-09-24 22:29:17.718515,49008
2126,2025-08-14 22:45:01,228.8754,98.7448,213.7914,7203.834,6.28e-05,6084.943155531475,2026-09-24 22:29:17.718515,49008
2127,2025-08-15 03:49:27,229.0844,98.7449,212.7179,7203.834,6.34e-05,6084.943155531475,2026-09-24 22:29:17.718515,49008
2128,2025-08-15 12:16:50,229.4325,98.7449,210.898,7203.834,6.48e-05,6084.943155531475,2026-09-24 22:29:17.718515,49008
2129,2025-08-15 13:58:18,229.5022,98.7449,210.5135,7203.834,6.52e-05,6084.943155531475,2026-09-24 22:29:17.718515,49008
2130,2025-08-15 22:25:41,229.8503,98.7449,208.424,7203.834,6.75e-05,6084.943155531475,2026-09-24 22:29:17.718515,49008
2131,2025-08-16 10:16:01,230.3378,98.745,205.7192,7203.834,6.98e-05,6084.943155531475,2026-09-24 22:29:17.718515,49008
2132,2025-08-16 13:38:58,230.4771,98.745,204.9797,7203.834,7.06e-05,6084.943155531475,2026-09-24 22:29:17.718515,49008
2133,2025-08-16 15:20:27,230.5467,98.745,204.5783,7203.834,7.1e-05,6084.943155531475,2026-09-24 22:29:17.718515,49008
2134,2025-08-16 17:01:55,230.6163,98.745,204.3257,7203.834,7.1e-05,6084.943155531475,2026-09-24 22:29:17.718515,49008
2135,2025-08-16 18:43:24,230.686,98.745,204.0365,7203.834,7.13e-05,6084.943155531475,2026-09-24 22:29:17.718515,49008
2136,2025-08-17 03:10:46,231.0341,98.7451,202.5519,7203.834,7.27e-05,6084.943155531475,2026-09-24 22:29:17.718515,49008
2137,2025-08-17 13:19:38,231.4519,98.7452,200.7665,7203.834,7.43e-05,6084.943155531475,2026-09-24 22:29:17.718515,49008
2138,2025-08-17 21:47:00,231.8001,98.7452,199.1621,7203.834,7.66e-05,6084.943155531475,2026-09-24 22:29:17.718515,49008
2139,2025-08-18 04:32:54,232.0787,98.7452,197.7933,7203.833,7.8e-05,6084.941888509716,2026-09-24 22:29:17.718515,49008
2140,2025-08-18 13:00:17,232.4269,98.7453,196.2412,7203.833,8.01e-05,6084.941888509716,2026-09-24 22:29:17.718515,49008
2141,2025-08-18 19:46:11,232.7054,98.7453,195.0478,7203.833,8.25e-05,6084.941888509716,2026-09-24 22:29:17.718515,49008
2142,2025-08-18 23:09:08,232.8447,98.7453,194.7008,7203.833,8.31e-05,6084.941888509716,2026-09-24 22:29:17.718515,49008
2143,2025-08-19 04:13:34,233.0536,98.7454,193.8863,7203.833,8.46e-05,6084.941888509716,2026-09-24 22:29:17.718515,49008
2144,2025-08-19 12:40:57,233.4018,98.7454,192.4306,7203.833,8.75e-05,6084.941888509716,2026-09-24 22:29:17.718515,49008
2145,2025-08-19 14:22:25,233.4714,98.7454,192.1649,7203.833,8.81e-05,6084.941888509716,2026-09-24 22:29:17.718515,49008
2146,2025-08-19 21:08:20,233.75,98.7454,191.2372,7203.832,9.06e-05,6084.940621488048,2026-09-24 22:29:17.718515,49008
2147,2025-08-19 22:49:48,233.8196,98.7454,191.0005,7203.832,9.09e-05,6084.940621488048,2026-09-24 22:29:17.718515,49008
2148,2025-08-20 05:35:42,234.0982,98.7455,189.6208,7203.832,9.41e-05,6084.940621488048,2026-09-24 22:29:17.718515,49008
2149,2025-08-20 12:21:36,234.3767,98.7455,188.7348,7203.832,9.55e-05,6084.940621488048,2026-09-24 22:29:17.718515,49008
2150,2025-08-20 14:03:05,234.4464,98.7455,188.5078,7203.832,9.58e-05,6084.940621488048,2026-09-24 22:29:17.718515,49008
2151,2025-08-20 22:30:28,234.7945,98.7455,187.5388,7203.833,9.58e-05,6084.941888509716,2026-09-24 22:29:17.718515,49008
2152,2025-08-21 15:25:13,235.4909,98.7456,185.0825,7203.832,9.931e-05,6084.940621488048,2026-09-24 22:29:17.718515,49008
2153,2025-08-22 13:24:24,236.3962,98.7449,182.0244,7203.832,0.00010442,6084.940621488048,2026-09-24 22:29:17.718515,49008
2154,2025-08-23 06:19:10,237.0926,98.7457,179.85,7203.832,0.00010774,6084.940621488048,2026-09-24 22:29:17.718515,49008
2155,2025-08-23 23:13:55,237.7889,98.7457,178.0865,7203.831,0.00011153,6084.939354466466,2026-09-24 22:29:17.718515,49008
2156,2025-08-24 14:27:12,238.4157,98.7458,176.3034,7203.831,0.00011512,6084.939354466466,2026-09-24 22:29:17.718515,49008
2157,2025-08-24 22:54:34,238.7639,98.7457,175.6063,7203.831,0.00011761,6084.939354466466,2026-09-24 22:29:17.718515,49008
2158,2025-08-25 14:07:51,239.3907,98.7458,173.9198,7203.831,0.00012098,6084.939354466466,2026-09-24 22:29:17.718515,49008
2159,2025-08-25 22:35:14,239.7388,98.7458,173.1407,7203.831,0.00012364,6084.939354466466,2026-09-24 22:29:17.718515,49008
2160,2025-08-26 13:48:31,240.3656,98.7459,171.4404,7203.83,0.00012748,6084.938087444972,2026-09-24 22:29:17.718515,49008
2161,2025-08-26 23:57:22,240.7834,98.7459,170.3621,7203.83,0.00013057,6084.938087444972,2026-09-24 22:29:17.718515,49008
2162,2025-08-27 06:43:16,241.062,98.746,169.4734,7203.83,0.00013145,6084.938087444972,2026-09-24 22:29:17.718515,49008
2163,2025-08-27 15:10:39,241.4102,98.746,168.514,7203.83,0.0001334,6084.938087444972,2026-09-24 22:29:17.718515,49008
2164,2025-08-27 23:38:02,241.7584,98.746,167.7357,7203.83,0.00013565,6084.938087444972,2026-09-24 22:29:17.718515,49008
2165,2025-08-28 14:51:19,242.3851,98.7461,166.1157,7203.83,0.00013959,6084.938087444972,2026-09-24 22:29:17.718515,49008
2166,2025-08-28 23:18:41,242.7333,98.7461,165.3876,7203.829,0.0001407,6084.936820423565,2026-09-24 22:29:17.718515,49008
2167,2025-08-29 07:46:04,243.0815,98.7462,164.4283,7203.829,0.00014225,6084.936820423565,2026-09-24 22:29:17.718515,49008
2168,2025-08-29 22:59:21,243.7083,98.7457,163.2608,7203.829,0.000147,6084.936820423565,2026-09-24 22:29:17.718515,49008
2169,2025-08-30 07:26:43,244.0565,98.7457,162.4582,7203.8279999999995,0.0001495,6084.935553402247,2026-09-24 22:29:17.718515,49008
2170,2025-08-31 00:21:29,244.7528,98.7457,161.0187,7203.8279999999995,0.00015327,6084.935553402247,2026-09-24 22:29:17.718515,49008
2171,2025-08-31 07:07:23,245.0314,98.7458,160.3277,7203.8279999999995,0.00015468,6084.935553402247,2026-09-24 22:29:17.718515,49008
2172,2025-08-31 13:53:17,245.31,98.7458,159.7078,7203.8279999999995,0.00015597,6084.935553402247,2026-09-24 22:29:17.718515,49008
2173,2025-09-01 00:02:08,245.7278,98.7458,158.7946,7203.827,0.00015801,6084.934286381018,2026-09-24 22:29:17.718515,49008
2174,2025-09-01 06:48:02,246.0064,98.7459,158.0656,7203.827,0.00015918,6084.934286381018,2026-09-24 22:29:17.718515,49008
2175,2025-09-01 15:15:25,246.3547,98.7459,157.2879,7203.827,0.00016116,6084.934286381018,2026-09-24 22:29:17.718515,49008
2176,2025-09-01 23:42:48,246.7029,98.7459,156.5767,7203.826,0.00016373,6084.933019359876,2026-09-24 22:29:17.718515,49008
2177,2025-09-02 06:28:42,246.9815,98.7459,155.9061,7203.826,0.00016593,6084.933019359876,2026-09-24 22:29:17.718515,49008
2178,2025-09-02 14:56:05,247.3296,98.7459,155.1737,7203.826,0.0001683,6084.933019359876,2026-09-24 22:29:17.718515,49008
2179,2025-09-02 23:23:27,247.6778,98.7459,154.5385,7203.825,0.00017031,6084.931752338821,2026-09-24 22:29:17.718515,49008
2180,2025-09-03 06:09:21,247.9564,98.7459,153.8022,7203.825,0.00017153,6084.931752338821,2026-09-24 22:29:17.718515,49008
2181,2025-09-03 23:04:07,248.6529,98.746,152.5375,7203.825,0.00017542,6084.931752338821,2026-09-24 22:29:17.718515,49008
2182,2025-09-04 05:50:01,248.9315,98.746,151.8147,7203.825,0.00017576,6084.931752338821,2026-09-24 22:29:17.718515,49008
2183,2025-09-04 22:44:46,249.6279,98.746,150.604,7203.824,0.00017916,6084.9304853178555,2026-09-24 22:29:17.718515,49008
2184,2025-09-05 07:12:09,249.9761,98.7461,149.8365,7203.824,0.00018013,6084.9304853178555,2026-09-24 22:29:17.718515,49008
2185,2025-09-05 13:58:03,250.2547,98.7461,149.295,7203.824,0.00018138,6084.9304853178555,2026-09-24 22:29:17.718515,49008
2186,2025-09-06 00:06:54,250.6726,98.7467,148.6159,7203.824,0.00018348,6084.9304853178555,2026-09-24 22:29:17.718515,49008
2187,2025-09-06 06:52:48,250.9512,98.7468,148.0814,7203.824,0.00018507,6084.9304853178555,2026-09-24 22:29:17.718515,49008
2188,2025-09-06 23:47:34,251.6476,98.7468,146.8231,7203.823,0.00018955,6084.9292182969775,2026-09-24 22:29:17.718515,49008
2189,2025-09-07 06:33:28,251.9262,98.7468,146.2507,7203.823,0.00019196,6084.9292182969775,2026-09-24 22:29:17.718515,49008
2190,2025-09-07 23:28:13,252.6226,98.7469,144.6705,7203.823,0.00019389,6084.9292182969775,2026-09-24 22:29:17.718515,49008
2191,2025-09-08 06:14:07,252.9012,98.7469,143.7711,7203.823,0.00019413,6084.9292182969775,2026-09-24 22:29:17.718515,49008
2192,2025-09-08 14:41:30,253.2494,98.7469,143.1423,7203.823,0.00019631,6084.9292182969775,2026-09-24 22:29:17.718515,49008
2193,2025-09-08 23:08:52,253.5976,98.7469,142.6683,7203.822,0.00019845,6084.927951276187,2026-09-24 22:29:17.718515,49008
2194,2025-09-09 05:54:47,253.8762,98.7469,142.1146,7203.822,0.00019982,6084.927951276187,2026-09-24 22:29:17.718515,49008
2195,2025-09-09 22:49:32,254.5726,98.7469,141.0517,7203.822,0.00020355,6084.927951276187,2026-09-24 22:29:17.718515,49008
2196,2025-09-10 07:16:55,254.9209,98.747,140.38,7203.822,0.00020509,6084.927951276187,2026-09-24 22:29:17.718515,49008
2197,2025-09-10 14:02:49,255.1995,98.747,139.9144,7203.822,0.0002065,6084.927951276187,2026-09-24 22:29:17.718515,49008
2198,2025-09-10 22:30:11,255.5477,98.747,139.2332,7203.822,0.00020752,6084.927951276187,2026-09-24 22:29:17.718515,49008
2199,2025-09-11 06:57:34,255.8959,98.747,138.4264,7203.822,0.00020878,6084.927951276187,2026-09-24 22:29:17.718515,49008
2200,2025-09-11 22:10:51,256.5228,98.7471,137.266,7203.821,0.0002114,6084.926684255484,2026-09-24 22:29:17.718515,49008
2201,2025-09-12 15:05:36,257.2192,98.7467,135.7725,7203.821,0.00021441,6084.926684255484,2026-09-24 22:29:17.718515,49008
2202,2025-09-12 23:32:59,257.5675,98.7467,135.1839,7203.821,0.00021592,6084.926684255484,2026-09-24 22:29:17.718515,49008
2203,2025-09-13 06:18:53,257.8461,98.7467,134.5259,7203.821,0.00021711,6084.926684255484,2026-09-24 22:29:17.718515,49008
2204,2025-09-13 23:13:38,258.5425,98.7472,133.3632,7203.821,0.00021977,6084.926684255484,2026-09-24 22:29:17.718515,49008
2205,2025-09-14 07:41:01,258.8908,98.7474,132.6721,7203.821,0.000221,6084.926684255484,2026-09-24 22:29:17.718515,49008
2206,2025-09-14 14:26:55,259.1694,98.7474,132.1756,7203.821,0.00022179,6084.926684255484,2026-09-24 22:29:17.718515,49008
2207,2025-09-15 05:40:11,259.7962,98.7474,131.1404,7203.82,0.00022471,6084.92541723487,2026-09-24 22:29:17.718515,49008
2208,2025-09-15 14:07:34,260.1444,98.7475,130.5058,7203.82,0.00022578,6084.92541723487,2026-09-24 22:29:17.718515,49008
2209,2025-09-16 00:16:25,260.5623,98.7475,129.8452,7203.82,0.00022732,6084.92541723487,2026-09-24 22:29:17.718515,49008
2210,2025-09-16 07:02:19,260.8409,98.7475,129.3117,7203.82,0.00022846,6084.92541723487,2026-09-24 22:29:17.718515,49008
2211,2025-09-16 15:29:42,261.1891,98.7476,128.6871,7203.82,0.00022972,6084.92541723487,2026-09-24 22:29:17.718515,49008
2212,2025-09-17 06:42:59,261.8159,98.7476,127.4399,7203.82,0.00023212,6084.92541723487,2026-09-24 22:29:17.718515,49008
2213,2025-09-17 23:37:44,262.5124,98.7476,126.2081,7203.8189999999995,0.00023463,6084.924150214343,2026-09-24 22:29:17.718515,49008
2214,2025-09-18 08:05:07,262.8606,98.7477,125.492,7203.8189999999995,0.00023597,6084.924150214343,2026-09-24 22:29:17.718515,49008
2215,2025-09-18 21:36:55,263.4178,98.7476,124.5291,7203.8189999999995,0.00023774,6084.924150214343,2026-09-24 22:29:17.718515,49008
2216,2025-09-19 07:45:46,263.8357,98.7476,123.8356,7203.8189999999995,0.00023947,6084.924150214343,2026-09-24 22:29:17.718515,49008
2217,2025-09-19 14:31:40,264.1143,98.7476,123.4274,7203.818,0.00024016,6084.922883193904,2026-09-24 22:29:17.718515,49008
2218,2025-09-19 22:59:03,264.4625,98.7476,122.9267,7203.818,0.00024103,6084.922883193904,2026-09-24 22:29:17.718515,49008
2219,2025-09-20 07:26:25,264.8107,98.7476,122.2301,7203.818,0.00024204,6084.922883193904,2026-09-24 22:29:17.718515,49008
2220,2025-09-21 00:21:11,265.5072,98.7476,121.1288,7203.817,0.00024384,6084.921616173555,2026-09-24 22:29:17.718515,49008
2221,2025-09-21 07:07:05,265.7858,98.7476,120.5096,7203.817,0.00024446,6084.921616173555,2026-09-24 22:29:17.718515,49008
2222,2025-09-21 13:52:59,266.0644,98.7476,120.0292,7203.817,0.00024512,6084.921616173555,2026-09-24 22:29:17.718515,49008
2223,2025-09-22 06:47:44,266.7609,98.7477,118.7552,7203.816,0.00024694,6084.920349153291,2026-09-24 22:29:17.718515,49008
2224,2025-09-22 13:33:38,267.0395,98.7477,118.2615,7203.816,0.00024741,6084.920349153291,2026-09-24 22:29:17.718515,49008
2225,2025-09-22 23:42:29,267.4574,98.7477,117.4748,7203.816,0.00024826,6084.920349153291,2026-09-24 22:29:17.718515,49008
2226,2025-09-23 08:09:52,267.8056,98.7477,116.8301,7203.816,0.00024954,6084.920349153291,2026-09-24 22:29:17.718515,49008
2227,2025-09-23 23:23:08,268.4324,98.7477,115.895,7203.8150000000005,0.00025131,6084.919082133118,2026-09-24 22:29:17.718515,49008
2228,2025-09-24 06:09:03,268.711,98.7477,115.434,7203.8150000000005,0.00025243,6084.919082133118,2026-09-24 22:29:17.718515,49008
2229,2025-09-24 23:03:48,269.4075,98.7477,114.4658,7203.814,0.00025419,6084.91781511303,2026-09-24 22:29:17.718515,49008
2230,2025-09-25 05:49:42,269.6861,98.7478,114.0005,7203.814,0.00025501,6084.91781511303,2026-09-24 22:29:17.718515,49008
2231,2025-09-25 22:44:27,270.3825,98.7478,112.8401,7203.814,0.00025579,6084.91781511303,2026-09-24 22:29:17.718515,49008
2232,2025-09-26 07:11:50,270.7308,98.7479,112.1349,7203.813,0.0002565,6084.916548093031,2026-09-24 22:29:17.718515,49008
2233,2025-09-27 00:06:35,271.4273,98.7479,110.9371,7203.813,0.00025783,6084.916548093031,2026-09-24 22:29:17.718515,49008
2234,2025-09-27 06:52:29,271.7059,98.748,110.4735,7203.813,0.00025866,6084.916548093031,2026-09-24 22:29:17.718515,49008
2235,2025-09-27 15:19:51,272.0541,98.748,109.8283,7203.812,0.00025934,6084.915281073121,2026-09-24 22:29:17.718515,49008
2236,2025-09-27 23:47:14,272.4024,98.7481,109.2953,7203.812,0.00025955,6084.915281073121,2026-09-24 22:29:17.718515,49008
2237,2025-09-28 06:33:08,272.681,98.7481,108.7452,7203.812,0.00026005,6084.915281073121,2026-09-24 22:29:17.718515,49008
2238,2025-09-28 23:27:53,273.3774,98.7481,107.5807,7203.811,0.00026166,6084.914014053296,2026-09-24 22:29:17.718515,49008
2239,2025-09-29 06:13:47,273.656,98.7481,106.8785,7203.811,0.00026263,6084.914014053296,2026-09-24 22:29:17.718515,49008
2240,2025-09-29 21:27:04,274.2828,98.7476,106.1558,7203.811,0.000265,6084.914014053296,2026-09-24 22:29:17.718515,49008
2241,2025-09-29 23:08:32,274.3525,98.7476,105.9872,7203.811,0.00026486,6084.914014053296,2026-09-24 22:29:17.718515,49008
2242,2025-09-30 05:54:26,274.631,98.7476,105.4682,7203.8099999999995,0.0002656,6084.9127470335625,2026-09-24 22:29:17.718515,49008
2243,2025-09-30 07:35:55,274.7007,98.7476,105.3931,7203.8099999999995,0.00026574,6084.9127470335625,2026-09-24 22:29:17.718515,49008
2244,2025-09-30 12:40:20,274.9096,98.7476,105.0809,7203.8099999999995,0.0002661,6084.9127470335625,2026-09-24 22:29:17.718515,49008
2245,2025-09-30 14:21:49,274.9793,98.7476,104.9833,7203.809,0.00026625,6084.911480013916,2026-09-24 22:29:17.718515,49008
2246,2025-09-30 21:07:43,275.2579,98.7476,104.4752,7203.808,0.0002664,6084.910212994357,2026-09-24 22:29:17.718515,49008
2247,2025-10-01 05:35:06,275.6061,98.7476,103.8688,7203.809,0.0002674,6084.911480013916,2026-09-24 22:29:17.718515,49008
2248,2025-10-01 07:16:34,275.6758,98.7476,103.7132,7203.809,0.00026754,6084.911480013916,2026-09-24 22:29:17.718515,49008
2249,2025-10-01 12:21:00,275.8847,98.7476,103.303,7203.808,0.0002677,6084.910212994357,2026-09-24 22:29:17.718515,49008
2250,2025-10-01 20:48:22,276.233,98.7476,102.6838,7203.808,0.0002681,6084.910212994357,2026-09-24 22:29:17.718515,49008
2251,2025-10-02 00:11:19,276.3723,98.7476,102.4215,7203.808,0.0002682,6084.910212994357,2026-09-24 22:29:17.718515,49008
2252,2025-10-02 03:34:16,276.5116,98.7476,102.1763,7203.808,0.0002685,6084.910212994357,2026-09-24 22:29:17.718515,49008
2253,2025-10-02 15:24:36,276.9991,98.7476,101.1919,7203.807,0.0002691,6084.908945974885,2026-09-24 22:29:17.718515,49008
2254,2025-10-02 17:06:04,277.0688,98.7476,101.0608,7203.807,0.0002692,6084.908945974885,2026-09-24 22:29:17.718515,49008
2255,2025-10-02 23:51:58,277.3474,98.7477,100.5056,7203.807,0.00026928,6084.908945974885,2026-09-24 22:29:17.718515,49008
2256,2025-10-03 06:37:52,277.626,98.7477,100.0228,7203.8060000000005,0.0002701,6084.907678955502,2026-09-24 22:29:17.718515,49008
2257,2025-10-03 15:05:15,277.9743,98.7477,99.4575,7203.8060000000005,0.00027076,6084.907678955502,2026-09-24 22:29:17.718515,49008
2258,2025-10-04 11:22:57,278.8101,98.7477,97.9797,7203.805,0.0002717,6084.906411936207,2026-09-24 22:29:17.718515,49008
2259,2025-10-04 19:50:20,279.1583,98.7478,97.3228,7203.805,0.0002718,6084.906411936207,2026-09-24 22:29:17.718515,49008
2260,2025-10-05 05:59:11,279.5762,98.7478,96.6325,7203.805,0.0002722,6084.906411936207,2026-09-24 22:29:17.718515,49008
2261,2025-10-05 12:45:05,279.8548,98.7478,96.1763,7203.805,0.0002721,6084.906411936207,2026-09-24 22:29:17.718515,49008
2262,2025-10-06 03:58:21,280.4816,98.7478,95.0535,7203.804,0.0002717,6084.905144916999,2026-09-24 22:29:17.718515,49008
2263,2025-10-06 12:25:44,280.8298,98.7478,94.4755,7203.804,0.0002718,6084.905144916999,2026-09-24 22:29:17.718515,49008
2264,2025-10-06 12:25:44,280.8298,98.7478,94.4809,7203.804,0.00027185,6084.905144916999,2026-09-24 22:29:17.718515,49008
2265,2025-10-07 00:16:03,281.3173,98.7478,93.7481,7203.804,0.00027133,6084.905144916999,2026-09-24 22:29:17.718515,49008
2266,2025-10-07 07:01:57,281.5959,98.7478,93.2088,7203.804,0.0002718,6084.905144916999,2026-09-24 22:29:17.718515,49008
2267,2025-10-07 13:47:51,281.8745,98.7478,92.7621,7203.804,0.00027195,6084.905144916999,2026-09-24 22:29:17.718515,49008
2268,2025-10-07 20:33:45,282.1531,98.7478,92.2026,7203.803,0.000272,6084.903877897879,2026-09-24 22:29:17.718515,49008
2269,2025-10-07 23:56:42,282.2924,98.7478,91.9225,7203.803,0.00027186,6084.903877897879,2026-09-24 22:29:17.718515,49008
2270,2025-10-08 03:19:39,282.4317,98.7478,91.7251,7203.803,0.0002721,6084.903877897879,2026-09-24 22:29:17.718515,49008
2271,2025-10-08 06:42:36,282.571,98.7478,91.4345,7203.803,0.00027233,6084.903877897879,2026-09-24 22:29:17.718515,49008
2272,2025-10-08 11:47:02,282.7799,98.7478,91.1697,7203.803,0.0002725,6084.903877897879,2026-09-24 22:29:17.718515,49008
2273,2025-10-08 15:09:59,282.9192,98.7478,90.9254,7203.803,0.00027274,6084.903877897879,2026-09-24 22:29:17.718515,49008
2274,2025-10-08 20:14:24,283.1282,98.7478,90.4436,7203.802,0.0002726,6084.902610878848,2026-09-24 22:29:17.718515,49008
2275,2025-10-08 23:37:21,283.2675,98.7478,90.1739,7203.802,0.00027255,6084.902610878848,2026-09-24 22:29:17.718515,49008
2276,2025-10-09 04:41:47,283.4764,98.7479,89.843,7203.802,0.0002729,6084.902610878848,2026-09-24 22:29:17.718515,49008
2277,2025-10-09 06:23:15,283.5461,98.7479,89.7015,7203.802,0.000273,6084.902610878848,2026-09-24 22:29:17.718515,49008
2278,2025-10-09 14:50:38,283.8943,98.7478,89.1,7203.802,0.00027314,6084.902610878848,2026-09-24 22:29:17.718515,49008
2279,2025-10-09 16:32:06,283.9639,98.7478,89.022,7203.802,0.0002733,6084.902610878848,2026-09-24 22:29:17.718515,49008
2280,2025-10-09 19:55:03,284.1032,98.7478,88.7853,7203.802,0.0002731,6084.902610878848,2026-09-24 22:29:17.718515,49008
2281,2025-10-09 23:18:00,284.2425,98.7478,88.5508,7203.802,0.00027278,6084.902610878848,2026-09-24 22:29:17.718515,49008
2282,2025-10-10 04:22:26,284.4515,98.7478,88.2392,7203.802,0.0002728,6084.902610878848,2026-09-24 22:29:17.718515,49008
2283,2025-10-10 06:03:54,284.5212,98.7479,88.1953,7203.802,0.00027301,6084.902610878848,2026-09-24 22:29:17.718515,49008
2284,2025-10-10 11:08:20,284.7301,98.7479,87.8756,7203.802,0.000273,6084.902610878848,2026-09-24 22:29:17.718515,49008
2285,2025-10-10 19:35:42,285.0783,98.7478,87.2782,7203.802,0.0002727,6084.902610878848,2026-09-24 22:29:17.718515,49008
2286,2025-10-10 22:58:39,285.2176,98.7478,87.0571,7203.802,0.00027234,6084.902610878848,2026-09-24 22:29:17.718515,49008
2287,2025-10-11 05:44:33,285.4962,98.7479,86.681,7203.801,0.00027225,6084.901343859905,2026-09-24 22:29:17.718515,49008
2288,2025-10-11 05:44:33,285.4962,98.7479,86.657,7203.801,0.0002723,6084.901343859905,2026-09-24 22:29:17.718515,49008
2289,2025-10-12 00:20:47,286.2623,98.7479,85.4394,7203.801,0.00027197,6084.901343859905,2026-09-24 22:29:17.718515,49008
2290,2025-10-12 07:06:41,286.541,98.7479,84.8577,7203.801,0.00027219,6084.901343859905,2026-09-24 22:29:17.718515,49008
2291,2025-10-12 13:52:35,286.8196,98.7479,84.398,7203.801,0.00027191,6084.901343859905,2026-09-24 22:29:17.718515,49008
2292,2025-10-13 00:01:26,287.2375,98.7479,83.6366,7203.8,0.00027139,6084.90007684105,2026-09-24 22:29:17.718515,49008
2293,2025-10-13 06:47:20,287.5161,98.7479,83.2383,7203.8,0.00027144,6084.90007684105,2026-09-24 22:29:17.718515,49008
2294,2025-10-13 15:14:42,287.8643,98.7479,82.5856,7203.8,0.00027168,6084.90007684105,2026-09-24 22:29:17.718515,49008
2295,2025-10-13 23:42:05,288.2125,98.7479,81.8658,7203.8,0.00027121,6084.90007684105,2026-09-24 22:29:17.718515,49008
2296,2025-10-14 06:27:59,288.4911,98.748,81.4177,7203.799,0.00027134,6084.898809822282,2026-09-24 22:29:17.718515,49008
2297,2025-10-14 23:22:44,289.1876,98.7479,80.1288,7203.799,0.00027043,6084.898809822282,2026-09-24 22:29:17.718515,49008
2298,2025-10-15 14:36:00,289.8144,98.748,79.1189,7203.799,0.00026942,6084.898809822282,2026-09-24 22:29:17.718515,49008
2299,2025-10-15 19:40:26,290.0233,98.748,78.79,7203.799,0.0002689,6084.898809822282,2026-09-24 22:29:17.718515,49008
2300,2025-10-15 23:03:23,290.1626,98.748,78.5555,7203.798,0.00026847,6084.897542803602,2026-09-24 22:29:17.718515,49008
2301,2025-10-16 05:49:17,290.4412,98.748,78.0782,7203.798,0.0002683,6084.897542803602,2026-09-24 22:29:17.718515,49008
2302,2025-10-16 14:16:39,290.7894,98.748,77.4559,7203.798,0.00026779,6084.897542803602,2026-09-24 22:29:17.718515,49008
2303,2025-10-16 22:44:02,291.1377,98.7483,76.8213,7203.7970000000005,0.00026692,6084.89627578501,2026-09-24 22:29:17.718515,49008
2304,2025-10-17 03:48:27,291.3466,98.7484,76.466,7203.7970000000005,0.0002666,6084.89627578501,2026-09-24 22:29:17.718515,49008
2305,2025-10-17 07:11:24,291.4859,98.7484,76.1876,7203.7970000000005,0.00026649,6084.89627578501,2026-09-24 22:29:17.718515,49008
2306,2025-10-17 17:20:15,291.9038,98.7483,75.4867,7203.7970000000005,0.0002657,6084.89627578501,2026-09-24 22:29:17.718515,49008
2307,2025-10-17 20:43:12,292.0431,98.7483,75.2126,7203.7970000000005,0.0002653,6084.89627578501,2026-09-24 22:29:17.718515,49008
2308,2025-10-18 00:06:09,292.1824,98.7483,74.9327,7203.7970000000005,0.00026496,6084.89627578501,2026-09-24 22:29:17.718515,49008
2309,2025-10-18 03:29:06,292.3217,98.7483,74.6922,7203.7970000000005,0.0002649,6084.89627578501,2026-09-24 22:29:17.718515,49008
2310,2025-10-18 06:52:03,292.461,98.7484,74.3352,7203.7970000000005,0.00026512,6084.89627578501,2026-09-24 22:29:17.718515,49008
2311,2025-10-18 23:46:48,293.1574,98.7483,73.023,7203.796,0.00026452,6084.895008766506,2026-09-24 22:29:17.718515,49008
2312,2025-10-19 06:32:42,293.436,98.7483,72.5934,7203.796,0.00026447,6084.895008766506,2026-09-24 22:29:17.718515,49008
2313,2025-10-19 23:27:27,294.1324,98.7482,71.269,7203.795,0.00026345,6084.89374174809,2026-09-24 22:29:17.718515,49008
2314,2025-10-20 04:31:53,294.3414,98.7482,70.9282,7203.795,0.0002632,6084.89374174809,2026-09-24 22:29:17.718515,49008
2315,2025-10-20 06:13:21,294.411,98.7482,70.8989,7203.795,0.00026313,6084.89374174809,2026-09-24 22:29:17.718515,49008
2316,2025-10-20 14:40:44,294.7593,98.7482,70.2822,7203.795,0.00026253,6084.89374174809,2026-09-24 22:29:17.718515,49008
2317,2025-10-20 23:08:06,295.1075,98.7481,69.7123,7203.794,0.00026146,6084.8924747297615,2026-09-24 22:29:17.718515,49008
2318,2025-10-21 14:21:22,295.7343,98.7481,68.7017,7203.794,0.00026038,6084.8924747297615,2026-09-24 22:29:17.718515,49008
2319,2025-10-21 21:07:16,296.0128,98.7481,68.2406,7203.794,0.0002595,6084.8924747297615,2026-09-24 22:29:17.718515,49008
2320,2025-10-21 22:48:45,296.0825,98.7481,68.0817,7203.794,0.00025922,6084.8924747297615,2026-09-24 22:29:17.718515,49008
2321,2025-10-22 05:34:39,296.3611,98.7481,67.6495,7203.794,0.00025867,6084.8924747297615,2026-09-24 22:29:17.718515,49008
2322,2025-10-22 05:34:39,296.3611,98.7481,67.6147,7203.794,0.0002587,6084.8924747297615,2026-09-24 22:29:17.718515,49008
2323,2025-10-22 12:20:33,296.6397,98.7481,67.1464,7203.794,0.000258,6084.8924747297615,2026-09-24 22:29:17.718515,49008
2324,2025-10-23 00:10:52,297.1272,98.748,66.2448,7203.793,0.00025668,6084.891207711523,2026-09-24 22:29:17.718515,49008
2325,2025-10-23 03:33:49,297.2665,98.7481,66.0246,7203.793,0.0002565,6084.891207711523,2026-09-24 22:29:17.718515,49008
2326,2025-10-23 15:24:09,297.754,98.7481,65.1014,7203.793,0.0002558,6084.891207711523,2026-09-24 22:29:17.718515,49008
2327,2025-10-23 15:24:09,297.754,98.7481,65.1023,7203.793,0.00025577,6084.891207711523,2026-09-24 22:29:17.718515,49008
2328,2025-10-23 22:10:03,298.0326,98.748,64.5294,7203.793,0.00025509,6084.891207711523,2026-09-24 22:29:17.718515,49008
2329,2025-10-24 06:37:25,298.3808,98.7481,63.9417,7203.792,0.00025455,6084.889940693371,2026-09-24 22:29:17.718515,49008
2330,2025-10-24 16:46:16,298.7986,98.7481,63.2413,7203.792,0.0002537,6084.889940693371,2026-09-24 22:29:17.718515,49008
2331,2025-10-24 20:09:13,298.9379,98.7481,62.9613,7203.792,0.0002533,6084.889940693371,2026-09-24 22:29:17.718515,49008
2332,2025-10-24 23:32:10,299.0772,98.7481,62.6499,7203.792,0.00025279,6084.889940693371,2026-09-24 22:29:17.718515,49008
2333,2025-10-25 04:36:35,299.2862,98.7481,62.2484,7203.792,0.0002525,6084.889940693371,2026-09-24 22:29:17.718515,49008
2334,2025-10-25 06:18:04,299.3558,98.7481,62.1651,7203.792,0.00025225,6084.889940693371,2026-09-24 22:29:17.718515,49008
2335,2025-10-25 13:03:58,299.6344,98.7483,61.6747,7203.792,0.0002516,6084.889940693371,2026-09-24 22:29:17.718515,49008
2336,2025-10-25 21:31:20,299.9826,98.7482,60.9917,7203.792,0.0002505,6084.889940693371,2026-09-24 22:29:17.718515,49008
2337,2025-10-25 23:12:49,300.0522,98.7482,60.8387,7203.792,0.00025016,6084.889940693371,2026-09-24 22:29:17.718515,49008
2338,2025-10-26 05:58:43,300.3308,98.7483,60.4165,7203.791,0.0002493,6084.888673675306,2026-09-24 22:29:17.718515,49008
2339,2025-10-26 05:58:43,300.3308,98.7482,60.3804,7203.791,0.0002494,6084.888673675306,2026-09-24 22:29:17.718515,49008
2340,2025-10-26 12:44:37,300.6094,98.7484,60.0174,7203.791,0.0002478,6084.888673675306,2026-09-24 22:29:17.718515,49008
2341,2025-10-26 21:11:59,300.9576,98.7484,59.435,7203.791,0.0002462,6084.888673675306,2026-09-24 22:29:17.718515,49008
2342,2025-10-26 22:53:28,301.0272,98.7483,59.3222,7203.79,0.00024596,6084.88740665733,2026-09-24 22:29:17.718515,49008
2343,2025-10-27 05:39:22,301.3058,98.7484,58.6701,7203.79,0.0002463,6084.88740665733,2026-09-24 22:29:17.718515,49008
2344,2025-10-27 07:20:50,301.3754,98.7484,58.5927,7203.79,0.00024612,6084.88740665733,2026-09-24 22:29:17.718515,49008
2345,2025-10-27 12:25:16,301.5844,98.7484,58.2263,7203.79,0.0002453,6084.88740665733,2026-09-24 22:29:17.718515,49008
2346,2025-10-27 20:52:38,301.9326,98.748,57.6763,7203.79,0.0002438,6084.88740665733,2026-09-24 22:29:17.718515,49008
2347,2025-10-28 00:15:35,302.0719,98.748,57.4351,7203.79,0.00024304,6084.88740665733,2026-09-24 22:29:17.718515,49008
2348,2025-10-28 15:28:51,302.6987,98.748,56.3231,7203.79,0.00024177,6084.88740665733,2026-09-24 22:29:17.718515,49008
2349,2025-10-29 06:42:08,303.3255,98.7483,55.146,7203.789,0.00024059,6084.886139639441,2026-09-24 22:29:17.718515,49008
2350,2025-10-29 10:05:05,303.4648,98.7483,54.9147,7203.789,0.0002402,6084.886139639441,2026-09-24 22:29:17.718515,49008
2351,2025-10-29 23:36:53,304.0219,98.7483,53.25,7203.791,0.00023594,6084.888673675306,2026-09-24 22:29:17.718515,49008
2352,2025-10-30 06:22:46,304.3005,98.7483,52.9108,7203.79,0.0002351,6084.88740665733,2026-09-24 22:29:17.718515,49008
2353,2025-10-30 21:36:03,304.9273,98.7482,52.4752,7203.7880000000005,0.0002365,6084.884872621642,2026-09-24 22:29:17.718515,49008
2354,2025-10-30 23:17:31,304.9969,98.7482,52.3432,7203.7880000000005,0.00023589,6084.884872621642,2026-09-24 22:29:17.718515,49008
2355,2025-10-31 07:44:54,305.3451,98.7482,51.8013,7203.7880000000005,0.00023398,6084.884872621642,2026-09-24 22:29:17.718515,49008
2356,2025-10-31 16:12:16,305.6933,98.7482,51.1573,7203.7880000000005,0.0002326,6084.884872621642,2026-09-24 22:29:17.718515,49008
2357,2025-10-31 21:16:42,305.9023,98.7482,50.5796,7203.7880000000005,0.0002319,6084.884872621642,2026-09-24 22:29:17.718515,49008
2358,2025-11-01 14:11:26,306.5987,98.7482,49.3091,7203.787,0.00022941,6084.88360560393,2026-09-24 22:29:17.718515,49008
2359,2025-11-02 07:06:11,307.2951,98.7479,48.0303,7203.787,0.0002263,6084.88360560393,2026-09-24 22:29:17.718515,49008
2360,2025-11-02 12:10:37,307.504,98.7479,47.6303,7203.787,0.0002255,6084.88360560393,2026-09-24 22:29:17.718515,49008
2361,2025-11-03 22:00:06,308.8968,98.7479,44.9145,7203.786,0.0002208,6084.882338586305,2026-09-24 22:29:17.718515,49008
2362,2025-11-03 23:41:35,308.9665,98.7479,44.8493,7203.786,0.0002203,6084.882338586305,2026-09-24 22:29:17.718515,49008
2363,2025-11-04 04:46:00,309.1754,98.7479,44.4717,7203.786,0.0002198,6084.882338586305,2026-09-24 22:29:17.718515,49008
2364,2025-11-04 06:27:29,309.245,98.7479,44.387,7203.786,0.00021959,6084.882338586305,2026-09-24 22:29:17.718515,49008
2365,2025-11-04 11:31:54,309.4539,98.7479,44.0478,7203.786,0.0002186,6084.882338586305,2026-09-24 22:29:17.718515,49008
2366,2025-11-04 14:54:51,309.5932,98.7478,43.7923,7203.786,0.00021796,6084.882338586305,2026-09-24 22:29:17.718515,49008
2367,2025-11-04 19:59:17,309.8022,98.7478,43.4306,7203.785,0.0002168,6084.881071568768,2026-09-24 22:29:17.718515,49008
2368,2025-11-04 23:22:14,309.9414,98.7478,43.1503,7203.785,0.00021616,6084.881071568768,2026-09-24 22:29:17.718515,49008
2369,2025-11-05 07:49:36,310.2896,98.7479,42.441,7203.785,0.00021495,6084.881071568768,2026-09-24 22:29:17.718515,49008
2370,2025-11-05 23:02:52,310.9164,98.7478,41.1749,7203.784,0.00021169,6084.8798045513195,2026-09-24 22:29:17.718515,49008
2371,2025-11-06 07:30:15,311.2646,98.7478,40.6191,7203.784,0.00021014,6084.8798045513195,2026-09-24 22:29:17.718515,49008
2372,2025-11-06 17:39:06,311.6824,98.7478,39.8171,7203.784,0.0002079,6084.8798045513195,2026-09-24 22:29:17.718515,49008
2373,2025-11-06 21:02:02,311.8217,98.7478,39.4322,7203.784,0.0002083,6084.8798045513195,2026-09-24 22:29:17.718515,49008
2374,2025-11-06 22:43:31,311.8913,98.7478,39.3313,7203.784,0.00020744,6084.8798045513195,2026-09-24 22:29:17.718515,49008
2375,2025-11-07 03:47:56,312.1002,98.7478,38.8921,7203.784,0.000207,6084.8798045513195,2026-09-24 22:29:17.718515,49008
2376,2025-11-07 07:10:53,312.2395,98.7478,38.6291,7203.784,0.00020634,6084.8798045513195,2026-09-24 22:29:17.718515,49008
2377,2025-11-07 20:42:41,312.7966,98.7478,37.3632,7203.783,0.0002046,6084.878537533959,2026-09-24 22:29:17.718515,49008
2378,2025-11-07 20:42:41,312.7966,98.7478,37.3657,7203.783,0.0002045,6084.878537533959,2026-09-24 22:29:17.718515,49008
2379,2025-11-08 03:28:35,313.0752,98.7478,36.8404,7203.783,0.0002034,6084.878537533959,2026-09-24 22:29:17.718515,49008
2380,2025-11-08 06:51:32,313.2145,98.7478,36.5191,7203.783,0.00020332,6084.878537533959,2026-09-24 22:29:17.718515,49008
2381,2025-11-08 11:55:57,313.4234,98.7478,36.0956,7203.783,0.0002025,6084.878537533959,2026-09-24 22:29:17.718515,49008
2382,2025-11-08 20:23:20,313.7716,98.7478,35.4569,7203.783,0.000201,6084.878537533959,2026-09-24 22:29:17.718515,49008
2383,2025-11-10 23:07:34,315.8608,98.7477,31.262,7203.781,0.00018976,6084.876003499502,2026-09-24 22:29:17.718515,49008
2384,2025-11-11 07:34:57,316.2089,98.7477,30.5895,7203.781,0.00018806,6084.876003499502,2026-09-24 22:29:17.718515,49008
2385,2025-11-12 07:15:35,317.1838,98.748,28.3935,7203.775,0.00018278,6084.86840139824,2026-09-24 22:29:17.718515,49008
2386,2025-11-12 20:47:23,317.7409,98.748,27.1508,7203.779,0.0001795,6084.873469465397,2026-09-24 22:29:17.718515,49008
2387,2025-11-13 00:10:20,317.8802,98.748,26.8318,7203.778,0.00017894,6084.872202448475,2026-09-24 22:29:17.718515,49008
2388,2025-11-13 03:33:17,318.0195,98.748,26.5222,7203.778,0.0001786,6084.872202448475,2026-09-24 22:29:17.718515,49008
2389,2025-11-13 06:56:14,318.1588,98.748,26.2409,7203.778,0.00017824,6084.872202448475,2026-09-24 22:29:17.718515,49008
2390,2025-11-13 13:42:08,318.4373,98.748,25.6427,7203.777,0.00017698,6084.8709354316425,2026-09-24 22:29:17.718515,49008
2391,2025-11-13 17:05:05,318.5766,98.7478,25.3529,7203.777,0.0001767,6084.8709354316425,2026-09-24 22:29:17.718515,49008
2392,2025-11-13 20:28:02,318.7159,98.7478,25.0059,7203.777,0.0001764,6084.8709354316425,2026-09-24 22:29:17.718515,49008
2393,2025-11-13 23:50:58,318.8552,98.7478,24.6894,7203.777,0.00017561,6084.8709354316425,2026-09-24 22:29:17.718515,49008
2394,2025-11-14 06:36:52,319.1337,98.7478,24.2091,7203.778,0.00017513,6084.872202448475,2026-09-24 22:29:17.718515,49008
2395,2025-11-14 18:27:12,319.6212,98.7478,23.2855,7203.777,0.0001718,6084.8709354316425,2026-09-24 22:29:17.718515,49008
2396,2025-11-14 20:08:40,319.6908,98.7478,23.093,7203.777,0.0001716,6084.8709354316425,2026-09-24 22:29:17.718515,49008
2397,2025-11-14 21:50:09,319.7605,98.7478,22.9386,7203.777,0.0001709,6084.8709354316425,2026-09-24 22:29:17.718515,49008
2398,2025-11-15 11:21:56,320.3176,98.7477,21.8696,7203.776,0.0001686,6084.869668414896,2026-09-24 22:29:17.718515,49008
2399,2025-11-15 21:30:47,320.7354,98.7477,20.8596,7203.776,0.0001661,6084.869668414896,2026-09-24 22:29:17.718515,49008
2400,2025-11-16 05:58:09,321.0836,98.7477,20.0893,7203.776,0.00016417,6084.869668414896,2026-09-24 22:29:17.718515,49008
2401,2025-11-16 12:44:03,321.3621,98.7477,19.3826,7203.775,0.0001626,6084.86840139824,2026-09-24 22:29:17.718515,49008
2402,2025-11-16 14:25:32,321.4318,98.7477,19.2112,7203.775,0.00016231,6084.86840139824,2026-09-24 22:29:17.718515,49008
2403,2025-11-16 19:29:57,321.6407,98.7477,18.6984,7203.775,0.0001608,6084.86840139824,2026-09-24 22:29:17.718515,49008
2404,2025-11-17 05:38:48,322.0586,98.7476,17.703,7203.775,0.00015842,6084.86840139824,2026-09-24 22:29:17.718515,49008
2405,2025-11-17 12:24:42,322.3371,98.7476,17.0389,7203.775,0.000157,6084.86840139824,2026-09-24 22:29:17.718515,49008
2406,2025-11-17 20:52:04,322.6853,98.7476,16.1618,7203.774,0.000155,6084.86713438167,2026-09-24 22:29:17.718515,49008
2407,2025-11-18 03:37:58,322.9638,98.7476,15.5473,7203.774,0.0001532,6084.86713438167,2026-09-24 22:29:17.718515,49008
2408,2025-11-18 03:37:58,322.9638,98.7476,15.528,7203.774,0.00015328,6084.86713438167,2026-09-24 22:29:17.718515,49008
2409,2025-11-18 12:05:20,323.312,98.7476,14.7728,7203.774,0.0001514,6084.86713438167,2026-09-24 22:29:17.718515,49008
2410,2025-11-18 20:32:43,323.6602,98.7476,13.8638,7203.774,0.0001512,6084.86713438167,2026-09-24 22:29:17.718515,49008
2411,2025-11-18 23:55:40,323.7995,98.7476,13.5318,7203.774,0.00015099,6084.86713438167,2026-09-24 22:29:17.718515,49008
2412,2025-11-19 06:41:34,324.078,98.7476,13.045,7203.773,0.00014971,6084.86586736519,2026-09-24 22:29:17.718515,49008
2413,2025-11-19 15:08:56,324.4262,98.7475,12.3563,7203.773,0.00014745,6084.86586736519,2026-09-24 22:29:17.718515,49008
2414,2025-11-19 20:13:21,324.6351,98.7475,11.8838,7203.773,0.0001466,6084.86586736519,2026-09-24 22:29:17.718515,49008
2415,2025-11-19 23:36:18,324.7744,98.7475,11.5552,7203.773,0.00014635,6084.86586736519,2026-09-24 22:29:17.718515,49008
2416,2025-11-20 06:22:12,325.053,98.7475,10.9643,7203.773,0.00014506,6084.86586736519,2026-09-24 22:29:17.718515,49008
2417,2025-11-20 18:12:31,325.5404,98.7475,9.5916,7203.773,0.0001419,6084.86586736519,2026-09-24 22:29:17.718515,49008
2418,2025-11-20 21:35:28,325.6796,98.7475,9.1452,7203.773,0.0001409,6084.86586736519,2026-09-24 22:29:17.718515,49008
2419,2025-11-20 23:16:57,325.7493,98.7475,8.9591,7203.773,0.00013989,6084.86586736519,2026-09-24 22:29:17.718515,49008
2420,2025-11-21 04:21:22,325.9582,98.7474,8.5067,7203.772,0.0001382,6084.864600348797,2026-09-24 22:29:17.718515,49008
2421,2025-11-21 16:11:41,326.4456,98.7475,7.1304,7203.772,0.0001358,6084.864600348797,2026-09-24 22:29:17.718515,49008
2422,2025-11-21 22:57:35,326.7241,98.7475,6.2464,7203.772,0.0001341,6084.864600348797,2026-09-24 22:29:17.718515,49008
2423,2025-11-22 05:43:29,327.0027,98.7475,5.5833,7203.772,0.0001321,6084.864600348797,2026-09-24 22:29:17.718515,49008
2424,2025-11-22 12:29:23,327.2812,98.7475,4.8155,7203.772,0.0001304,6084.864600348797,2026-09-24 22:29:17.718515,49008
2425,2025-11-22 15:52:20,327.4204,98.7475,4.4647,7203.772,0.00012975,6084.864600348797,2026-09-24 22:29:17.718515,49008
2426,2025-11-22 20:56:45,327.6293,98.7475,3.8821,7203.772,0.000129,6084.864600348797,2026-09-24 22:29:17.718515,49008
2427,2025-11-23 03:42:39,327.9079,98.7475,3.0946,7203.772,0.0001274,6084.864600348797,2026-09-24 22:29:17.718515,49008
2428,2025-11-23 07:05:36,328.0471,98.7475,2.7145,7203.771,0.00012662,6084.863333332491,2026-09-24 22:29:17.718515,49008
2429,2025-11-23 12:10:01,328.256,98.7475,2.2282,7203.771,0.0001264,6084.863333332491,2026-09-24 22:29:17.718515,49008
2430,2025-11-23 20:37:24,328.6042,98.7476,1.371,7203.771,0.000126,6084.863333332491,2026-09-24 22:29:17.718515,49008
2431,2025-11-24 03:23:18,328.8827,98.7476,0.7627,7203.771,0.0001248,6084.863333332491,2026-09-24 22:29:17.718515,49008
2432,2025-11-24 06:46:14,329.022,98.7476,0.4185,7203.771,0.00012428,6084.863333332491,2026-09-24 22:29:17.718515,49008
2433,2025-11-24 13:32:08,329.3005,98.7476,359.3342,7203.771,0.0001213,6084.863333332491,2026-09-24 22:29:17.718515,49008
2434,2025-11-24 21:59:31,329.6487,98.7476,358.1414,7203.771,0.0001187,6084.863333332491,2026-09-24 22:29:17.718515,49008
2435,2025-11-24 23:40:59,329.7184,98.7476,357.9262,7203.77,0.0001183,6084.862066316274,2026-09-24 22:29:17.718515,49008
2436,2025-11-25 04:45:24,329.9273,98.7476,357.4448,7203.77,0.0001176,6084.862066316274,2026-09-24 22:29:17.718515,49008
2437,2025-11-25 08:08:21,330.0666,98.7476,357.104,7203.77,0.00011617,6084.862066316274,2026-09-24 22:29:17.718515,49008
2438,2025-11-25 13:12:47,330.2755,98.7476,356.658,7203.77,0.0001158,6084.862066316274,2026-09-24 22:29:17.718515,49008
2439,2025-11-25 19:58:41,330.554,98.7476,355.5316,7203.77,0.0001136,6084.862066316274,2026-09-24 22:29:17.718515,49008
2440,2025-11-26 04:26:03,330.9022,98.7476,354.3534,7203.77,0.0001111,6084.862066316274,2026-09-24 22:29:17.718515,49008
2441,2025-11-26 07:49:00,331.0415,98.7476,354.0815,7203.77,0.00011024,6084.862066316274,2026-09-24 22:29:17.718515,49008
2442,2025-11-26 12:53:25,331.2504,98.7476,353.346,7203.77,0.0001092,6084.862066316274,2026-09-24 22:29:17.718515,49008
2443,2025-11-26 21:20:48,331.5985,98.7476,352.0127,7203.769,0.0001072,6084.860799300144,2026-09-24 22:29:17.718515,49008
2444,2025-11-26 23:02:16,331.6682,98.7476,351.704,7203.769,0.00010688,6084.860799300144,2026-09-24 22:29:17.718515,49008
2445,2025-11-27 04:06:41,331.8771,98.7476,351.1322,7203.769,0.0001052,6084.860799300144,2026-09-24 22:29:17.718515,49008
2446,2025-11-27 05:48:10,331.9467,98.7476,350.9267,7203.769,0.00010476,6084.860799300144,2026-09-24 22:29:17.718515,49008
2447,2025-11-28 00:24:23,332.7127,98.7476,348.1571,7203.769,0.00010189,6084.860799300144,2026-09-24 22:29:17.718515,49008
2448,2025-11-28 05:28:48,332.9216,98.7476,347.4644,7203.769,0.0001006,6084.860799300144,2026-09-24 22:29:17.718515,49008
2449,2025-11-28 15:37:39,333.3394,98.7476,345.965,7203.769,9.84e-05,6084.860799300144,2026-09-24 22:29:17.718515,49008
2450,2025-11-28 20:42:04,333.5483,98.7476,345.2863,7203.769,9.81e-05,6084.860799300144,2026-09-24 22:29:17.718515,49008
2451,2025-11-29 03:27:58,333.8268,98.7476,344.3501,7203.768,9.69e-05,6084.859532284102,2026-09-24 22:29:17.718515,49008
2452,2025-11-29 06:50:55,333.9661,98.7476,343.6234,7203.768,9.545e-05,6084.859532284102,2026-09-24 22:29:17.718515,49008
2453,2025-11-29 20:22:43,334.5231,98.7476,341.8143,7203.768,9.33e-05,6084.859532284102,2026-09-24 22:29:17.718515,49008
2454,2025-11-30 04:50:05,334.8713,98.7476,340.7992,7203.768,9.2e-05,6084.859532284102,2026-09-24 22:29:17.718515,49008
2455,2025-11-30 11:35:59,335.1498,98.7476,339.4744,7203.768,9.01e-05,6084.859532284102,2026-09-24 22:29:17.718515,49008
2456,2025-11-30 14:58:56,335.2891,98.7476,338.7851,7203.768,8.928e-05,6084.859532284102,2026-09-24 22:29:17.718515,49008
2457,2025-11-30 20:03:21,335.498,98.7476,337.8238,7203.767,8.83e-05,6084.858265268149,2026-09-24 22:29:17.718515,49008
2458,2025-11-30 23:26:18,335.6372,98.7476,337.018,7203.767,8.746e-05,6084.858265268149,2026-09-24 22:29:17.718515,49008
2459,2025-12-01 06:12:12,335.9158,98.7476,335.8412,7203.767,8.56e-05,6084.858265268149,2026-09-24 22:29:17.718515,49008
2460,2025-12-01 12:58:06,336.1943,98.7476,334.5067,7203.767,8.42e-05,6084.858265268149,2026-09-24 22:29:17.718515,49008
2461,2025-12-01 21:25:28,336.5425,98.7476,332.6664,7203.767,8.25e-05,6084.858265268149,2026-09-24 22:29:17.718515,49008
2462,2025-12-02 04:11:22,336.821,98.7476,331.1841,7203.766,8.08e-05,6084.856998252282,2026-09-24 22:29:17.718515,49008
2463,2025-12-02 05:52:50,336.8906,98.7475,330.8589,7203.766,8.03e-05,6084.856998252282,2026-09-24 22:29:17.718515,49008
2464,2025-12-02 12:38:44,337.1692,98.7476,329.3866,7203.766,7.89e-05,6084.856998252282,2026-09-24 22:29:17.718515,49008
2465,2025-12-02 21:06:07,337.5173,98.7476,327.277,7203.766,7.78e-05,6084.856998252282,2026-09-24 22:29:17.718515,49008
2466,2025-12-03 05:33:29,337.8655,98.7476,325.5706,7203.766,7.63e-05,6084.856998252282,2026-09-24 22:29:17.718515,49008
2467,2025-12-03 07:14:57,337.9352,98.7476,325.4267,7203.766,7.61e-05,6084.856998252282,2026-09-24 22:29:17.718515,49008
2468,2025-12-03 12:19:23,338.1441,98.7476,324.2352,7203.765,7.52e-05,6084.8557312365065,2026-09-24 22:29:17.718515,49008
2469,2025-12-03 20:46:45,338.4922,98.7476,322.7064,7203.765,7.4e-05,6084.8557312365065,2026-09-24 22:29:17.718515,49008
2470,2025-12-03 22:28:13,338.5619,98.7476,322.2311,7203.765,7.384e-05,6084.8557312365065,2026-09-24 22:29:17.718515,49008
2471,2025-12-04 03:32:39,338.7708,98.7476,321.2683,7203.765,7.29e-05,6084.8557312365065,2026-09-24 22:29:17.718515,49008
2472,2025-12-04 06:55:36,338.91,98.7476,320.2854,7203.764,7.209e-05,6084.854464220816,2026-09-24 22:29:17.718515,49008
2473,2025-12-04 15:22:58,339.2582,98.7476,318.2715,7203.764,7.056e-05,6084.854464220816,2026-09-24 22:29:17.718515,49008
2474,2025-12-04 18:45:55,339.3975,98.7476,317.4736,7203.764,7e-05,6084.854464220816,2026-09-24 22:29:17.718515,49008
2475,2025-12-04 20:27:23,339.4671,98.7476,317.2678,7203.764,6.99e-05,6084.854464220816,2026-09-24 22:29:17.718515,49008
2476,2025-12-05 04:54:46,339.8152,98.7476,315.1141,7203.764,6.85e-05,6084.854464220816,2026-09-24 22:29:17.718515,49008
2477,2025-12-05 06:36:14,339.8849,98.7476,314.3589,7203.764,6.796e-05,6084.854464220816,2026-09-24 22:29:17.718515,49008
2478,2025-12-05 23:30:59,340.5812,98.7476,309.874,7203.763,6.548e-05,6084.853197205214,2026-09-24 22:29:17.718515,49008
2479,2025-12-06 04:35:24,340.7901,98.7476,308.5676,7203.763,6.446e-05,6084.853197205214,2026-09-24 22:29:17.718515,49008
2480,2025-12-06 14:44:15,341.2079,98.7476,305.7342,7203.763,6.299e-05,6084.853197205214,2026-09-24 22:29:17.718515,49008
2481,2025-12-06 23:11:37,341.5561,98.7476,302.8777,7203.763,6.207e-05,6084.853197205214,2026-09-24 22:29:17.718515,49008
2482,2025-12-07 05:57:31,341.8346,98.7476,300.7275,7203.762,6.091e-05,6084.8519301897,2026-09-24 22:29:17.718515,49008
2483,2025-12-07 22:52:15,342.5309,98.7476,295.6624,7203.762,5.937e-05,6084.8519301897,2026-09-24 22:29:17.718515,49008
2484,2025-12-08 05:38:09,342.8095,98.7476,292.904,7203.762,5.832e-05,6084.8519301897,2026-09-24 22:29:17.718515,49008
2485,2025-12-08 14:05:31,343.1576,98.7476,290.535,7203.761,5.756e-05,6084.850663174276,2026-09-24 22:29:17.718515,49008
2486,2025-12-08 20:51:25,343.4356,98.747,297.3575,7203.767,6e-05,6084.858265268149,2026-09-24 22:29:17.718515,49008
2487,2025-12-09 00:14:22,343.5749,98.7471,294.211,7203.766,6.106e-05,6084.856998252282,2026-09-24 22:29:17.718515,49008
2488,2025-12-09 03:37:19,343.7143,98.7472,294.5995,7203.764,6.01e-05,6084.854464220816,2026-09-24 22:29:17.718515,49008
2489,2025-12-09 07:00:16,343.8536,98.7472,294.4656,7203.762,6.152e-05,6084.8519301897,2026-09-24 22:29:17.718515,49008
2490,2025-12-09 12:04:41,344.0624,98.7472,293.4891,7203.762,6.06e-05,6084.8519301897,2026-09-24 22:29:17.718515,49008
2491,2025-12-09 13:46:10,344.132,98.7473,291.1226,7203.763,6.101e-05,6084.853197205214,2026-09-24 22:29:17.718515,49008
2492,2025-12-09 20:32:03,344.4105,98.7474,287.5498,7203.763,6.02e-05,6084.853197205214,2026-09-24 22:29:17.718515,49008
2493,2025-12-10 03:17:57,344.6892,98.7474,287.044,7203.76,5.92e-05,6084.8493961589365,2026-09-24 22:29:17.718515,49008
2494,2025-12-10 06:40:54,344.8284,98.7474,287.5371,7203.759,5.973e-05,6084.8481291436865,2026-09-24 22:29:17.718515,49008
2495,2025-12-10 11:45:19,345.0373,98.7475,286.3832,7203.758,5.95e-05,6084.846862128524,2026-09-24 22:29:17.718515,49008
2496,2025-12-10 13:26:48,345.1068,98.7475,285.4614,7203.759,5.992e-05,6084.8481291436865,2026-09-24 22:29:17.718515,49008
2497,2025-12-10 20:12:42,345.3853,98.7476,279.6137,7203.759,5.84e-05,6084.8481291436865,2026-09-24 22:29:17.718515,49008
2498,2025-12-10 23:35:39,345.5246,98.7477,278.3301,7203.759,5.964e-05,6084.8481291436865,2026-09-24 22:29:17.718515,49008
2499,2025-12-11 04:40:04,345.7337,98.7477,277.801,7203.758,5.75e-05,6084.846862128524,2026-09-24 22:29:17.718515,49008
2500,2025-12-11 06:21:32,345.8034,98.7478,279.113,7203.757,5.756e-05,6084.845595113449,2026-09-24 22:29:17.718515,49008
2501,2025-12-11 14:48:55,346.1516,98.7477,275.7591,7203.756,5.708e-05,6084.844328098465,2026-09-24 22:29:17.718515,49008
2502,2025-12-11 23:16:17,346.4995,98.748,273.4442,7203.757,5.714e-05,6084.845595113449,2026-09-24 22:29:17.718515,49008
2503,2025-12-12 06:02:11,346.7782,98.7479,271.7514,7203.759,5.72e-05,6084.8481291436865,2026-09-24 22:29:17.718515,49008
2504,2025-12-12 07:43:39,346.8479,98.748,270.8945,7203.759,5.68e-05,6084.8481291436865,2026-09-24 22:29:17.718515,49008
2505,2025-12-13 00:38:24,347.5442,98.7481,266.1344,7203.76,5.473e-05,6084.8493961589365,2026-09-24 22:29:17.718515,49008
2506,2025-12-13 07:24:17,347.8228,98.7481,265.2328,7203.76,5.418e-05,6084.8493961589365,2026-09-24 22:29:17.718515,49008
2507,2025-12-13 15:51:40,348.171,98.748,262.3082,7203.763,5.362e-05,6084.853197205214,2026-09-24 22:29:17.718515,49008
2508,2025-12-14 00:19:02,348.5192,98.7481,256.112,7203.761,5.568e-05,6084.850663174276,2026-09-24 22:29:17.718515,49008
2509,2025-12-14 07:04:56,348.798,98.748,253.9889,7203.761,5.651e-05,6084.850663174276,2026-09-24 22:29:17.718515,49008
2510,2025-12-14 23:59:40,349.4942,98.748,247.6587,7203.758,5.899e-05,6084.846862128524,2026-09-24 22:29:17.718515,49008
2511,2025-12-15 06:45:34,349.7729,98.748,244.7401,7203.757,5.897e-05,6084.845595113449,2026-09-24 22:29:17.718515,49008
2512,2025-12-15 23:40:18,350.4692,98.7478,238.9796,7203.754,6.281e-05,6084.841794068756,2026-09-24 22:29:17.718515,49008
2513,2025-12-16 06:26:12,350.7479,98.7478,237.8463,7203.754,6.074e-05,6084.841794068756,2026-09-24 22:29:17.718515,49008
2514,2025-12-16 23:20:57,351.444,98.7477,234.3856,7203.754,6.382e-05,6084.841794068756,2026-09-24 22:29:17.718515,49008
2515,2025-12-17 07:48:19,351.7923,98.7475,232.2891,7203.756,6.404e-05,6084.844328098465,2026-09-24 22:29:17.718515,49008
2516,2025-12-17 14:34:13,352.0708,98.7473,231.2335,7203.755,6.338e-05,6084.843061083566,2026-09-24 22:29:17.718515,49008
2517,2025-12-17 23:01:35,352.4189,98.7474,229.0383,7203.758,6.402e-05,6084.846862128524,2026-09-24 22:29:17.718515,49008
2518,2025-12-18 07:28:57,352.7672,98.7472,227.7686,7203.76,6.397e-05,6084.8493961589365,2026-09-24 22:29:17.718515,49008
2519,2025-12-18 14:14:51,353.0456,98.7471,224.8819,7203.758,6.299e-05,6084.846862128524,2026-09-24 22:29:17.718515,49008
2520,2025-12-18 22:42:13,353.3937,98.747,221.3156,7203.759,6.612e-05,6084.8481291436865,2026-09-24 22:29:17.718515,49008
2521,2025-12-19 07:09:35,353.7421,98.747,218.5231,7203.758,6.594e-05,6084.846862128524,2026-09-24 22:29:17.718515,49008
2522,2025-12-19 13:55:29,354.0204,98.7468,217.8798,7203.759,6.548e-05,6084.8481291436865,2026-09-24 22:29:17.718515,49008
2523,2025-12-19 18:59:54,354.2292,98.7469,214.6954,7203.759,6.96e-05,6084.8481291436865,2026-09-24 22:29:17.718515,49008
2524,2025-12-19 20:41:23,354.2989,98.7468,213.3862,7203.759,7.11e-05,6084.8481291436865,2026-09-24 22:29:17.718515,49008
2525,2025-12-19 22:22:51,354.3685,98.7469,214.4486,7203.758,7.353e-05,6084.846862128524,2026-09-24 22:29:17.718515,49008
2526,2025-12-20 03:27:17,354.5775,98.7468,211.9921,7203.755,7.31e-05,6084.843061083566,2026-09-24 22:29:17.718515,49008
2527,2025-12-20 06:50:13,354.7167,98.7468,211.8157,7203.754,7.318e-05,6084.841794068756,2026-09-24 22:29:17.718515,49008
2528,2025-12-20 11:54:39,354.9256,98.7468,210.9515,7203.753,7.33e-05,6084.840527054033,2026-09-24 22:29:17.718515,49008
2529,2025-12-20 15:17:36,355.0647,98.7468,210.6836,7203.755,7.579e-05,6084.843061083566,2026-09-24 22:29:17.718515,49008
2530,2025-12-20 22:03:29,355.3431,98.7468,207.2867,7203.755,8e-05,6084.843061083566,2026-09-24 22:29:17.718515,49008
2531,2025-12-20 23:44:58,355.4128,98.7469,207.1956,7203.754,8.06e-05,6084.841794068756,2026-09-24 22:29:17.718515,49008
2532,2025-12-21 04:49:23,355.6218,98.7469,205.6187,7203.751,7.84e-05,6084.837993024853,2026-09-24 22:29:17.718515,49008
2533,2025-12-21 06:30:52,355.6914,98.7469,205.4952,7203.751,7.85e-05,6084.837993024853,2026-09-24 22:29:17.718515,49008
2534,2025-12-21 13:16:45,355.9699,98.7469,204.8201,7203.751,7.87e-05,6084.837993024853,2026-09-24 22:29:17.718515,49008
2535,2025-12-21 14:58:14,356.0394,98.7469,204.712,7203.752,8.013e-05,6084.839260039399,2026-09-24 22:29:17.718515,49008
2536,2025-12-21 20:02:39,356.2482,98.7469,202.5087,7203.754,8.25e-05,6084.841794068756,2026-09-24 22:29:17.718515,49008
2537,2025-12-22 04:30:01,356.5965,98.747,201.2909,7203.752,8.21e-05,6084.839260039399,2026-09-24 22:29:17.718515,49008
2538,2025-12-22 06:11:30,356.6661,98.7469,200.7489,7203.751,8.246e-05,6084.837993024853,2026-09-24 22:29:17.718515,49008
2539,2025-12-22 14:38:52,357.0141,98.747,200.6383,7203.755,8.242e-05,6084.843061083566,2026-09-24 22:29:17.718515,49008
2540,2025-12-22 21:24:46,357.2925,98.7471,198.9618,7203.757,8.33e-05,6084.845595113449,2026-09-24 22:29:17.718515,49008
2541,2025-12-22 23:06:14,357.3622,98.7471,199.3423,7203.756,8.557e-05,6084.844328098465,2026-09-24 22:29:17.718515,49008
2542,2025-12-23 05:52:08,357.6408,98.7471,197.3277,7203.754,8.38e-05,6084.841794068756,2026-09-24 22:29:17.718515,49008
2543,2025-12-23 07:33:36,357.7105,98.7471,197.265,7203.754,8.271e-05,6084.841794068756,2026-09-24 22:29:17.718515,49008
2544,2025-12-23 21:05:24,358.2674,98.7472,194.1324,7203.759,8.62e-05,6084.8481291436865,2026-09-24 22:29:17.718515,49008
2545,2025-12-23 22:46:53,358.337,98.7473,194.3119,7203.758,8.902e-05,6084.846862128524,2026-09-24 22:29:17.718515,49008
2546,2025-12-24 05:32:46,358.6157,98.7473,192.9001,7203.756,8.8e-05,6084.844328098465,2026-09-24 22:29:17.718515,49008
2547,2025-12-24 07:14:15,358.6853,98.7473,193.4996,7203.755,8.668e-05,6084.843061083566,2026-09-24 22:29:17.718515,49008
2548,2025-12-24 20:46:02,359.2422,98.7475,190.6837,7203.758,9.29e-05,6084.846862128524,2026-09-24 22:29:17.718515,49008
2549,2025-12-25 00:08:59,359.3815,98.7476,191.0635,7203.757,9.536e-05,6084.845595113449,2026-09-24 22:29:17.718515,49008
2550,2025-12-25 03:31:56,359.521,98.7476,189.9291,7203.755,9.4e-05,6084.843061083566,2026-09-24 22:29:17.718515,49008
2551,2025-12-25 06:54:53,359.6603,98.7476,190.1199,7203.753,9.359e-05,6084.840527054033,2026-09-24 22:29:17.718515,49008
2552,2025-12-25 15:22:15,0.0083,98.7477,189.0885,7203.754,9.635e-05,6084.841794068756,2026-09-24 22:29:17.718515,49008
2553,2025-12-25 17:03:44,0.078,98.7478,188.608,7203.755,9.75e-05,6084.843061083566,2026-09-24 22:29:17.718515,49008
2554,2025-12-25 20:26:40,0.2172,98.7479,188.2106,7203.755,9.89e-05,6084.843061083566,2026-09-24 22:29:17.718515,49008
2555,2025-12-25 23:49:37,0.3565,98.7479,188.7016,7203.753,0.00010078,6084.840527054033,2026-09-24 22:29:17.718515,49008
2556,2025-12-26 04:54:03,0.5656,98.7479,186.6013,7203.75,0.0001002,6084.836726010394,2026-09-24 22:29:17.718515,49008
2557,2025-12-26 06:35:31,0.6353,98.748,186.809,7203.749,9.95e-05,6084.835458996024,2026-09-24 22:29:17.718515,49008
2558,2025-12-26 15:02:53,0.9833,98.7481,185.6525,7203.75,0.00010262,6084.836726010394,2026-09-24 22:29:17.718515,49008
2559,2025-12-26 18:25:50,1.1225,98.7482,184.7318,7203.752,0.0001063,6084.839260039399,2026-09-24 22:29:17.718515,49008
2560,2025-12-26 21:48:47,1.2618,98.7482,184.2239,7203.752,0.0001066,6084.839260039399,2026-09-24 22:29:17.718515,49008
2561,2025-12-26 23:30:15,1.3316,98.7483,183.8524,7203.751,0.00010776,6084.837993024853,2026-09-24 22:29:17.718515,49008
2562,2025-12-27 04:34:41,1.5406,98.7483,182.5255,7203.749,0.0001061,6084.835458996024,2026-09-24 22:29:17.718515,49008
2563,2025-12-27 06:16:09,1.6103,98.7483,182.1067,7203.748,0.00010559,6084.834191981739,2026-09-24 22:29:17.718515,49008
2564,2025-12-27 13:02:03,1.8888,98.7484,181.5809,7203.75,0.0001049,6084.836726010394,2026-09-24 22:29:17.718515,49008
2565,2025-12-27 21:29:25,2.2368,98.7485,179.9049,7203.754,0.000111,6084.841794068756,2026-09-24 22:29:17.718515,49008
2566,2025-12-27 23:10:54,2.3066,98.7485,180.377,7203.753,0.00011162,6084.840527054033,2026-09-24 22:29:17.718515,49008
2567,2025-12-28 05:56:47,2.5853,98.7485,178.5322,7203.751,0.0001107,6084.837993024853,2026-09-24 22:29:17.718515,49008
2568,2025-12-28 07:38:16,2.655,98.7485,178.2786,7203.75,0.00011054,6084.836726010394,2026-09-24 22:29:17.718515,49008
2569,2025-12-28 12:42:41,2.8638,98.7485,176.882,7203.752,0.0001094,6084.839260039399,2026-09-24 22:29:17.718515,49008
2570,2025-12-28 14:24:10,2.9334,98.7486,177.0701,7203.754,0.00010987,6084.841794068756,2026-09-24 22:29:17.718515,49008
2571,2025-12-28 21:10:03,3.2119,98.7486,175.8503,7203.756,0.0001138,6084.844328098465,2026-09-24 22:29:17.718515,49008
2572,2025-12-28 22:51:32,3.2816,98.7486,176.3709,7203.755,0.00011555,6084.843061083566,2026-09-24 22:29:17.718515,49008
2573,2025-12-29 05:37:26,3.5604,98.7486,174.8339,7203.752,0.00011513,6084.839260039399,2026-09-24 22:29:17.718515,49008
2574,2025-12-29 12:23:19,3.839,98.7485,174.0644,7203.753,0.0001149,6084.840527054033,2026-09-24 22:29:17.718515,49008
2575,2025-12-29 14:04:48,3.9086,98.7485,173.9176,7203.754,0.00011676,6084.841794068756,2026-09-24 22:29:17.718515,49008
2576,2025-12-29 20:50:42,4.1871,98.7485,173.3057,7203.756,0.0001199,6084.844328098465,2026-09-24 22:29:17.718515,49008
2577,2025-12-30 03:36:35,4.4659,98.7485,172.8743,7203.753,0.0001225,6084.840527054033,2026-09-24 22:29:17.718515,49008
2578,2025-12-30 06:59:32,4.6052,98.7484,172.8922,7203.751,0.00012198,6084.837993024853,2026-09-24 22:29:17.718515,49008
2579,2025-12-30 15:26:54,4.9532,98.7484,172.255,7203.751,0.00012427,6084.837993024853,2026-09-24 22:29:17.718515,49008
2580,2025-12-30 20:31:20,5.1622,98.7484,171.5537,7203.752,0.000128,6084.839260039399,2026-09-24 22:29:17.718515,49008
2581,2025-12-30 23:54:16,5.3015,98.7484,171.8562,7203.75,0.00012948,6084.836726010394,2026-09-24 22:29:17.718515,49008
2582,2025-12-31 03:17:13,5.4409,98.7484,170.803,7203.748,0.0001305,6084.834191981739,2026-09-24 22:29:17.718515,49008
2583,2025-12-31 06:40:10,5.5803,98.7483,170.5183,7203.746,0.00012821,6084.831657953439,2026-09-24 22:29:17.718515,49008
2584,2025-12-31 13:26:04,5.8586,98.7483,170.0615,7203.746,0.0001311,6084.831657953439,2026-09-24 22:29:17.718515,49008
2585,2025-12-31 15:07:32,5.9282,98.7482,170.1253,7203.746,0.000131,6084.831657953439,2026-09-24 22:29:17.718515,49008
2586,2025-12-31 23:34:55,6.2763,98.7481,169.3782,7203.748,0.00013604,6084.834191981739,2026-09-24 22:29:17.718515,49008
2587,2026-01-01 04:39:20,6.4855,98.7481,167.774,7203.744,0.0001355,6084.8291239254895,2026-09-24 22:29:17.718515,49008
2588,2026-01-01 06:20:48,6.5551,98.748,167.8415,7203.744,0.00013575,6084.8291239254895,2026-09-24 22:29:17.718515,49008
2589,2026-01-01 14:48:10,6.903,98.7479,167.1412,7203.746,0.0001371,6084.831657953439,2026-09-24 22:29:17.718515,49008
2590,2026-01-01 18:11:07,7.0423,98.7479,166.5478,7203.748,0.0001395,6084.834191981739,2026-09-24 22:29:17.718515,49008
2591,2026-01-01 21:34:04,7.1814,98.7479,166.0773,7203.748,0.00014,6084.834191981739,2026-09-24 22:29:17.718515,49008
2592,2026-01-01 23:15:33,7.2511,98.7479,166.5636,7203.747,0.00014162,6084.832924967546,2026-09-24 22:29:17.718515,49008
2593,2026-01-02 04:19:58,7.4602,98.7478,164.6067,7203.746,0.0001409,6084.831657953439,2026-09-24 22:29:17.718515,49008
2594,2026-01-02 07:42:55,7.5995,98.7477,164.3382,7203.745,0.00013983,6084.83039093942,2026-09-24 22:29:17.718515,49008
2595,2026-01-02 14:28:49,7.8777,98.7476,163.529,7203.749,0.00013929,6084.835458996024,2026-09-24 22:29:17.718515,49008
2596,2026-01-02 17:51:45,8.0169,98.7476,163.1898,7203.75,0.0001412,6084.836726010394,2026-09-24 22:29:17.718515,49008
2597,2026-01-02 21:14:42,8.1562,98.7475,162.7646,7203.751,0.0001419,6084.837993024853,2026-09-24 22:29:17.718515,49008
2598,2026-01-02 22:56:11,8.2258,98.7475,163.3458,7203.75,0.00014429,6084.836726010394,2026-09-24 22:29:17.718515,49008
2599,2026-01-03 04:00:36,8.4349,98.7474,162.0857,7203.748,0.0001434,6084.834191981739,2026-09-24 22:29:17.718515,49008
2600,2026-01-03 07:23:33,8.5741,98.7473,161.7231,7203.747,0.00014246,6084.832924967546,2026-09-24 22:29:17.718515,49008
2601,2026-01-03 12:27:58,8.7829,98.7472,160.7926,7203.748,0.0001426,6084.834191981739,2026-09-24 22:29:17.718515,49008
2602,2026-01-03 14:09:27,8.8525,98.7473,160.8851,7203.75,0.00014349,6084.836726010394,2026-09-24 22:29:17.718515,49008
2603,2026-01-04 00:18:17,9.2701,98.7472,161.2681,7203.75,0.00014992,6084.836726010394,2026-09-24 22:29:17.718515,49008
2604,2026-01-04 03:41:14,9.4096,98.7472,160.4136,7203.748,0.0001501,6084.834191981739,2026-09-24 22:29:17.718515,49008
2605,2026-01-04 07:04:11,9.5487,98.7471,159.9821,7203.747,0.00015033,6084.832924967546,2026-09-24 22:29:17.718515,49008
2606,2026-01-04 12:08:36,9.7576,98.7471,159.4815,7203.746,0.0001501,6084.831657953439,2026-09-24 22:29:17.718515,49008
2607,2026-01-04 15:31:33,9.8967,98.7471,159.4439,7203.748,0.00015029,6084.834191981739,2026-09-24 22:29:17.718515,49008
2608,2026-01-04 20:35:58,10.1056,98.7471,159.1627,7203.747,0.0001541,6084.832924967546,2026-09-24 22:29:17.718515,49008
2609,2026-01-04 23:58:55,10.2448,98.7472,159.642,7203.747,0.00015407,6084.832924967546,2026-09-24 22:29:17.718515,49008
2610,2026-01-05 03:21:52,10.3841,98.7472,158.6428,7203.745,0.0001557,6084.83039093942,2026-09-24 22:29:17.718515,49008
2611,2026-01-05 06:44:49,10.5234,98.7472,158.4425,7203.743,0.00015465,6084.827856911646,2026-09-24 22:29:17.718515,49008
2612,2026-01-05 13:30:43,10.8019,98.7472,158.0357,7203.742,0.0001562,6084.826589897892,2026-09-24 22:29:17.718515,49008
2613,2026-01-05 15:12:11,10.8714,98.7472,158.0856,7203.744,0.00015697,6084.8291239254895,2026-09-24 22:29:17.718515,49008
2614,2026-01-06 04:43:59,11.4286,98.7474,156.4973,7203.741,0.0001609,6084.825322884224,2026-09-24 22:29:17.718515,49008
2615,2026-01-06 06:25:27,11.4982,98.7475,156.1158,7203.74,0.00016028,6084.824055870645,2026-09-24 22:29:17.718515,49008
2616,2026-01-06 13:11:21,11.7767,98.7476,155.297,7203.74,0.0001613,6084.824055870645,2026-09-24 22:29:17.718515,49008
2617,2026-01-06 14:52:49,11.8462,98.7476,155.4413,7203.743,0.00016209,6084.827856911646,2026-09-24 22:29:17.718515,49008
2618,2026-01-07 04:24:37,12.4035,98.7478,153.4172,7203.742,0.0001661,6084.826589897892,2026-09-24 22:29:17.718515,49008
2619,2026-01-07 07:47:33,12.5428,98.7479,152.9168,7203.741,0.0001654,6084.825322884224,2026-09-24 22:29:17.718515,49008
2620,2026-01-07 12:51:59,12.7516,98.7479,151.8271,7203.743,0.0001646,6084.827856911646,2026-09-24 22:29:17.718515,49008
2621,2026-01-07 21:19:21,13.0996,98.7481,151.5348,7203.748,0.0001694,6084.834191981739,2026-09-24 22:29:17.718515,49008
2622,2026-01-07 23:00:49,13.1693,98.7481,152.0823,7203.747,0.00016969,6084.832924967546,2026-09-24 22:29:17.718515,49008
2623,2026-01-08 05:46:43,13.4481,98.7481,150.4738,7203.745,0.0001703,6084.83039093942,2026-09-24 22:29:17.718515,49008
2624,2026-01-08 07:28:11,13.5177,98.7482,150.1462,7203.744,0.00017029,6084.8291239254895,2026-09-24 22:29:17.718515,49008
2625,2026-01-08 12:32:37,13.7266,98.7483,149.331,7203.745,0.0001697,6084.83039093942,2026-09-24 22:29:17.718515,49008
2626,2026-01-08 14:14:05,13.7961,98.7483,149.3118,7203.747,0.00016924,6084.832924967546,2026-09-24 22:29:17.718515,49008
2627,2026-01-09 00:22:56,14.2141,98.7484,149.2842,7203.748,0.0001751,6084.834191981739,2026-09-24 22:29:17.718515,49008
2628,2026-01-09 03:45:53,14.3535,98.7484,148.4053,7203.746,0.0001754,6084.831657953439,2026-09-24 22:29:17.718515,49008
2629,2026-01-09 07:08:50,14.4929,98.7484,148.23,7203.745,0.0001744,6084.83039093942,2026-09-24 22:29:17.718515,49008
2630,2026-01-09 13:54:43,14.7713,98.7485,147.4468,7203.746,0.00017465,6084.831657953439,2026-09-24 22:29:17.718515,49008
2631,2026-01-09 20:40:37,15.0498,98.7486,147.3871,7203.747,0.0001782,6084.832924967546,2026-09-24 22:29:17.718515,49008
2632,2026-01-10 00:03:34,15.1892,98.7487,147.8079,7203.747,0.00017874,6084.832924967546,2026-09-24 22:29:17.718515,49008
2633,2026-01-10 23:44:12,16.1644,98.749,146.3673,7203.742,0.0001865,6084.826589897892,2026-09-24 22:29:17.718515,49008
2634,2026-01-11 06:30:05,16.4432,98.749,145.0812,7203.738,0.00018563,6084.821521843752,2026-09-24 22:29:17.718515,49008
2635,2026-01-11 14:57:28,16.7912,98.7491,144.7254,7203.741,0.00018718,6084.825322884224,2026-09-24 22:29:17.718515,49008
2636,2026-01-11 23:24:50,17.1395,98.7491,144.4283,7203.741,0.00019166,6084.825322884224,2026-09-24 22:29:17.718515,49008
2637,2026-01-12 06:10:43,17.4183,98.7491,142.8235,7203.739,0.00019135,6084.822788857153,2026-09-24 22:29:17.718515,49008
2638,2026-01-12 21:23:59,18.0449,98.7492,141.1957,7203.744,0.0001954,6084.8291239254895,2026-09-24 22:29:17.718515,49008
2639,2026-01-12 23:05:28,18.1146,98.7492,141.5005,7203.744,0.0001952,6084.8291239254895,2026-09-24 22:29:17.718515,49008
2640,2026-01-13 05:51:21,18.3933,98.7491,140.1477,7203.742,0.0001952,6084.826589897892,2026-09-24 22:29:17.718515,49008
2641,2026-01-13 07:32:50,18.463,98.7491,139.8565,7203.742,0.00019501,6084.826589897892,2026-09-24 22:29:17.718515,49008
2642,2026-01-13 12:37:15,18.6718,98.7491,139.2519,7203.743,0.0001957,6084.827856911646,2026-09-24 22:29:17.718515,49008
2643,2026-01-13 14:18:44,18.7414,98.7491,139.1941,7203.745,0.00019538,6084.83039093942,2026-09-24 22:29:17.718515,49008
2644,2026-01-14 00:27:34,19.1593,98.749,138.9696,7203.746,0.00019965,6084.831657953439,2026-09-24 22:29:17.718515,49008
2645,2026-01-14 07:13:28,19.438,98.7489,137.7844,7203.743,0.00019898,6084.827856911646,2026-09-24 22:29:17.718515,49008
2646,2026-01-14 13:59:22,19.7165,98.7488,137.1107,7203.744,0.00020003,6084.8291239254895,2026-09-24 22:29:17.718515,49008
2647,2026-01-15 00:08:12,20.1343,98.7488,137.4969,7203.745,0.0002047,6084.83039093942,2026-09-24 22:29:17.718515,49008
2648,2026-01-15 03:31:09,20.2737,98.7488,136.8981,7203.742,0.0002068,6084.826589897892,2026-09-24 22:29:17.718515,49008
2649,2026-01-15 11:58:31,20.6219,98.7486,135.8566,7203.74,0.0002049,6084.824055870645,2026-09-24 22:29:17.718515,49008
2650,2026-01-15 13:40:00,20.6914,98.7486,135.9625,7203.741,0.00020508,6084.825322884224,2026-09-24 22:29:17.718515,49008
2651,2026-01-15 20:25:53,20.9699,98.7486,135.9655,7203.742,0.0002094,6084.826589897892,2026-09-24 22:29:17.718515,49008
2652,2026-01-15 23:48:50,21.1092,98.7486,136.3389,7203.741,0.00021001,6084.825322884224,2026-09-24 22:29:17.718515,49008
2653,2026-01-16 06:34:44,21.388,98.7486,134.9721,7203.737,0.00020961,6084.820254830435,2026-09-24 22:29:17.718515,49008
2654,2026-01-16 13:20:38,21.6664,98.7485,134.5344,7203.738,0.00020946,6084.821521843752,2026-09-24 22:29:17.718515,49008
2655,2026-01-16 23:29:28,22.0841,98.7485,134.4223,7203.74,0.00021364,6084.824055870645,2026-09-24 22:29:17.718515,49008
2656,2026-01-17 06:15:22,22.3628,98.7484,132.6872,7203.737,0.00021259,6084.820254830435,2026-09-24 22:29:17.718515,49008
2657,2026-01-17 14:42:44,22.7108,98.7484,132.186,7203.738,0.00021309,6084.821521843752,2026-09-24 22:29:17.718515,49008
2658,2026-01-17 23:10:06,23.0589,98.7483,131.9722,7203.741,0.00021717,6084.825322884224,2026-09-24 22:29:17.718515,49008
2659,2026-01-18 14:23:22,23.6856,98.7482,129.4313,7203.741,0.00021725,6084.825322884224,2026-09-24 22:29:17.718515,49008
2660,2026-01-18 22:50:44,24.0337,98.7482,129.7386,7203.743,0.00022108,6084.827856911646,2026-09-24 22:29:17.718515,49008
2661,2026-01-19 05:36:38,24.3123,98.7482,128.5385,7203.741,0.00022107,6084.825322884224,2026-09-24 22:29:17.718515,49008
2662,2026-01-19 14:04:00,24.6604,98.7481,127.7537,7203.742,0.00022153,6084.826589897892,2026-09-24 22:29:17.718515,49008
2663,2026-01-20 00:12:50,25.0782,98.7482,128.5071,7203.744,0.00022521,6084.8291239254895,2026-09-24 22:29:17.718515,49008
2664,2026-01-20 06:58:44,25.3569,98.7481,127.4136,7203.739,0.00022596,6084.822788857153,2026-09-24 22:29:17.718515,49008
2665,2026-01-20 23:53:28,26.0531,98.7483,127.4634,7203.738,0.00022929,6084.821521843752,2026-09-24 22:29:17.718515,49008
2666,2026-01-21 13:25:16,26.6103,98.7483,125.5068,7203.734,0.0002287,6084.816453791017,2026-09-24 22:29:17.718515,49008
2667,2026-01-22 06:20:00,27.3069,98.7486,124.4642,7203.731,0.00023329,6084.81265275239,2026-09-24 22:29:17.718515,49008
2668,2026-01-22 11:24:25,27.5157,98.7486,123.7692,7203.731,0.0002334,6084.81265275239,2026-09-24 22:29:17.718515,49008
2669,2026-01-22 23:14:44,28.0032,98.7488,122.8887,7203.735,0.00023595,6084.817720804069,2026-09-24 22:29:17.718515,49008
2670,2026-01-23 14:28:00,28.63,98.749,120.0933,7203.736,0.00023586,6084.818987817208,2026-09-24 22:29:17.718515,49008
2671,2026-01-23 22:55:22,28.9782,98.7492,120.1479,7203.739,0.00023941,6084.822788857153,2026-09-24 22:29:17.718515,49008
2672,2026-01-24 05:41:16,29.257,98.7493,119.1229,7203.738,0.0002404,6084.821521843752,2026-09-24 22:29:17.718515,49008
2673,2026-01-24 07:22:44,29.3267,98.7493,119.0318,7203.737,0.00024024,6084.820254830435,2026-09-24 22:29:17.718515,49008
2674,2026-01-24 12:27:09,29.5356,98.7494,118.1139,7203.737,0.0002407,6084.820254830435,2026-09-24 22:29:17.718515,49008
2675,2026-01-25 00:17:28,30.0232,98.7496,118.7095,7203.74,0.000244,6084.824055870645,2026-09-24 22:29:17.718515,49008
2676,2026-01-25 05:21:53,30.2323,98.7496,117.8821,7203.737,0.0002444,6084.820254830435,2026-09-24 22:29:17.718515,49008
2677,2026-01-25 07:03:22,30.302,98.7497,117.8865,7203.736,0.00024446,6084.818987817208,2026-09-24 22:29:17.718515,49008
2678,2026-01-25 12:07:47,30.511,98.7497,117.2537,7203.735,0.000244,6084.817720804069,2026-09-24 22:29:17.718515,49008
2679,2026-01-25 13:49:16,30.5806,98.7497,117.2123,7203.736,0.00024375,6084.818987817208,2026-09-24 22:29:17.718515,49008
2680,2026-01-25 20:35:09,30.8591,98.7498,117.3618,7203.737,0.0002468,6084.820254830435,2026-09-24 22:29:17.718515,49008
2681,2026-01-25 23:58:06,30.9985,98.7499,117.4834,7203.736,0.00024549,6084.818987817208,2026-09-24 22:29:17.718515,49008
2682,2026-01-26 06:44:00,31.2774,98.75,116.6865,7203.732,0.00024643,6084.813919765178,2026-09-24 22:29:17.718515,49008
2683,2026-01-26 11:48:25,31.4864,98.7499,116.1468,7203.731,0.0002458,6084.81265275239,2026-09-24 22:29:17.718515,49008
2684,2026-01-26 15:11:22,31.6256,98.7499,115.9283,7203.733,0.0002463,6084.815186778054,2026-09-24 22:29:17.718515,49008
2685,2026-01-26 20:15:47,31.8345,98.7501,116.3456,7203.732,0.0002501,6084.813919765178,2026-09-24 22:29:17.718515,49008
2686,2026-01-27 06:24:37,32.2527,98.7501,115.2882,7203.729,0.00024996,6084.810118727079,2026-09-24 22:29:17.718515,49008
2687,2026-01-27 11:29:03,32.4617,98.7501,115.0368,7203.728,0.0002496,6084.808851714555,2026-09-24 22:29:17.718515,49008
2688,2026-01-27 14:52:00,32.6009,98.75,114.4803,7203.73,0.00025019,6084.81138573969,2026-09-24 22:29:17.718515,49008
2689,2026-01-27 19:56:25,32.8098,98.7501,114.2687,7203.731,0.0002509,6084.81265275239,2026-09-24 22:29:17.718515,49008
2690,2026-01-27 23:19:22,32.9491,98.7501,114.6782,7203.73,0.00025376,6084.81138573969,2026-09-24 22:29:17.718515,49008
2691,2026-01-28 22:59:59,33.9242,98.75,112.2873,7203.732,0.0002547,6084.813919765178,2026-09-24 22:29:17.718515,49008
2692,2026-01-29 12:31:47,34.4814,98.7499,110.8023,7203.732,0.0002557,6084.813919765178,2026-09-24 22:29:17.718515,49008
2693,2026-01-30 03:45:03,35.1082,98.7496,110.3408,7203.735,0.0002567,6084.817720804069,2026-09-24 22:29:17.718515,49008
2694,2026-01-30 05:26:31,35.1779,98.7497,110.0328,7203.735,0.00025674,6084.817720804069,2026-09-24 22:29:17.718515,49008
2695,2026-01-30 12:12:25,35.4564,98.7496,109.3527,7203.731,0.0002573,6084.81265275239,2026-09-24 22:29:17.718515,49008
2696,2026-01-31 00:02:43,35.9439,98.7495,109.8744,7203.731,0.00025796,6084.81265275239,2026-09-24 22:29:17.718515,49008
2697,2026-01-31 03:25:40,36.0832,98.7493,109.4697,7203.732,0.000257,6084.813919765178,2026-09-24 22:29:17.718515,49008
2698,2026-01-31 06:48:37,36.2227,98.7494,108.895,7203.731,0.00025724,6084.81265275239,2026-09-24 22:29:17.718515,49008
2699,2026-01-31 11:53:02,36.4316,98.7493,108.4888,7203.727,0.0002585,6084.807584702118,2026-09-24 22:29:17.718515,49008
2700,2026-01-31 22:01:53,36.8493,98.7492,108.2406,7203.729,0.0002591,6084.810118727079,2026-09-24 22:29:17.718515,49008
2701,2026-01-31 23:43:21,36.919,98.7492,108.2163,7203.728,0.00025881,6084.808851714555,2026-09-24 22:29:17.718515,49008
2702,2026-02-01 06:29:15,37.1977,98.7491,106.7379,7203.725,0.00025878,6084.805050677512,2026-09-24 22:29:17.718515,49008
2703,2026-02-01 13:15:08,37.4762,98.749,106.055,7203.725,0.0002589,6084.805050677512,2026-09-24 22:29:17.718515,49008
2704,2026-02-01 23:23:59,37.894,98.749,105.7883,7203.729,0.00025974,6084.810118727079,2026-09-24 22:29:17.718515,49008
2705,2026-02-02 07:51:21,38.2423,98.7489,104.21,7203.725,0.00026064,6084.805050677512,2026-09-24 22:29:17.718515,49008
2706,2026-02-02 11:14:18,38.3815,98.7489,103.65,7203.725,0.0002615,6084.805050677512,2026-09-24 22:29:17.718515,49008
2707,2026-02-02 14:37:15,38.5207,98.7489,103.2322,7203.729,0.00026048,6084.810118727079,2026-09-24 22:29:17.718515,49008
2708,2026-02-03 04:09:02,39.078,98.7489,101.9881,7203.729,0.0002617,6084.810118727079,2026-09-24 22:29:17.718515,49008
2709,2026-02-03 07:31:59,39.2173,98.7489,101.4435,7203.728,0.00026165,6084.808851714555,2026-09-24 22:29:17.718515,49008
2710,2026-02-03 12:36:24,39.4262,98.7489,100.6138,7203.729,0.0002629,6084.810118727079,2026-09-24 22:29:17.718515,49008
2711,2026-02-03 14:17:52,39.4957,98.7489,100.4495,7203.731,0.00026191,6084.81265275239,2026-09-24 22:29:17.718515,49008
2712,2026-02-04 03:49:40,40.053,98.749,99.9498,7203.731,0.0002636,6084.81265275239,2026-09-24 22:29:17.718515,49008
2713,2026-02-04 07:12:36,40.1924,98.749,99.4886,7203.73,0.00026306,6084.81138573969,2026-09-24 22:29:17.718515,49008
2714,2026-02-04 12:17:02,40.4013,98.749,98.5851,7203.73,0.0002641,6084.81138573969,2026-09-24 22:29:17.718515,49008
2715,2026-02-04 20:44:24,40.7495,98.7492,98.7398,7203.732,0.0002639,6084.813919765178,2026-09-24 22:29:17.718515,49008
2716,2026-02-05 03:30:17,41.0283,98.7493,98.267,7203.729,0.0002638,6084.810118727079,2026-09-24 22:29:17.718515,49008
2717,2026-02-05 06:53:14,41.1677,98.7493,97.9779,7203.727,0.00026335,6084.807584702118,2026-09-24 22:29:17.718515,49008
2718,2026-02-05 11:57:39,41.3766,98.7493,97.5063,7203.726,0.0002633,6084.80631768977,2026-09-24 22:29:17.718515,49008
2719,2026-02-05 17:02:05,41.5855,98.7494,97.8931,7203.728,0.00026324,6084.808851714555,2026-09-24 22:29:17.718515,49008
2720,2026-02-05 20:25:01,41.7247,98.7496,97.8992,7203.728,0.0002637,6084.808851714555,2026-09-24 22:29:17.718515,49008
2721,2026-02-05 23:47:58,41.8641,98.7496,98.1168,7203.727,0.00026235,6084.807584702118,2026-09-24 22:29:17.718515,49008
2722,2026-02-06 04:52:23,42.0733,98.7496,96.9699,7203.724,0.0002645,6084.803783665339,2026-09-24 22:29:17.718515,49008
2723,2026-02-06 06:33:52,42.1429,98.7497,96.7937,7203.723,0.00026391,6084.802516653254,2026-09-24 22:29:17.718515,49008
2724,2026-02-06 13:19:45,42.4215,98.7498,96.2973,7203.724,0.0002635,6084.803783665339,2026-09-24 22:29:17.718515,49008
2725,2026-02-06 15:01:14,42.491,98.7499,96.2819,7203.724,0.00026276,6084.803783665339,2026-09-24 22:29:17.718515,49008
2726,2026-02-06 21:47:08,42.7697,98.75,96.1733,7203.726,0.0002631,6084.80631768977,2026-09-24 22:29:17.718515,49008
2727,2026-02-06 23:28:36,42.8394,98.75,96.0873,7203.725,0.00026289,6084.805050677512,2026-09-24 22:29:17.718515,49008
2728,2026-02-07 04:33:01,43.0486,98.7501,94.8764,7203.724,0.000265,6084.803783665339,2026-09-24 22:29:17.718515,49008
2729,2026-02-07 06:14:30,43.1184,98.7501,94.5297,7203.723,0.00026432,6084.802516653254,2026-09-24 22:29:17.718515,49008
2730,2026-02-07 13:00:23,43.3969,98.7502,93.5413,7203.724,0.0002646,6084.803783665339,2026-09-24 22:29:17.718515,49008
2731,2026-02-07 14:41:52,43.4665,98.7502,93.9192,7203.726,0.0002642,6084.80631768977,2026-09-24 22:29:17.718515,49008
2732,2026-02-07 21:27:45,43.7451,98.7503,93.5113,7203.729,0.0002657,6084.810118727079,2026-09-24 22:29:17.718515,49008
2733,2026-02-07 23:09:14,43.8148,98.7504,93.3857,7203.728,0.0002642,6084.808851714555,2026-09-24 22:29:17.718515,49008
2734,2026-02-08 04:13:39,44.0241,98.7504,92.7335,7203.726,0.0002669,6084.80631768977,2026-09-24 22:29:17.718515,49008
2735,2026-02-08 07:36:36,44.1633,98.7504,92.3353,7203.725,0.00026656,6084.805050677512,2026-09-24 22:29:17.718515,49008
2736,2026-02-08 12:41:01,44.3722,98.7505,91.4989,7203.727,0.0002678,6084.807584702118,2026-09-24 22:29:17.718515,49008
2737,2026-02-08 14:22:29,44.4418,98.7505,91.3573,7203.729,0.00026697,6084.810118727079,2026-09-24 22:29:17.718515,49008
2738,2026-02-08 21:08:23,44.7205,98.7506,91.4623,7203.731,0.0002679,6084.81265275239,2026-09-24 22:29:17.718515,49008
2739,2026-02-08 22:49:51,44.7901,98.7506,91.3639,7203.731,0.00026676,6084.81265275239,2026-09-24 22:29:17.718515,49008
2740,2026-02-09 07:17:13,45.1388,98.7506,90.3529,7203.727,0.00026824,6084.807584702118,2026-09-24 22:29:17.718515,49008
2741,2026-02-09 12:21:39,45.3478,98.7506,89.7877,7203.728,0.0002693,6084.808851714555,2026-09-24 22:29:17.718515,49008
2742,2026-02-09 14:03:07,45.4173,98.7506,89.6963,7203.729,0.00026858,6084.810118727079,2026-09-24 22:29:17.718515,49008
2743,2026-02-09 20:49:01,45.6959,98.7507,89.7587,7203.73,0.0002692,6084.81138573969,2026-09-24 22:29:17.718515,49008
2744,2026-02-09 22:30:29,45.7656,98.7507,89.8484,7203.728,0.00026717,6084.808851714555,2026-09-24 22:29:17.718515,49008
2745,2026-02-10 03:34:54,45.975,98.7507,89.5133,7203.727,0.0002685,6084.807584702118,2026-09-24 22:29:17.718515,49008
2746,2026-02-10 05:16:23,46.0446,98.7507,88.9526,7203.726,0.00026847,6084.80631768977,2026-09-24 22:29:17.718515,49008
2747,2026-02-10 12:02:16,46.3232,98.7507,88.7719,7203.724,0.000269,6084.803783665339,2026-09-24 22:29:17.718515,49008
2748,2026-02-10 13:43:45,46.3928,98.7507,88.4106,7203.726,0.00026833,6084.80631768977,2026-09-24 22:29:17.718515,49008
2749,2026-02-10 23:52:35,46.8107,98.7508,88.3813,7203.726,0.00026675,6084.80631768977,2026-09-24 22:29:17.718515,49008
2750,2026-02-11 06:38:29,47.0896,98.7507,87.3899,7203.722,0.00026789,6084.801249641258,2026-09-24 22:29:17.718515,49008
2751,2026-02-11 15:05:51,47.4377,98.7508,87.4883,7203.722,0.00026791,6084.801249641258,2026-09-24 22:29:17.718515,49008
2752,2026-02-11 23:33:13,47.7861,98.7508,87.4123,7203.723,0.00026771,6084.802516653254,2026-09-24 22:29:17.718515,49008
2753,2026-02-12 04:37:38,47.9953,98.7508,86.4513,7203.72,0.0002703,6084.79871561753,2026-09-24 22:29:17.718515,49008
2754,2026-02-12 06:19:06,48.065,98.7507,86.2635,7203.72,0.00026988,6084.79871561753,2026-09-24 22:29:17.718515,49008
2755,2026-02-12 13:05:00,48.3434,98.7507,85.6299,7203.72,0.0002704,6084.79871561753,2026-09-24 22:29:17.718515,49008
2756,2026-02-12 14:46:28,48.413,98.7507,85.6646,7203.721,0.00026994,6084.79998262935,2026-09-24 22:29:17.718515,49008
2757,2026-02-12 21:32:22,48.6916,98.7507,85.5149,7203.724,0.0002715,6084.803783665339,2026-09-24 22:29:17.718515,49008
2758,2026-02-12 23:13:50,48.7614,98.7507,85.7728,7203.724,0.00027074,6084.803783665339,2026-09-24 22:29:17.718515,49008
2759,2026-02-13 04:18:16,48.9707,98.7506,85.05,7203.723,0.0002729,6084.802516653254,2026-09-24 22:29:17.718515,49008
2760,2026-02-13 05:59:44,49.0403,98.7506,84.6976,7203.722,0.0002731,6084.801249641258,2026-09-24 22:29:17.718515,49008
2761,2026-02-13 12:45:38,49.3188,98.7505,83.843,7203.723,0.0002737,6084.802516653254,2026-09-24 22:29:17.718515,49008
2762,2026-02-13 22:54:28,49.7365,98.7506,83.5959,7203.728,0.00027176,6084.808851714555,2026-09-24 22:29:17.718515,49008
2763,2026-02-14 07:21:50,50.085,98.7504,82.4706,7203.725,0.00027335,6084.805050677512,2026-09-24 22:29:17.718515,49008
2764,2026-02-14 12:26:15,50.294,98.7503,81.9414,7203.726,0.0002746,6084.80631768977,2026-09-24 22:29:17.718515,49008
2765,2026-02-14 20:53:37,50.642,98.7502,81.7659,7203.728,0.0002735,6084.808851714555,2026-09-24 22:29:17.718515,49008
2766,2026-02-15 03:39:31,50.9209,98.7502,81.6637,7203.725,0.0002714,6084.805050677512,2026-09-24 22:29:17.718515,49008
2767,2026-02-15 07:02:28,51.0602,98.7501,81.0946,7203.723,0.00027265,6084.802516653254,2026-09-24 22:29:17.718515,49008
2768,2026-02-15 12:06:53,51.2691,98.7501,80.4973,7203.723,0.0002711,6084.802516653254,2026-09-24 22:29:17.718515,49008
2769,2026-02-15 13:48:21,51.3386,98.7501,80.5007,7203.724,0.00027041,6084.803783665339,2026-09-24 22:29:17.718515,49008
2770,2026-02-15 20:34:15,51.6172,98.75,80.5604,7203.725,0.0002708,6084.805050677512,2026-09-24 22:29:17.718515,49008
2771,2026-02-15 22:15:43,51.6867,98.7501,80.1535,7203.724,0.0002687,6084.803783665339,2026-09-24 22:29:17.718515,49008
2772,2026-02-16 03:20:08,51.8959,98.75,79.4926,7203.721,0.0002698,6084.79998262935,2026-09-24 22:29:17.718515,49008
2773,2026-02-16 05:01:37,51.9656,98.75,79.3754,7203.72,0.00026944,6084.79871561753,2026-09-24 22:29:17.718515,49008
2774,2026-02-16 13:28:59,52.3137,98.7499,78.8323,7203.719,0.0002698,6084.797448605797,2026-09-24 22:29:17.718515,49008
2775,2026-02-16 15:10:27,52.3833,98.7499,79.0593,7203.72,0.00026818,6084.79871561753,2026-09-24 22:29:17.718515,49008
2776,2026-02-16 20:14:52,52.5922,98.7499,78.8738,7203.721,0.0002677,6084.79998262935,2026-09-24 22:29:17.718515,49008
2777,2026-02-17 04:42:14,52.9407,98.7499,77.8746,7203.718,0.0002693,6084.7961815941535,2026-09-24 22:29:17.718515,49008
2778,2026-02-17 06:23:43,53.0104,98.7499,77.5677,7203.717,0.00026911,6084.794914582596,2026-09-24 22:29:17.718515,49008
2779,2026-02-17 11:28:08,53.2193,98.7498,77.1979,7203.716,0.0002701,6084.7936475711285,2026-09-24 22:29:17.718515,49008
2780,2026-02-17 13:09:36,53.2888,98.7498,76.9839,7203.717,0.00026964,6084.794914582596,2026-09-24 22:29:17.718515,49008
2781,2026-02-17 19:55:30,53.5673,98.7499,77.3031,7203.721,0.0002683,6084.79998262935,2026-09-24 22:29:17.718515,49008
2782,2026-02-17 23:18:27,53.7066,98.7499,77.3067,7203.721,0.00026821,6084.79998262935,2026-09-24 22:29:17.718515,49008
2783,2026-02-18 04:22:52,53.9158,98.7499,76.7004,7203.719,0.0002701,6084.797448605797,2026-09-24 22:29:17.718515,49008
2784,2026-02-18 06:04:20,53.9855,98.7499,76.3304,7203.718,0.00026968,6084.7961815941535,2026-09-24 22:29:17.718515,49008
2785,2026-02-18 14:31:42,54.3336,98.7499,75.0025,7203.721,0.00027098,6084.79998262935,2026-09-24 22:29:17.718515,49008
2786,2026-02-18 21:17:36,54.6121,98.75,75.1529,7203.723,0.00027,6084.802516653254,2026-09-24 22:29:17.718515,49008
2787,2026-02-19 04:03:30,54.891,98.75,74.3487,7203.722,0.000271,6084.801249641258,2026-09-24 22:29:17.718515,49008
2788,2026-02-19 07:26:26,55.0304,98.75,74.0114,7203.721,0.00027048,6084.79998262935,2026-09-24 22:29:17.718515,49008
2789,2026-02-19 12:30:52,55.2394,98.75,73.6349,7203.722,0.0002714,6084.801249641258,2026-09-24 22:29:17.718515,49008
2790,2026-02-19 14:12:20,55.309,98.75,73.4006,7203.724,0.00027072,6084.803783665339,2026-09-24 22:29:17.718515,49008
2791,2026-02-19 22:39:42,55.6572,98.7501,73.2974,7203.724,0.00026861,6084.803783665339,2026-09-24 22:29:17.718515,49008
2792,2026-02-20 03:44:07,55.8665,98.7501,72.8615,7203.723,0.0002699,6084.802516653254,2026-09-24 22:29:17.718515,49008
2793,2026-02-20 07:07:04,56.0058,98.7501,72.5491,7203.721,0.00027016,6084.79998262935,2026-09-24 22:29:17.718515,49008
2794,2026-02-20 17:15:54,56.4237,98.7502,71.7983,7203.725,0.0002685,6084.805050677512,2026-09-24 22:29:17.718515,49008
2795,2026-02-20 20:38:51,56.563,98.7503,71.7941,7203.724,0.0002683,6084.803783665339,2026-09-24 22:29:17.718515,49008
2796,2026-02-20 22:20:20,56.6327,98.7503,71.5323,7203.723,0.00026562,6084.802516653254,2026-09-24 22:29:17.718515,49008
2797,2026-02-21 03:24:45,56.8419,98.7504,70.975,7203.721,0.0002662,6084.79998262935,2026-09-24 22:29:17.718515,49008
2798,2026-02-21 06:47:42,56.9813,98.7504,70.3576,7203.719,0.00026681,6084.797448605797,2026-09-24 22:29:17.718515,49008
2799,2026-02-21 11:52:07,57.1903,98.7504,70.1835,7203.717,0.0002657,6084.794914582596,2026-09-24 22:29:17.718515,49008
2800,2026-02-21 13:33:35,57.2599,98.7504,69.9975,7203.718,0.00026501,6084.7961815941535,2026-09-24 22:29:17.718515,49008
2801,2026-02-21 22:00:57,57.6081,98.7506,70.152,7203.719,0.0002638,6084.797448605797,2026-09-24 22:29:17.718515,49008
2802,2026-02-21 23:42:26,57.6778,98.7506,69.9849,7203.719,0.00026299,6084.797448605797,2026-09-24 22:29:17.718515,49008
2803,2026-02-22 03:05:22,57.8174,98.7507,69.5145,7203.719,0.0002637,6084.797448605797,2026-09-24 22:29:17.718515,49008
2804,2026-02-22 13:14:13,58.2355,98.7507,68.8969,7203.715,0.0002645,6084.7923805597475,2026-09-24 22:29:17.718515,49008
2805,2026-02-22 21:41:35,58.5836,98.751,68.6482,7203.718,0.0002644,6084.7961815941535,2026-09-24 22:29:17.718515,49008
2806,2026-02-22 23:23:03,58.6533,98.751,68.3478,7203.717,0.00026399,6084.794914582596,2026-09-24 22:29:17.718515,49008
2807,2026-02-23 04:27:28,58.8624,98.7509,68.0,7203.719,0.0002641,6084.797448605797,2026-09-24 22:29:17.718515,49008
2808,2026-02-23 06:08:57,58.9321,98.751,67.8552,7203.719,0.00026415,6084.797448605797,2026-09-24 22:29:17.718515,49008
2809,2026-02-23 11:13:22,59.1411,98.751,67.5,7203.717,0.0002645,6084.794914582596,2026-09-24 22:29:17.718515,49008
2810,2026-02-23 12:54:50,59.2109,98.7511,67.0187,7203.718,0.00026527,6084.7961815941535,2026-09-24 22:29:17.718515,49008
2811,2026-02-23 21:22:12,59.5593,98.7511,66.3194,7203.719,0.0002655,6084.797448605797,2026-09-24 22:29:17.718515,49008
2812,2026-02-24 07:31:03,59.9772,98.7512,65.4959,7203.721,0.00026501,6084.79998262935,2026-09-24 22:29:17.718515,49008
2813,2026-02-24 12:35:28,60.1864,98.7513,65.4549,7203.72,0.000266,6084.79871561753,2026-09-24 22:29:17.718515,49008
2814,2026-02-24 14:16:56,60.256,98.7513,64.8475,7203.721,0.0002649,6084.79998262935,2026-09-24 22:29:17.718515,49008
2815,2026-02-24 21:02:50,60.5347,98.7515,64.5623,7203.723,0.0002662,6084.802516653254,2026-09-24 22:29:17.718515,49008
2816,2026-02-24 22:44:18,60.6043,98.7515,64.8638,7203.722,0.00026387,6084.801249641258,2026-09-24 22:29:17.718515,49008
2817,2026-02-25 03:48:43,60.8135,98.7514,64.4584,7203.724,0.0002629,6084.803783665339,2026-09-24 22:29:17.718515,49008
2818,2026-02-25 07:11:40,60.9529,98.7515,64.1407,7203.723,0.00026338,6084.802516653254,2026-09-24 22:29:17.718515,49008
2819,2026-02-25 12:16:05,61.162,98.7515,63.3835,7203.72,0.0002643,6084.79871561753,2026-09-24 22:29:17.718515,49008
2820,2026-02-25 13:57:34,61.2317,98.7515,63.0123,7203.721,0.00026353,6084.79998262935,2026-09-24 22:29:17.718515,49008
2821,2026-02-25 20:43:27,61.5102,98.7516,63.0055,7203.722,0.0002617,6084.801249641258,2026-09-24 22:29:17.718515,49008
2822,2026-02-26 03:29:21,61.7892,98.7516,62.704,7203.72,0.0002588,6084.79871561753,2026-09-24 22:29:17.718515,49008
2823,2026-02-26 06:52:18,61.9286,98.7516,62.416,7203.718,0.00026047,6084.7961815941535,2026-09-24 22:29:17.718515,49008
2824,2026-02-26 13:38:11,62.2071,98.7515,61.7749,7203.718,0.00025897,6084.7961815941535,2026-09-24 22:29:17.718515,49008
2825,2026-02-26 18:42:37,62.4161,98.7516,61.7926,7203.719,0.000257,6084.797448605797,2026-09-24 22:29:17.718515,49008
2826,2026-02-26 20:24:05,62.4858,98.7516,61.878,7203.718,0.0002573,6084.7961815941535,2026-09-24 22:29:17.718515,49008
2827,2026-02-26 23:47:02,62.6252,98.7516,61.6473,7203.717,0.00025561,6084.794914582596,2026-09-24 22:29:17.718515,49008
2828,2026-02-27 04:51:27,62.8343,98.7515,61.1194,7203.714,0.0002573,6084.7911135484555,2026-09-24 22:29:17.718515,49008
2829,2026-02-27 06:32:55,62.904,98.7515,60.6335,7203.714,0.00025712,6084.7911135484555,2026-09-24 22:29:17.718515,49008
2830,2026-02-27 18:23:14,63.3915,98.7515,60.5848,7203.716,0.0002549,6084.7936475711285,2026-09-24 22:29:17.718515,49008
2831,2026-02-27 21:46:11,63.5307,98.7515,60.475,7203.717,0.000254,6084.794914582596,2026-09-24 22:29:17.718515,49008
2832,2026-02-27 23:27:39,63.6005,98.7515,60.2055,7203.716,0.00025346,6084.7936475711285,2026-09-24 22:29:17.718515,49008
2833,2026-02-28 04:32:04,63.8097,98.7514,59.7092,7203.714,0.0002557,6084.7911135484555,2026-09-24 22:29:17.718515,49008
2834,2026-02-28 06:13:33,63.8793,98.7514,59.3381,7203.713,0.0002558,6084.78984653725,2026-09-24 22:29:17.718515,49008
2835,2026-02-28 12:59:26,64.1578,98.7513,58.5899,7203.714,0.0002558,6084.7911135484555,2026-09-24 22:29:17.718515,49008
2836,2026-02-28 21:26:48,64.506,98.7512,58.1441,7203.719,0.0002539,6084.797448605797,2026-09-24 22:29:17.718515,49008
2837,2026-02-28 23:08:17,64.5758,98.7512,58.1432,7203.718,0.00025247,6084.7961815941535,2026-09-24 22:29:17.718515,49008
2838,2026-03-01 04:12:42,64.7849,98.7511,57.5066,7203.716,0.0002545,6084.7936475711285,2026-09-24 22:29:17.718515,49008
2839,2026-03-01 07:35:39,64.9243,98.7511,57.106,7203.716,0.00025478,6084.7936475711285,2026-09-24 22:29:17.718515,49008
2840,2026-03-01 12:40:04,65.1332,98.751,56.4291,7203.717,0.0002562,6084.794914582596,2026-09-24 22:29:17.718515,49008
2841,2026-03-01 21:07:26,65.4812,98.7509,56.2522,7203.72,0.0002542,6084.79871561753,2026-09-24 22:29:17.718515,49008
2842,2026-03-01 22:48:54,65.5509,98.7509,56.2956,7203.72,0.00025156,6084.79871561753,2026-09-24 22:29:17.718515,49008
2843,2026-03-02 05:34:48,65.8298,98.7508,55.4699,7203.717,0.0002537,6084.794914582596,2026-09-24 22:29:17.718515,49008
2844,2026-03-02 12:20:41,66.1084,98.7507,54.6578,7203.717,0.0002536,6084.794914582596,2026-09-24 22:29:17.718515,49008
2845,2026-03-02 14:02:10,66.178,98.7506,54.6176,7203.719,0.00025249,6084.797448605797,2026-09-24 22:29:17.718515,49008
2846,2026-03-02 20:48:03,66.4565,98.7506,54.5415,7203.72,0.0002497,6084.79871561753,2026-09-24 22:29:17.718515,49008
2847,2026-03-03 00:11:00,66.5959,98.7506,54.334,7203.719,0.00024652,6084.797448605797,2026-09-24 22:29:17.718515,49008
2848,2026-03-03 03:33:57,66.7354,98.7506,54.073,7203.717,0.000248,6084.794914582596,2026-09-24 22:29:17.718515,49008
2849,2026-03-03 12:01:19,67.0837,98.7505,52.725,7203.714,0.0002481,6084.7911135484555,2026-09-24 22:29:17.718515,49008
2850,2026-03-03 15:24:16,67.2229,98.7505,52.774,7203.716,0.00024571,6084.7936475711285,2026-09-24 22:29:17.718515,49008
2851,2026-03-03 20:28:41,67.4318,98.7505,53.1093,7203.716,0.0002433,6084.7936475711285,2026-09-24 22:29:17.718515,49008
2852,2026-03-03 23:51:38,67.5712,98.7506,52.647,7203.715,0.0002423,6084.7923805597475,2026-09-24 22:29:17.718515,49008
2853,2026-03-04 03:14:34,67.7107,98.7506,52.669,7203.713,0.0002438,6084.78984653725,2026-09-24 22:29:17.718515,49008
2854,2026-03-04 11:41:56,68.059,98.7505,51.5533,7203.71,0.0002442,6084.786045504164,2026-09-24 22:29:17.718515,49008
2855,2026-03-04 15:04:53,68.1982,98.7505,51.793,7203.7119999999995,0.00024114,6084.788579526133,2026-09-24 22:29:17.718515,49008
2856,2026-03-04 20:09:18,68.4071,98.7506,51.7996,7203.7119999999995,0.0002412,6084.788579526133,2026-09-24 22:29:17.718515,49008
2857,2026-03-05 04:36:40,68.7557,98.7507,50.7748,7203.71,0.0002432,6084.786045504164,2026-09-24 22:29:17.718515,49008
2858,2026-03-05 06:18:08,68.8254,98.7507,50.6393,7203.709,0.00024284,6084.78477849331,2026-09-24 22:29:17.718515,49008
2859,2026-03-05 14:45:30,69.1736,98.7507,49.6925,7203.713,0.00024186,6084.78984653725,2026-09-24 22:29:17.718515,49008
2860,2026-03-05 18:08:27,69.3129,98.7507,49.5813,7203.715,0.0002415,6084.7923805597475,2026-09-24 22:29:17.718515,49008
2861,2026-03-05 21:31:24,69.4522,98.7509,49.4905,7203.715,0.0002408,6084.7923805597475,2026-09-24 22:29:17.718515,49008
2862,2026-03-05 23:12:52,69.5219,98.7509,49.3583,7203.714,0.00023964,6084.7911135484555,2026-09-24 22:29:17.718515,49008
2863,2026-03-06 07:40:14,69.8706,98.7509,48.6101,7203.711,0.0002416,6084.787312515105,2026-09-24 22:29:17.718515,49008
2864,2026-03-06 14:26:08,70.1491,98.7509,47.6686,7203.716,0.00024261,6084.7936475711285,2026-09-24 22:29:17.718515,49008
2865,2026-03-06 21:12:01,70.4277,98.751,47.3765,7203.718,0.0002417,6084.7961815941535,2026-09-24 22:29:17.718515,49008
2866,2026-03-07 05:39:23,70.7765,98.7511,46.4657,7203.714,0.00024076,6084.7911135484555,2026-09-24 22:29:17.718515,49008
2867,2026-03-07 05:39:23,70.7765,98.7511,46.3682,7203.714,0.000241,6084.7911135484555,2026-09-24 22:29:17.718515,49008
2868,2026-03-07 12:25:17,71.0552,98.7511,45.795,7203.715,0.0002412,6084.7923805597475,2026-09-24 22:29:17.718515,49008
2869,2026-03-07 14:06:45,71.1248,98.7511,45.564,7203.717,0.00024008,6084.794914582596,2026-09-24 22:29:17.718515,49008
2870,2026-03-08 00:15:36,71.543,98.7513,45.2742,7203.717,0.0002333,6084.794914582596,2026-09-24 22:29:17.718515,49008
2871,2026-03-08 00:15:36,71.5429,98.7513,45.0787,7203.718,0.0002351,6084.7961815941535,2026-09-24 22:29:17.718515,49008
2872,2026-03-08 03:38:32,71.6825,98.7513,44.6822,7203.715,0.0002362,6084.7923805597475,2026-09-24 22:29:17.718515,49008
2873,2026-03-08 12:05:54,72.031,98.7513,43.5789,7203.713,0.0002355,6084.78984653725,2026-09-24 22:29:17.718515,49008
2874,2026-03-08 15:28:51,72.1703,98.7514,43.3148,7203.715,0.00023317,6084.7923805597475,2026-09-24 22:29:17.718515,49008
2875,2026-03-08 23:56:13,72.5186,98.7515,42.8542,7203.713,0.00022867,6084.78984653725,2026-09-24 22:29:17.718515,49008
2876,2026-03-09 13:28:00,73.0763,98.7517,41.9547,7203.708,0.000227,6084.783511482545,2026-09-24 22:29:17.718515,49008
2877,2026-03-09 15:09:29,73.1459,98.7517,41.8339,7203.71,0.00022639,6084.786045504164,2026-09-24 22:29:17.718515,49008
2878,2026-03-09 20:13:54,73.3549,98.7517,41.7687,7203.711,0.0002255,6084.787312515105,2026-09-24 22:29:17.718515,49008
2879,2026-03-09 23:36:50,73.4944,98.7518,41.3749,7203.71,0.00022297,6084.786045504164,2026-09-24 22:29:17.718515,49008
2880,2026-03-10 04:41:16,73.7036,98.7518,40.8889,7203.708,0.0002261,6084.783511482545,2026-09-24 22:29:17.718515,49008
2881,2026-03-10 06:22:44,73.7733,98.7519,40.6567,7203.707,0.00022559,6084.7822444718695,2026-09-24 22:29:17.718515,49008
2882,2026-03-10 13:08:38,74.052,98.7519,40.1501,7203.707,0.0002258,6084.7822444718695,2026-09-24 22:29:17.718515,49008
2883,2026-03-10 19:54:31,74.3305,98.752,40.1593,7203.711,0.0002218,6084.787312515105,2026-09-24 22:29:17.718515,49008
2884,2026-03-10 23:17:28,74.47,98.7521,39.9989,7203.711,0.00022024,6084.787312515105,2026-09-24 22:29:17.718515,49008
2885,2026-03-11 04:21:53,74.6794,98.7521,39.7932,7203.709,0.0002227,6084.78477849331,2026-09-24 22:29:17.718515,49008
2886,2026-03-11 07:44:50,74.8187,98.7521,39.3172,7203.708,0.00022172,6084.783511482545,2026-09-24 22:29:17.718515,49008
2887,2026-03-11 11:07:47,74.958,98.752,38.7479,7203.709,0.000223,6084.78477849331,2026-09-24 22:29:17.718515,49008
2888,2026-03-11 21:16:37,75.3758,98.7521,38.3348,7203.714,0.0002211,6084.7911135484555,2026-09-24 22:29:17.718515,49008
2889,2026-03-11 22:58:05,75.4456,98.7522,38.2791,7203.714,0.00021838,6084.7911135484555,2026-09-24 22:29:17.718515,49008
2890,2026-03-12 04:02:30,75.6548,98.7521,37.9419,7203.7119999999995,0.0002205,6084.788579526133,2026-09-24 22:29:17.718515,49008
2891,2026-03-12 07:25:27,75.7942,98.7521,37.6164,7203.711,0.00021915,6084.787312515105,2026-09-24 22:29:17.718515,49008
2892,2026-03-12 14:11:21,76.0728,98.7521,36.7782,7203.715,0.00021983,6084.7923805597475,2026-09-24 22:29:17.718515,49008
2893,2026-03-12 17:34:18,76.2121,98.7521,36.7689,7203.716,0.0002184,6084.7936475711285,2026-09-24 22:29:17.718515,49008
2894,2026-03-12 20:57:14,76.3514,98.7521,36.6465,7203.716,0.0002167,6084.7936475711285,2026-09-24 22:29:17.718515,49008
2895,2026-03-13 00:20:11,76.4909,98.7521,36.3157,7203.715,0.0002141,6084.7923805597475,2026-09-24 22:29:17.718515,49008
2896,2026-03-13 00:20:11,76.4909,98.7521,36.2498,7203.716,0.00021441,6084.7936475711285,2026-09-24 22:29:17.718515,49008
2897,2026-03-13 13:51:58,77.0484,98.752,34.9477,7203.7119999999995,0.00021385,6084.788579526133,2026-09-24 22:29:17.718515,49008
2898,2026-03-14 00:00:48,77.4664,98.752,34.1501,7203.711,0.00020652,6084.787312515105,2026-09-24 22:29:17.718515,49008
2899,2026-03-14 06:46:42,77.7452,98.7519,33.4432,7203.708,0.00020926,6084.783511482545,2026-09-24 22:29:17.718515,49008
2900,2026-03-14 13:32:36,78.0237,98.7519,32.6637,7203.708,0.00020718,6084.783511482545,2026-09-24 22:29:17.718515,49008
2901,2026-03-14 21:59:57,78.372,98.7519,32.511,7203.708,0.00020226,6084.783511482545,2026-09-24 22:29:17.718515,49008
2902,2026-03-15 06:27:19,78.7206,98.7519,32.1955,7203.705,0.00020309,6084.779710450778,2026-09-24 22:29:17.718515,49008
2903,2026-03-15 14:54:41,79.0687,98.7518,31.1003,7203.706,0.0002015,6084.78097746128,2026-09-24 22:29:17.718515,49008
2904,2026-03-15 23:22:03,79.4171,98.7518,30.3867,7203.708,0.00019954,6084.783511482545,2026-09-24 22:29:17.718515,49008
2905,2026-03-16 07:49:25,79.7656,98.7516,29.9731,7203.705,0.00020121,6084.779710450778,2026-09-24 22:29:17.718515,49008
2906,2026-03-16 21:21:12,80.3227,98.7515,28.7427,7203.71,0.0002001,6084.786045504164,2026-09-24 22:29:17.718515,49008
2907,2026-03-17 05:48:34,80.6713,98.7514,28.3301,7203.708,0.0001997,6084.783511482545,2026-09-24 22:29:17.718515,49008
2908,2026-03-17 07:30:02,80.741,98.7514,27.8941,7203.707,0.0001993,6084.7822444718695,2026-09-24 22:29:17.718515,49008
2909,2026-03-17 14:15:56,81.0195,98.7513,27.2148,7203.71,0.00020034,6084.786045504164,2026-09-24 22:29:17.718515,49008
2910,2026-03-17 21:01:50,81.2981,98.7512,27.5227,7203.713,0.0001958,6084.78984653725,2026-09-24 22:29:17.718515,49008
2911,2026-03-17 22:43:18,81.3677,98.7512,26.7594,7203.7119999999995,0.00019401,6084.788579526133,2026-09-24 22:29:17.718515,49008
2912,2026-03-18 07:10:40,81.7164,98.7511,26.1871,7203.709,0.00019417,6084.78477849331,2026-09-24 22:29:17.718515,49008
2913,2026-03-18 12:15:05,81.9254,98.751,25.7827,7203.709,0.0001942,6084.78477849331,2026-09-24 22:29:17.718515,49008
2914,2026-03-18 13:56:33,81.995,98.751,25.3522,7203.71,0.00019301,6084.786045504164,2026-09-24 22:29:17.718515,49008
2915,2026-03-18 22:23:55,82.3433,98.751,24.4196,7203.71,0.00018641,6084.786045504164,2026-09-24 22:29:17.718515,49008
2916,2026-03-18 22:23:55,82.3432,98.751,24.8746,7203.711,0.0001871,6084.787312515105,2026-09-24 22:29:17.718515,49008
2917,2026-03-19 06:51:17,82.6919,98.751,24.1787,7203.707,0.00018679,6084.7822444718695,2026-09-24 22:29:17.718515,49008
2918,2026-03-19 20:23:04,83.2491,98.7509,22.8407,7203.707,0.0001812,6084.7822444718695,2026-09-24 22:29:17.718515,49008
2919,2026-03-19 23:46:01,83.3885,98.751,22.3909,7203.706,0.00017911,6084.78097746128,2026-09-24 22:29:17.718515,49008
2920,2026-03-20 04:50:26,83.5977,98.751,22.3033,7203.704,0.0001804,6084.778443440365,2026-09-24 22:29:17.718515,49008
2921,2026-03-20 06:31:54,83.6674,98.751,21.9742,7203.7029999999995,0.00018066,6084.77717643004,2026-09-24 22:29:17.718515,49008
2922,2026-03-20 11:36:19,83.8764,98.7509,21.5015,7203.702,0.0001798,6084.775909419803,2026-09-24 22:29:17.718515,49008
2923,2026-03-20 13:17:48,83.946,98.751,21.2466,7203.7029999999995,0.00017967,6084.77717643004,2026-09-24 22:29:17.718515,49008
2924,2026-03-20 21:45:10,84.2943,98.7511,21.1601,7203.706,0.0001747,6084.78097746128,2026-09-24 22:29:17.718515,49008
2925,2026-03-20 23:26:38,84.3641,98.7511,20.7751,7203.706,0.00017405,6084.78097746128,2026-09-24 22:29:17.718515,49008
2926,2026-03-21 06:12:32,84.643,98.7511,20.4274,7203.704,0.00017641,6084.778443440365,2026-09-24 22:29:17.718515,49008
2927,2026-03-21 14:39:54,84.9912,98.7512,19.4953,7203.706,0.0001763,6084.78097746128,2026-09-24 22:29:17.718515,49008
2928,2026-03-21 23:07:16,85.3396,98.7513,19.5391,7203.709,0.00017043,6084.78477849331,2026-09-24 22:29:17.718515,49008
2929,2026-03-22 07:34:37,85.6883,98.7513,18.8569,7203.706,0.00017304,6084.78097746128,2026-09-24 22:29:17.718515,49008
2930,2026-03-22 22:47:53,86.3155,98.7515,17.7304,7203.71,0.00016575,6084.786045504164,2026-09-24 22:29:17.718515,49008
2931,2026-03-23 07:15:15,86.6643,98.7515,17.0726,7203.707,0.00016779,6084.7822444718695,2026-09-24 22:29:17.718515,49008
2932,2026-03-23 12:19:40,86.8733,98.7516,16.8994,7203.708,0.0001673,6084.783511482545,2026-09-24 22:29:17.718515,49008
2933,2026-03-23 22:28:30,87.2914,98.7518,15.2409,7203.709,0.00016089,6084.78477849331,2026-09-24 22:29:17.718515,49008
2934,2026-03-24 06:55:52,87.6401,98.7518,14.8469,7203.705,0.00015956,6084.779710450778,2026-09-24 22:29:17.718515,49008
2935,2026-03-24 12:00:17,87.8491,98.7518,14.2027,7203.705,0.0001596,6084.779710450778,2026-09-24 22:29:17.718515,49008
2936,2026-03-24 23:50:36,88.3369,98.7521,12.5554,7203.706,0.00015249,6084.78097746128,2026-09-24 22:29:17.718515,49008
2937,2026-03-25 15:03:51,88.9641,98.7522,10.9369,7203.7029999999995,0.00015107,6084.77717643004,2026-09-24 22:29:17.718515,49008
2938,2026-03-25 20:08:16,89.1732,98.7523,11.0091,7203.704,0.0001479,6084.778443440365,2026-09-24 22:29:17.718515,49008
2939,2026-03-25 23:31:13,89.3126,98.7524,10.377,7203.704,0.00014654,6084.778443440365,2026-09-24 22:29:17.718515,49008
2940,2026-03-26 04:35:38,89.5218,98.7524,10.3855,7203.702,0.0001487,6084.775909419803,2026-09-24 22:29:17.718515,49008
2941,2026-03-26 06:17:07,89.5916,98.7524,10.1673,7203.701,0.00014923,6084.774642409653,2026-09-24 22:29:17.718515,49008
2942,2026-03-26 11:21:32,89.8005,98.7523,9.7071,7203.701,0.0001499,6084.774642409653,2026-09-24 22:29:17.718515,49008
2943,2026-03-26 21:30:22,90.2184,98.7524,8.5944,7203.706,0.0001449,6084.78097746128,2026-09-24 22:29:17.718515,49008
2944,2026-03-26 21:30:22,90.2184,98.7524,8.6491,7203.707,0.0001459,6084.7822444718695,2026-09-24 22:29:17.718515,49008
2945,2026-03-26 23:11:50,90.2882,98.7524,8.0481,7203.705,0.00014405,6084.779710450778,2026-09-24 22:29:17.718515,49008
2946,2026-03-27 05:57:44,90.5671,98.7524,8.0057,7203.7029999999995,0.0001451,6084.77717643004,2026-09-24 22:29:17.718515,49008
2947,2026-03-27 07:39:12,90.6369,98.7524,7.8314,7203.7029999999995,0.00014553,6084.77717643004,2026-09-24 22:29:17.718515,49008
2948,2026-03-27 14:25:06,90.9154,98.7523,7.2351,7203.706,0.00014495,6084.78097746128,2026-09-24 22:29:17.718515,49008
2949,2026-03-27 17:48:03,91.0547,98.7523,7.1125,7203.708,0.0001428,6084.783511482545,2026-09-24 22:29:17.718515,49008
2950,2026-03-27 19:29:31,91.1244,98.7523,7.2138,7203.708,0.0001422,6084.783511482545,2026-09-24 22:29:17.718515,49008
2951,2026-03-27 22:52:28,91.2638,98.7523,6.4034,7203.708,0.00014096,6084.783511482545,2026-09-24 22:29:17.718515,49008
2952,2026-03-28 05:38:21,91.5427,98.7522,5.726,7203.706,0.0001416,6084.78097746128,2026-09-24 22:29:17.718515,49008
2953,2026-03-28 07:19:50,91.6124,98.7521,5.4677,7203.704,0.00014178,6084.778443440365,2026-09-24 22:29:17.718515,49008
2954,2026-03-28 12:24:15,91.8214,98.752,5.4752,7203.705,0.0001418,6084.779710450778,2026-09-24 22:29:17.718515,49008
2955,2026-03-28 14:05:43,91.8909,98.752,4.7962,7203.707,0.00014102,6084.7822444718695,2026-09-24 22:29:17.718515,49008
2956,2026-03-28 20:51:37,92.1696,98.752,4.2902,7203.708,0.000136,6084.783511482545,2026-09-24 22:29:17.718515,49008
2957,2026-03-28 22:33:05,92.2393,98.752,3.2848,7203.708,0.00013474,6084.783511482545,2026-09-24 22:29:17.718515,49008
2958,2026-03-29 03:37:30,92.4485,98.752,3.4737,7203.706,0.0001338,6084.78097746128,2026-09-24 22:29:17.718515,49008
2959,2026-03-30 04:59:36,93.4936,98.7517,359.397,7203.7,0.000128,6084.773375399592,2026-09-24 22:29:17.718515,49008
2960,2026-03-30 06:41:04,93.5634,98.7516,359.1136,7203.699,0.00012824,6084.772108389618,2026-09-24 22:29:17.718515,49008
2961,2026-03-30 11:45:29,93.7723,98.7515,358.4769,7203.698,0.000128,6084.770841379733,2026-09-24 22:29:17.718515,49008
2962,2026-03-30 13:26:58,93.8419,98.7515,357.9111,7203.699,0.00012696,6084.772108389618,2026-09-24 22:29:17.718515,49008
2963,2026-03-30 23:35:48,94.2598,98.7514,356.2928,7203.701,0.00012106,6084.774642409653,2026-09-24 22:29:17.718515,49008
2964,2026-03-31 04:40:13,94.4691,98.7514,356.8372,7203.7,0.000123,6084.773375399592,2026-09-24 22:29:17.718515,49008
2965,2026-03-31 06:21:41,94.5387,98.7514,356.6544,7203.698,0.00012202,6084.770841379733,2026-09-24 22:29:17.718515,49008
2966,2026-03-31 11:26:06,94.7477,98.7512,356.4342,7203.696,0.0001211,6084.768307360225,2026-09-24 22:29:17.718515,49008
2967,2026-03-31 13:07:35,94.8173,98.7512,356.0298,7203.697,0.00012058,6084.769574369935,2026-09-24 22:29:17.718515,49008
2968,2026-03-31 21:34:57,95.1656,98.7512,355.625,7203.7,0.0001155,6084.773375399592,2026-09-24 22:29:17.718515,49008
2969,2026-04-01 04:20:50,95.4445,98.7511,354.7668,7203.701,0.0001147,6084.774642409653,2026-09-24 22:29:17.718515,49008
2970,2026-04-01 04:20:50,95.4445,98.7511,355.2223,7203.701,0.000114,6084.774642409653,2026-09-24 22:29:17.718515,49008
2971,2026-04-01 12:48:12,95.7928,98.751,354.7899,7203.699,0.000114,6084.772108389618,2026-09-24 22:29:17.718515,49008
2972,2026-04-01 21:15:34,96.1411,98.751,354.2095,7203.705,0.0001129,6084.779710450778,2026-09-24 22:29:17.718515,49008
2973,2026-04-01 22:57:02,96.2108,98.7509,353.4778,7203.7029999999995,0.00011105,6084.77717643004,2026-09-24 22:29:17.718515,49008
2974,2026-04-02 05:42:56,96.4897,98.7509,353.6333,7203.7029999999995,0.0001107,6084.77717643004,2026-09-24 22:29:17.718515,49008
2975,2026-04-02 07:24:24,96.5594,98.7509,353.6819,7203.702,0.00011017,6084.775909419803,2026-09-24 22:29:17.718515,49008
2976,2026-04-02 14:10:18,96.838,98.7509,352.7103,7203.704,0.0001096,6084.778443440365,2026-09-24 22:29:17.718515,49008
2977,2026-04-02 20:56:11,97.1166,98.7508,351.9556,7203.707,0.0001056,6084.7822444718695,2026-09-24 22:29:17.718515,49008
2978,2026-04-03 00:19:08,97.256,98.7509,350.4283,7203.705,0.00010407,6084.779710450778,2026-09-24 22:29:17.718515,49008
2979,2026-04-03 07:05:01,97.535,98.7508,350.3069,7203.701,0.00010331,6084.774642409653,2026-09-24 22:29:17.718515,49008
2980,2026-04-03 12:09:26,97.744,98.7508,349.749,7203.7,0.0001046,6084.773375399592,2026-09-24 22:29:17.718515,49008
2981,2026-04-03 13:50:55,97.8137,98.7508,349.4995,7203.701,0.00010269,6084.774642409653,2026-09-24 22:29:17.718515,49008
2982,2026-04-03 20:36:48,98.0923,98.7509,347.7187,7203.701,9.77e-05,6084.774642409653,2026-09-24 22:29:17.718515,49008
2983,2026-04-03 23:59:45,98.2318,98.7509,345.9626,7203.701,9.688e-05,6084.774642409653,2026-09-24 22:29:17.718515,49008
2984,2026-04-04 06:45:39,98.5107,98.7509,345.7046,7203.697,9.79e-05,6084.769574369935,2026-09-24 22:29:17.718515,49008
2985,2026-04-04 15:13:00,98.8591,98.751,344.02,7203.698,9.342e-05,6084.770841379733,2026-09-24 22:29:17.718515,49008
2986,2026-04-04 20:17:26,99.068,98.751,343.3453,7203.699,9.27e-05,6084.772108389618,2026-09-24 22:29:17.718515,49008
2987,2026-04-04 23:40:22,99.2074,98.751,342.2182,7203.698,9.225e-05,6084.770841379733,2026-09-24 22:29:17.718515,49008
2988,2026-04-05 06:26:16,99.4865,98.7511,342.2304,7203.695,9.235e-05,6084.767040350604,2026-09-24 22:29:17.718515,49008
2989,2026-04-05 13:12:09,99.7651,98.7512,341.6706,7203.695,9.15e-05,6084.767040350604,2026-09-24 22:29:17.718515,49008
2990,2026-04-05 14:53:38,99.8348,98.7512,340.8444,7203.696,9.048e-05,6084.768307360225,2026-09-24 22:29:17.718515,49008
2991,2026-04-05 21:39:31,100.1134,98.7512,339.5528,7203.699,8.78e-05,6084.772108389618,2026-09-24 22:29:17.718515,49008
2992,2026-04-05 23:20:59,100.1832,98.7513,338.615,7203.698,8.806e-05,6084.770841379733,2026-09-24 22:29:17.718515,49008
2993,2026-04-06 06:06:53,100.4622,98.7513,339.4601,7203.696,8.714e-05,6084.768307360225,2026-09-24 22:29:17.718515,49008
2994,2026-04-06 23:01:37,101.159,98.7515,336.1951,7203.701,8.243e-05,6084.774642409653,2026-09-24 22:29:17.718515,49008
2995,2026-04-07 05:47:30,101.438,98.7515,336.3443,7203.699,8.289e-05,6084.772108389618,2026-09-24 22:29:17.718515,49008
2996,2026-04-07 05:47:30,101.438,98.7515,336.3538,7203.699,8.28e-05,6084.772108389618,2026-09-24 22:29:17.718515,49008
2997,2026-04-07 14:14:52,101.7863,98.7515,335.8919,7203.701,8.282e-05,6084.774642409653,2026-09-24 22:29:17.718515,49008
2998,2026-04-07 21:00:46,102.065,98.7516,333.5601,7203.704,7.77e-05,6084.778443440365,2026-09-24 22:29:17.718515,49008
2999,2026-04-07 22:42:14,102.1347,98.7517,331.6409,7203.7029999999995,7.771e-05,6084.77717643004,2026-09-24 22:29:17.718515,49008
3000,2026-04-08 03:46:39,102.3441,98.7517,332.3887,7203.701,7.6e-05,6084.774642409653,2026-09-24 22:29:17.718515,49008
3001,2026-04-08 07:09:36,102.4836,98.7517,331.3789,7203.699,7.738e-05,6084.772108389618,2026-09-24 22:29:17.718515,49008
3002,2026-04-08 13:55:29,102.7623,98.7517,329.9447,7203.701,7.559e-05,6084.774642409653,2026-09-24 22:29:17.718515,49008
3003,2026-04-09 00:04:19,103.1804,98.7519,324.8017,7203.701,7.075e-05,6084.774642409653,2026-09-24 22:29:17.718515,49008
3004,2026-04-09 03:27:16,103.32,98.7519,324.763,7203.698,6.86e-05,6084.770841379733,2026-09-24 22:29:17.718515,49008
3005,2026-04-09 06:50:13,103.4594,98.7519,324.4644,7203.696,6.896e-05,6084.768307360225,2026-09-24 22:29:17.718515,49008
3006,2026-04-09 13:36:06,103.7381,98.7519,322.5889,7203.697,6.822e-05,6084.769574369935,2026-09-24 22:29:17.718515,49008
3007,2026-04-09 20:22:00,104.0167,98.752,319.7857,7203.698,6.5e-05,6084.770841379733,2026-09-24 22:29:17.718515,49008
3008,2026-04-09 23:44:57,104.1562,98.752,317.6753,7203.698,6.372e-05,6084.770841379733,2026-09-24 22:29:17.718515,49008
3009,2026-04-10 04:49:22,104.3653,98.752,318.6511,7203.695,6.47e-05,6084.767040350604,2026-09-24 22:29:17.718515,49008
3010,2026-04-10 06:30:50,104.435,98.752,318.2512,7203.6939999999995,6.54e-05,6084.765773341069,2026-09-24 22:29:17.718515,49008
3011,2026-04-10 11:35:15,104.644,98.7519,317.5782,7203.692,6.43e-05,6084.763239322266,2026-09-24 22:29:17.718515,49008
3012,2026-04-11 04:29:59,105.3409,98.7521,313.5224,7203.695,5.9e-05,6084.767040350604,2026-09-24 22:29:17.718515,49008
3013,2026-04-11 06:11:27,105.4105,98.7521,313.9418,7203.6939999999995,6.017e-05,6084.765773341069,2026-09-24 22:29:17.718515,49008
3014,2026-04-11 11:15:52,105.6195,98.752,313.6334,7203.6939999999995,5.87e-05,6084.765773341069,2026-09-24 22:29:17.718515,49008
3015,2026-04-11 19:43:14,105.9677,98.752,310.3935,7203.698,5.59e-05,6084.770841379733,2026-09-24 22:29:17.718515,49008
3016,2026-04-11 23:06:11,106.1071,98.752,308.4473,7203.699,5.559e-05,6084.772108389618,2026-09-24 22:29:17.718515,49008
3017,2026-04-12 05:52:04,106.3861,98.7519,308.9186,7203.697,5.45e-05,6084.769574369935,2026-09-24 22:29:17.718515,49008
3018,2026-04-12 07:33:33,106.4558,98.7519,309.0278,7203.696,5.46e-05,6084.768307360225,2026-09-24 22:29:17.718515,49008
3019,2026-04-12 12:37:58,106.6647,98.7518,309.5418,7203.697,5.41e-05,6084.769574369935,2026-09-24 22:29:17.718515,49008
3020,2026-04-12 19:23:51,106.9433,98.7518,307.2424,7203.701,5.33e-05,6084.774642409653,2026-09-24 22:29:17.718515,49008
3021,2026-04-12 22:46:48,107.0826,98.7518,304.584,7203.702,5.289e-05,6084.775909419803,2026-09-24 22:29:17.718515,49008
3022,2026-04-13 03:51:13,107.2918,98.7517,304.68,7203.699,5.21e-05,6084.772108389618,2026-09-24 22:29:17.718515,49008
3023,2026-04-13 07:14:10,107.4312,98.7517,303.619,7203.698,5.264e-05,6084.770841379733,2026-09-24 22:29:17.718515,49008
3024,2026-04-14 00:08:54,108.1279,98.7515,293.5606,7203.699,5.019e-05,6084.772108389618,2026-09-24 22:29:17.718515,49008
3025,2026-04-14 05:13:19,108.337,98.7515,294.0545,7203.697,4.8e-05,6084.769574369935,2026-09-24 22:29:17.718515,49008
3026,2026-04-14 06:54:47,108.4067,98.7514,293.527,7203.696,4.847e-05,6084.768307360225,2026-09-24 22:29:17.718515,49008
3027,2026-04-14 11:59:12,108.6158,98.7513,293.9166,7203.6939999999995,4.9e-05,6084.765773341069,2026-09-24 22:29:17.718515,49008
3028,2026-04-14 13:40:40,108.6854,98.7512,291.4553,7203.696,4.869e-05,6084.768307360225,2026-09-24 22:29:17.718515,49008
3029,2026-04-14 20:26:34,108.964,98.7512,285.432,7203.696,4.76e-05,6084.768307360225,2026-09-24 22:29:17.718515,49008
3030,2026-04-14 23:49:31,109.1033,98.7512,282.4375,7203.696,4.85e-05,6084.768307360225,2026-09-24 22:29:17.718515,49008
3031,2026-04-15 04:53:56,109.3126,98.7511,283.9403,7203.693,4.72e-05,6084.764506331624,2026-09-24 22:29:17.718515,49008
3032,2026-04-15 06:35:24,109.3823,98.7511,284.0577,7203.692,4.709e-05,6084.763239322266,2026-09-24 22:29:17.718515,49008
3033,2026-04-15 13:21:18,109.6609,98.751,282.4403,7203.692,4.71e-05,6084.763239322266,2026-09-24 22:29:17.718515,49008
3034,2026-04-15 15:02:46,109.7305,98.751,282.1889,7203.692,4.694e-05,6084.763239322266,2026-09-24 22:29:17.718515,49008
3035,2026-04-15 20:07:11,109.9394,98.751,272.4053,7203.6939999999995,4.48e-05,6084.765773341069,2026-09-24 22:29:17.718515,49008
3036,2026-04-15 23:30:08,110.0788,98.751,272.1492,7203.6939999999995,4.564e-05,6084.765773341069,2026-09-24 22:29:17.718515,49008
3037,2026-04-16 06:16:01,110.3579,98.751,271.4333,7203.692,4.319e-05,6084.763239322266,2026-09-24 22:29:17.718515,49008
3038,2026-04-16 16:24:51,110.7756,98.7508,268.4233,7203.696,4.38e-05,6084.768307360225,2026-09-24 22:29:17.718515,49008
3039,2026-04-16 19:47:48,110.9149,98.7507,263.7819,7203.696,4.26e-05,6084.768307360225,2026-09-24 22:29:17.718515,49008
3040,2026-04-16 23:10:45,111.0544,98.7508,260.1874,7203.696,4.345e-05,6084.768307360225,2026-09-24 22:29:17.718515,49008
3041,2026-04-17 07:38:07,111.4029,98.7507,261.4457,7203.6939999999995,4.332e-05,6084.765773341069,2026-09-24 22:29:17.718515,49008
3042,2026-04-17 22:51:22,112.0298,98.7506,253.5148,7203.699,4.351e-05,6084.772108389618,2026-09-24 22:29:17.718515,49008
3043,2026-04-18 07:18:44,112.3786,98.7505,252.6699,7203.696,4.204e-05,6084.768307360225,2026-09-24 22:29:17.718515,49008
3044,2026-04-18 14:04:37,112.6572,98.7504,251.6967,7203.698,4.245e-05,6084.770841379733,2026-09-24 22:29:17.718515,49008
3045,2026-04-18 20:50:31,112.9359,98.7505,246.3213,7203.699,4.46e-05,6084.772108389618,2026-09-24 22:29:17.718515,49008
3046,2026-04-19 00:13:28,113.0754,98.7505,241.3643,7203.699,4.719e-05,6084.772108389618,2026-09-24 22:29:17.718515,49008
3047,2026-04-19 03:36:24,113.2148,98.7504,241.9312,7203.697,4.6e-05,6084.769574369935,2026-09-24 22:29:17.718515,49008
3048,2026-04-19 06:59:21,113.3542,98.7504,242.9086,7203.695,4.734e-05,6084.767040350604,2026-09-24 22:29:17.718515,49008
3049,2026-04-19 12:03:46,113.5634,98.7504,242.0157,7203.695,4.67e-05,6084.767040350604,2026-09-24 22:29:17.718515,49008
3050,2026-04-19 13:45:15,113.633,98.7504,241.0419,7203.696,4.763e-05,6084.768307360225,2026-09-24 22:29:17.718515,49008
3051,2026-04-19 20:31:08,113.9116,98.7505,234.6997,7203.696,5.04e-05,6084.768307360225,2026-09-24 22:29:17.718515,49008
3052,2026-04-19 23:54:05,114.0511,98.7505,234.1482,7203.696,5.205e-05,6084.768307360225,2026-09-24 22:29:17.718515,49008
3053,2026-04-20 03:17:01,114.1906,98.7506,233.8178,7203.693,5.1e-05,6084.764506331624,2026-09-24 22:29:17.718515,49008
3054,2026-04-20 06:39:58,114.33,98.7505,235.1355,7203.691,5.058e-05,6084.761972312995,2026-09-24 22:29:17.718515,49008
3055,2026-04-20 11:44:23,114.5392,98.7506,232.7914,7203.6900000000005,5.07e-05,6084.760705303814,2026-09-24 22:29:17.718515,49008
3056,2026-04-20 13:25:52,114.6087,98.7506,232.6141,7203.691,5.19e-05,6084.761972312995,2026-09-24 22:29:17.718515,49008
3057,2026-04-20 23:34:42,115.0268,98.7508,226.4433,7203.693,5.523e-05,6084.764506331624,2026-09-24 22:29:17.718515,49008
3058,2026-04-21 13:06:29,115.5846,98.7509,223.0496,7203.691,5.27e-05,6084.761972312995,2026-09-24 22:29:17.718515,49008
3059,2026-04-21 14:47:57,115.6542,98.7509,223.326,7203.693,5.288e-05,6084.764506331624,2026-09-24 22:29:17.718515,49008
3060,2026-04-21 19:52:22,115.8632,98.7509,218.8013,7203.695,5.59e-05,6084.767040350604,2026-09-24 22:29:17.718515,49008
3061,2026-04-21 23:15:19,116.0026,98.751,218.5651,7203.695,5.77e-05,6084.767040350604,2026-09-24 22:29:17.718515,49008
3062,2026-04-22 04:19:44,116.212,98.7511,215.7612,7203.6939999999995,5.63e-05,6084.765773341069,2026-09-24 22:29:17.718515,49008
3063,2026-04-22 07:42:41,116.3514,98.7511,215.6902,7203.692,5.657e-05,6084.763239322266,2026-09-24 22:29:17.718515,49008
3064,2026-04-22 14:28:34,116.6301,98.7511,215.3213,7203.695,5.491e-05,6084.767040350604,2026-09-24 22:29:17.718515,49008
3065,2026-04-22 19:32:59,116.839,98.7512,211.9309,7203.697,5.76e-05,6084.769574369935,2026-09-24 22:29:17.718515,49008
3066,2026-04-22 22:55:56,116.9784,98.7512,210.496,7203.697,6.01e-05,6084.769574369935,2026-09-24 22:29:17.718515,49008
3067,2026-04-23 04:00:21,117.1877,98.7513,209.5359,7203.697,6e-05,6084.769574369935,2026-09-24 22:29:17.718515,49008
3068,2026-04-23 07:23:18,117.3272,98.7513,208.4989,7203.696,5.916e-05,6084.768307360225,2026-09-24 22:29:17.718515,49008
3069,2026-04-23 14:09:11,117.6059,98.7512,208.0312,7203.697,5.92e-05,6084.769574369935,2026-09-24 22:29:17.718515,49008
3070,2026-04-23 22:36:33,117.9542,98.7513,205.753,7203.697,6.562e-05,6084.769574369935,2026-09-24 22:29:17.718515,49008
3071,2026-04-24 03:40:58,118.1634,98.7513,205.0269,7203.698,6.62e-05,6084.770841379733,2026-09-24 22:29:17.718515,49008
3072,2026-04-24 05:22:27,118.2331,98.7514,204.4136,7203.697,6.578e-05,6084.769574369935,2026-09-24 22:29:17.718515,49008
3073,2026-04-24 12:08:20,118.5119,98.7513,203.7466,7203.6939999999995,6.59e-05,6084.765773341069,2026-09-24 22:29:17.718515,49008
3074,2026-04-24 20:35:42,118.86,98.7513,202.6817,7203.696,6.96e-05,6084.768307360225,2026-09-24 22:29:17.718515,49008
3075,2026-04-24 23:58:39,118.9995,98.7513,202.1379,7203.6939999999995,7.419e-05,6084.765773341069,2026-09-24 22:29:17.718515,49008
3076,2026-04-25 03:21:35,119.1389,98.7513,201.9178,7203.695,7.33e-05,6084.767040350604,2026-09-24 22:29:17.718515,49008
3077,2026-04-25 06:44:32,119.2784,98.7514,200.6387,7203.693,7.367e-05,6084.764506331624,2026-09-24 22:29:17.718515,49008
3078,2026-04-25 13:30:26,119.5572,98.7513,199.8573,7203.6900000000005,7.41e-05,6084.760705303814,2026-09-24 22:29:17.718515,49008
3079,2026-04-25 20:16:19,119.8357,98.7513,197.9012,7203.692,7.79e-05,6084.763239322266,2026-09-24 22:29:17.718515,49008
3080,2026-04-25 23:39:16,119.975,98.7512,198.0129,7203.691,7.853e-05,6084.761972312995,2026-09-24 22:29:17.718515,49008
3081,2026-04-26 13:11:03,120.5326,98.7512,195.1286,7203.688,7.74e-05,6084.758171285714,2026-09-24 22:29:17.718515,49008
3082,2026-04-26 14:52:31,120.6022,98.7512,195.1221,7203.691,7.911e-05,6084.761972312995,2026-09-24 22:29:17.718515,49008
3083,2026-04-26 19:56:56,120.8111,98.7512,192.7884,7203.692,8.3e-05,6084.763239322266,2026-09-24 22:29:17.718515,49008
3084,2026-04-26 23:19:53,120.9505,98.7512,192.5186,7203.692,8.454e-05,6084.763239322266,2026-09-24 22:29:17.718515,49008
3085,2026-04-27 04:24:18,121.1597,98.7511,190.8647,7203.6900000000005,8.37e-05,6084.760705303814,2026-09-24 22:29:17.718515,49008
3086,2026-04-27 07:47:15,121.2992,98.7511,190.2752,7203.689,8.382e-05,6084.75943829472,2026-09-24 22:29:17.718515,49008
3087,2026-04-27 11:10:11,121.4385,98.751,189.5308,7203.689,8.26e-05,6084.75943829472,2026-09-24 22:29:17.718515,49008
3088,2026-04-27 17:56:05,121.717,98.751,188.7391,7203.695,8.53e-05,6084.767040350604,2026-09-24 22:29:17.718515,49008
3089,2026-04-27 23:00:30,121.926,98.7509,188.6784,7203.6939999999995,8.707e-05,6084.765773341069,2026-09-24 22:29:17.718515,49008
3090,2026-04-28 05:46:23,122.2049,98.7508,186.6671,7203.693,8.71e-05,6084.764506331624,2026-09-24 22:29:17.718515,49008
3091,2026-04-28 07:27:52,122.2746,98.7508,186.3631,7203.692,8.626e-05,6084.763239322266,2026-09-24 22:29:17.718515,49008
3092,2026-04-28 12:32:17,122.4836,98.7506,185.5957,7203.693,8.64e-05,6084.764506331624,2026-09-24 22:29:17.718515,49008
3093,2026-04-28 20:59:39,122.8319,98.7505,184.3882,7203.696,9.09e-05,6084.768307360225,2026-09-24 22:29:17.718515,49008
3094,2026-04-29 00:22:35,122.9712,98.7505,185.0138,7203.696,9.263e-05,6084.768307360225,2026-09-24 22:29:17.718515,49008
3095,2026-04-29 03:45:32,123.1107,98.7505,183.9087,7203.695,9.19e-05,6084.767040350604,2026-09-24 22:29:17.718515,49008
3096,2026-04-29 07:08:29,123.2501,98.7505,183.3768,7203.692,9.159e-05,6084.763239322266,2026-09-24 22:29:17.718515,49008
3097,2026-04-29 12:12:54,123.4592,98.7503,183.3813,7203.692,9.14e-05,6084.763239322266,2026-09-24 22:29:17.718515,49008
3098,2026-04-29 13:54:22,123.5288,98.7503,183.3151,7203.6939999999995,9.256e-05,6084.765773341069,2026-09-24 22:29:17.718515,49008
3099,2026-04-29 20:40:16,123.8073,98.7502,182.1939,7203.6939999999995,9.67e-05,6084.765773341069,2026-09-24 22:29:17.718515,49008
3100,2026-04-30 00:03:12,123.9467,98.7502,182.6515,7203.6939999999995,9.687e-05,6084.765773341069,2026-09-24 22:29:17.718515,49008
3101,2026-04-30 03:26:09,124.0863,98.7502,181.4837,7203.692,9.71e-05,6084.763239322266,2026-09-24 22:29:17.718515,49008
3102,2026-04-30 06:49:06,124.2258,98.7502,181.2914,7203.6900000000005,9.672e-05,6084.760705303814,2026-09-24 22:29:17.718515,49008
3103,2026-04-30 11:53:31,124.4348,98.7501,180.8692,7203.689,9.6e-05,6084.75943829472,2026-09-24 22:29:17.718515,49008
3104,2026-04-30 13:34:59,124.5044,98.75,180.8595,7203.6900000000005,9.584e-05,6084.760705303814,2026-09-24 22:29:17.718515,49008
3105,2026-04-30 23:43:50,124.9224,98.75,180.2867,7203.6900000000005,0.00010277,6084.760705303814,2026-09-24 22:29:17.718515,49008
3106,2026-05-01 04:48:15,125.1315,98.75,179.2127,7203.688,0.0001016,6084.758171285714,2026-09-24 22:29:17.718515,49008
3107,2026-05-01 06:29:43,125.2013,98.75,178.6142,7203.687,0.00010114,6084.756904276795,2026-09-24 22:29:17.718515,49008
3108,2026-05-01 11:34:08,125.4103,98.7499,177.6921,7203.6849999999995,0.0001,6084.754370259222,2026-09-24 22:29:17.718515,49008
3109,2026-05-01 20:01:30,125.7584,98.7499,176.26,7203.689,0.0001065,6084.75943829472,2026-09-24 22:29:17.718515,49008
3110,2026-05-01 23:24:27,125.8978,98.7499,176.318,7203.689,0.00010798,6084.75943829472,2026-09-24 22:29:17.718515,49008
3111,2026-05-02 04:28:52,126.1071,98.7499,174.8829,7203.688,0.0001089,6084.758171285714,2026-09-24 22:29:17.718515,49008
3112,2026-05-02 11:14:45,126.3858,98.7499,173.7249,7203.6849999999995,0.000107,6084.754370259222,2026-09-24 22:29:17.718515,49008
3113,2026-05-02 14:37:42,126.5251,98.7499,173.1365,7203.6900000000005,0.00010788,6084.760705303814,2026-09-24 22:29:17.718515,49008
3114,2026-05-02 21:23:35,126.8037,98.7499,171.6627,7203.692,0.0001123,6084.763239322266,2026-09-24 22:29:17.718515,49008
3115,2026-05-02 23:05:04,126.8734,98.7499,172.1413,7203.692,0.00011339,6084.763239322266,2026-09-24 22:29:17.718515,49008
3116,2026-05-03 05:50:57,127.1525,98.7499,170.4064,7203.691,0.0001137,6084.761972312995,2026-09-24 22:29:17.718515,49008
3117,2026-05-03 07:32:25,127.2222,98.7499,170.4569,7203.6900000000005,0.00011397,6084.760705303814,2026-09-24 22:29:17.718515,49008
3118,2026-05-03 12:36:50,127.4311,98.7498,169.3378,7203.691,0.0001142,6084.761972312995,2026-09-24 22:29:17.718515,49008
3119,2026-05-03 14:18:19,127.5007,98.7499,169.5289,7203.693,0.00011489,6084.764506331624,2026-09-24 22:29:17.718515,49008
3120,2026-05-03 21:04:12,127.7793,98.7499,168.7625,7203.695,0.0001173,6084.767040350604,2026-09-24 22:29:17.718515,49008
3121,2026-05-03 22:45:41,127.849,98.7499,169.0439,7203.695,0.00011842,6084.767040350604,2026-09-24 22:29:17.718515,49008
3122,2026-05-04 03:50:06,128.0583,98.7498,168.1254,7203.692,0.0001197,6084.763239322266,2026-09-24 22:29:17.718515,49008
3123,2026-05-04 12:17:28,128.4068,98.7499,166.9723,7203.691,0.0001201,6084.761972312995,2026-09-24 22:29:17.718515,49008
3124,2026-05-04 13:58:56,128.4764,98.7498,167.0648,7203.692,0.00012064,6084.763239322266,2026-09-24 22:29:17.718515,49008
3125,2026-05-04 20:44:49,128.7549,98.7499,166.7882,7203.693,0.0001239,6084.764506331624,2026-09-24 22:29:17.718515,49008
3126,2026-05-05 03:30:43,129.0339,98.7499,166.2037,7203.6900000000005,0.0001279,6084.760705303814,2026-09-24 22:29:17.718515,49008
3127,2026-05-05 06:53:40,129.1733,98.7499,165.8234,7203.688,0.00012734,6084.758171285714,2026-09-24 22:29:17.718515,49008
3128,2026-05-05 11:58:05,129.3824,98.7499,165.5054,7203.687,0.0001281,6084.756904276795,2026-09-24 22:29:17.718515,49008
3129,2026-05-05 20:25:26,129.7307,98.75,164.8853,7203.6900000000005,0.0001335,6084.760705303814,2026-09-24 22:29:17.718515,49008
3130,2026-05-05 23:48:23,129.8701,98.75,165.012,7203.689,0.000134,6084.75943829472,2026-09-24 22:29:17.718515,49008
3131,2026-05-06 03:11:20,130.0096,98.7501,164.359,7203.689,0.0001343,6084.75943829472,2026-09-24 22:29:17.718515,49008
3132,2026-05-06 06:34:17,130.1491,98.7502,163.7871,7203.686,0.00013397,6084.755637267965,2026-09-24 22:29:17.718515,49008
3133,2026-05-06 11:38:42,130.3581,98.7502,162.9944,7203.684,0.0001334,6084.753103250568,2026-09-24 22:29:17.718515,49008
3134,2026-05-06 15:01:38,130.4974,98.7502,162.7201,7203.686,0.00013446,6084.755637267965,2026-09-24 22:29:17.718515,49008
3135,2026-05-06 21:47:32,130.7759,98.7503,162.0401,7203.688,0.0001388,6084.758171285714,2026-09-24 22:29:17.718515,49008
3136,2026-05-06 23:29:00,130.8456,98.7503,161.9072,7203.687,0.00013913,6084.756904276795,2026-09-24 22:29:17.718515,49008
3137,2026-05-07 04:33:25,131.0549,98.7504,160.9411,7203.687,0.0001379,6084.756904276795,2026-09-24 22:29:17.718515,49008
3138,2026-05-07 06:14:54,131.1248,98.7505,160.4591,7203.686,0.00013851,6084.755637267965,2026-09-24 22:29:17.718515,49008
3139,2026-05-07 16:23:44,131.5426,98.7505,159.2648,7203.689,0.0001401,6084.75943829472,2026-09-24 22:29:17.718515,49008
3140,2026-05-07 18:05:12,131.6123,98.7506,159.1396,7203.689,0.0001416,6084.75943829472,2026-09-24 22:29:17.718515,49008
3141,2026-05-07 18:05:12,131.6123,98.7506,158.9938,7203.689,0.0001422,6084.75943829472,2026-09-24 22:29:17.718515,49008
3142,2026-05-07 19:46:40,131.682,98.7506,158.8383,7203.689,0.0001431,6084.75943829472,2026-09-24 22:29:17.718515,49008
3143,2026-05-07 23:09:37,131.8213,98.7506,158.8167,7203.689,0.00014415,6084.75943829472,2026-09-24 22:29:17.718515,49008
3144,2026-05-08 05:55:31,132.1004,98.7506,157.8872,7203.688,0.000146,6084.758171285714,2026-09-24 22:29:17.718515,49008
3145,2026-05-08 07:36:59,132.1702,98.7506,157.1877,7203.687,0.00014572,6084.756904276795,2026-09-24 22:29:17.718515,49008
3146,2026-05-08 17:45:49,132.5881,98.7506,156.2654,7203.693,0.0001489,6084.764506331624,2026-09-24 22:29:17.718515,49008
3147,2026-05-08 17:45:49,132.5881,98.7506,156.2701,7203.693,0.000149,6084.764506331624,2026-09-24 22:29:17.718515,49008
3148,2026-05-08 21:08:46,132.7274,98.7506,155.9794,7203.693,0.0001506,6084.764506331624,2026-09-24 22:29:17.718515,49008
3149,2026-05-08 22:50:14,132.7971,98.7506,156.4687,7203.692,0.00015169,6084.763239322266,2026-09-24 22:29:17.718515,49008
3150,2026-05-09 05:36:08,133.0762,98.7506,155.072,7203.691,0.0001505,6084.761972312995,2026-09-24 22:29:17.718515,49008
3151,2026-05-09 07:17:36,133.1458,98.7506,155.2176,7203.689,0.00015024,6084.75943829472,2026-09-24 22:29:17.718515,49008
3152,2026-05-09 12:22:01,133.3548,98.7506,154.4318,7203.6900000000005,0.000152,6084.760705303814,2026-09-24 22:29:17.718515,49008
3153,2026-05-09 20:49:23,133.703,98.7506,154.3649,7203.693,0.0001551,6084.764506331624,2026-09-24 22:29:17.718515,49008
3154,2026-05-10 00:12:20,133.8425,98.7507,154.8718,7203.692,0.00015718,6084.763239322266,2026-09-24 22:29:17.718515,49008
3155,2026-05-10 03:35:16,133.982,98.7507,154.1835,7203.6900000000005,0.0001583,6084.760705303814,2026-09-24 22:29:17.718515,49008
3156,2026-05-10 06:58:13,134.1214,98.7506,154.0892,7203.688,0.000158,6084.758171285714,2026-09-24 22:29:17.718515,49008
3157,2026-05-10 12:02:38,134.3304,98.7506,153.2815,7203.688,0.0001584,6084.758171285714,2026-09-24 22:29:17.718515,49008
3158,2026-05-10 20:30:00,134.6786,98.7507,153.5557,7203.689,0.0001644,6084.75943829472,2026-09-24 22:29:17.718515,49008
3159,2026-05-11 03:15:53,134.9574,98.7506,152.738,7203.687,0.00016377,6084.756904276795,2026-09-24 22:29:17.718515,49008
3160,2026-05-11 04:57:22,135.0271,98.7507,152.5194,7203.686,0.0001643,6084.755637267965,2026-09-24 22:29:17.718515,49008
3161,2026-05-11 11:43:15,135.3058,98.7506,151.579,7203.683,0.0001637,6084.751836242001,2026-09-24 22:29:17.718515,49008
3162,2026-05-11 15:06:12,135.4451,98.7507,151.8259,7203.6849999999995,0.00016658,6084.754370259222,2026-09-24 22:29:17.718515,49008
3163,2026-05-11 20:10:37,135.654,98.7506,151.2823,7203.686,0.0001682,6084.755637267965,2026-09-24 22:29:17.718515,49008
3164,2026-05-11 21:52:05,135.7236,98.7506,151.3572,7203.686,0.00016797,6084.755637267965,2026-09-24 22:29:17.718515,49008
3165,2026-05-12 04:37:59,136.0025,98.7506,149.7275,7203.684,0.0001697,6084.753103250568,2026-09-24 22:29:17.718515,49008
3166,2026-05-12 06:19:27,136.0723,98.7506,149.6835,7203.683,0.00016795,6084.751836242001,2026-09-24 22:29:17.718515,49008
3167,2026-05-12 14:46:49,136.4205,98.7506,148.5849,7203.686,0.00016945,6084.755637267965,2026-09-24 22:29:17.718515,49008
3168,2026-05-12 21:32:42,136.6991,98.7505,148.3011,7203.688,0.0001758,6084.758171285714,2026-09-24 22:29:17.718515,49008
3169,2026-05-12 23:14:11,136.7688,98.7505,148.4855,7203.687,0.00017572,6084.756904276795,2026-09-24 22:29:17.718515,49008
3170,2026-05-13 06:00:04,137.0476,98.7505,146.904,7203.6849999999995,0.0001762,6084.754370259222,2026-09-24 22:29:17.718515,49008
3171,2026-05-13 07:41:32,137.1174,98.7505,146.9508,7203.6849999999995,0.0001763,6084.754370259222,2026-09-24 22:29:17.718515,49008
3172,2026-05-13 12:45:57,137.3263,98.7504,145.6108,7203.686,0.0001756,6084.755637267965,2026-09-24 22:29:17.718515,49008
3173,2026-05-13 19:31:51,137.6048,98.7503,145.3934,7203.691,0.0001796,6084.761972312995,2026-09-24 22:29:17.718515,49008
3174,2026-05-13 22:54:48,137.7441,98.7503,145.5576,7203.692,0.00018125,6084.763239322266,2026-09-24 22:29:17.718515,49008
3175,2026-05-14 05:40:41,138.0232,98.7502,144.2209,7203.689,0.0001815,6084.75943829472,2026-09-24 22:29:17.718515,49008
3176,2026-05-14 07:22:09,138.0929,98.7502,143.9886,7203.688,0.00018304,6084.758171285714,2026-09-24 22:29:17.718515,49008
3177,2026-05-14 22:35:25,138.7197,98.7499,143.216,7203.6900000000005,0.00018781,6084.760705303814,2026-09-24 22:29:17.718515,49008
3178,2026-05-15 07:02:46,139.0684,98.7498,142.451,7203.688,0.00018753,6084.758171285714,2026-09-24 22:29:17.718515,49008
3179,2026-05-16 06:43:23,140.0438,98.7496,141.3946,7203.686,0.00019326,6084.755637267965,2026-09-24 22:29:17.718515,49008
3180,2026-05-16 11:47:48,140.2529,98.7494,141.0408,7203.682,0.0001922,6084.7505692335235,2026-09-24 22:29:17.718515,49008
3181,2026-05-16 13:29:17,140.3225,98.7493,140.8336,7203.682,0.0001933,6084.7505692335235,2026-09-24 22:29:17.718515,49008
3182,2026-05-16 20:15:10,140.6011,98.7494,140.3106,7203.683,0.0001962,6084.751836242001,2026-09-24 22:29:17.718515,49008
3183,2026-05-16 23:38:07,140.7405,98.7493,140.4777,7203.682,0.00019752,6084.7505692335235,2026-09-24 22:29:17.718515,49008
3184,2026-05-17 04:42:32,140.9495,98.7493,140.0014,7203.683,0.0001986,6084.751836242001,2026-09-24 22:29:17.718515,49008
3185,2026-05-17 11:28:25,141.2285,98.7492,139.2826,7203.68,0.0001999,6084.74803521683,2026-09-24 22:29:17.718515,49008
3186,2026-05-17 14:51:22,141.3677,98.7492,139.0264,7203.682,0.00020183,6084.7505692335235,2026-09-24 22:29:17.718515,49008
3187,2026-05-17 19:55:47,141.5766,98.7493,138.6718,7203.684,0.0002044,6084.753103250568,2026-09-24 22:29:17.718515,49008
3188,2026-05-18 04:23:09,141.9251,98.7491,137.8594,7203.686,0.0002049,6084.755637267965,2026-09-24 22:29:17.718515,49008
3189,2026-05-18 11:09:02,142.2039,98.7491,136.8779,7203.684,0.000205,6084.753103250568,2026-09-24 22:29:17.718515,49008
3190,2026-05-18 19:36:24,142.5523,98.7492,136.3215,7203.689,0.0002087,6084.75943829472,2026-09-24 22:29:17.718515,49008
3191,2026-05-18 22:59:21,142.6916,98.7492,136.3888,7203.689,0.00020946,6084.75943829472,2026-09-24 22:29:17.718515,49008
3192,2026-05-19 05:45:14,142.9706,98.7491,135.8453,7203.691,0.0002109,6084.761972312995,2026-09-24 22:29:17.718515,49008
3193,2026-05-19 07:26:43,143.0403,98.7492,135.6431,7203.6900000000005,0.00021131,6084.760705303814,2026-09-24 22:29:17.718515,49008
3194,2026-05-19 12:31:08,143.2494,98.7492,134.7017,7203.688,0.0002125,6084.758171285714,2026-09-24 22:29:17.718515,49008
3195,2026-05-19 20:58:30,143.5978,98.7493,134.281,7203.6900000000005,0.0002146,6084.760705303814,2026-09-24 22:29:17.718515,49008
3196,2026-05-20 00:21:26,143.7372,98.7493,134.5068,7203.689,0.00021486,6084.75943829472,2026-09-24 22:29:17.718515,49008
3197,2026-05-20 03:44:23,143.8768,98.7493,133.997,7203.688,0.0002147,6084.758171285714,2026-09-24 22:29:17.718515,49008
3198,2026-05-20 07:07:20,144.0162,98.7492,133.7736,7203.687,0.00021553,6084.756904276795,2026-09-24 22:29:17.718515,49008
3199,2026-05-20 12:11:45,144.2253,98.7493,133.2307,7203.686,0.000215,6084.755637267965,2026-09-24 22:29:17.718515,49008
3200,2026-05-20 13:53:13,144.2949,98.7494,133.2249,7203.688,0.00021498,6084.758171285714,2026-09-24 22:29:17.718515,49008
3201,2026-05-21 00:02:03,144.7132,98.7496,133.0775,7203.688,0.00021788,6084.758171285714,2026-09-24 22:29:17.718515,49008
3202,2026-05-21 06:47:57,144.9919,98.7495,132.3124,7203.684,0.0002163,6084.753103250568,2026-09-24 22:29:17.718515,49008
3203,2026-05-21 13:33:50,145.2706,98.7496,131.8556,7203.684,0.00021659,6084.753103250568,2026-09-24 22:29:17.718515,49008
3204,2026-05-21 16:56:47,145.4099,98.7497,131.9255,7203.686,0.0002188,6084.755637267965,2026-09-24 22:29:17.718515,49008
3205,2026-05-21 22:01:12,145.6189,98.7497,131.9887,7203.686,0.0002193,6084.755637267965,2026-09-24 22:29:17.718515,49008
3206,2026-05-21 23:42:40,145.6887,98.7497,131.9799,7203.6849999999995,0.00022011,6084.754370259222,2026-09-24 22:29:17.718515,49008
3207,2026-05-22 06:28:34,145.9675,98.7498,130.6631,7203.6810000000005,0.00021878,6084.749302225133,2026-09-24 22:29:17.718515,49008
3208,2026-05-22 14:55:55,146.3157,98.7499,130.032,7203.682,0.00021995,6084.7505692335235,2026-09-24 22:29:17.718515,49008
3209,2026-05-22 16:37:24,146.3854,98.7499,130.1949,7203.6849999999995,0.0002213,6084.754370259222,2026-09-24 22:29:17.718515,49008
3210,2026-05-23 06:09:11,146.9431,98.75,128.4342,7203.682,0.00022273,6084.7505692335235,2026-09-24 22:29:17.718515,49008
3211,2026-05-23 12:55:04,147.2216,98.75,127.5266,7203.683,0.0002227,6084.751836242001,2026-09-24 22:29:17.718515,49008
3212,2026-05-23 21:22:26,147.5699,98.7501,127.3329,7203.689,0.000226,6084.75943829472,2026-09-24 22:29:17.718515,49008
3213,2026-05-24 05:49:48,147.9186,98.7501,126.5829,7203.6849999999995,0.0002277,6084.754370259222,2026-09-24 22:29:17.718515,49008
3214,2026-05-24 22:44:31,148.6152,98.7501,125.8618,7203.6900000000005,0.00023067,6084.760705303814,2026-09-24 22:29:17.718515,49008
3215,2026-05-25 03:48:56,148.8244,98.75,125.1222,7203.687,0.0002319,6084.756904276795,2026-09-24 22:29:17.718515,49008
3216,2026-05-25 12:16:18,149.1729,98.75,123.9065,7203.686,0.0002315,6084.755637267965,2026-09-24 22:29:17.718515,49008
3217,2026-05-25 13:57:46,149.2425,98.7499,124.0288,7203.687,0.00023239,6084.756904276795,2026-09-24 22:29:17.718515,49008
3218,2026-05-26 06:52:30,149.9394,98.7498,123.7788,7203.683,0.00023535,6084.751836242001,2026-09-24 22:29:17.718515,49008
3219,2026-05-26 15:19:52,150.2876,98.7498,123.415,7203.683,0.0002369,6084.751836242001,2026-09-24 22:29:17.718515,49008
3220,2026-05-26 23:47:13,150.6359,98.7498,123.194,7203.684,0.00023901,6084.753103250568,2026-09-24 22:29:17.718515,49008
3221,2026-05-27 04:51:38,150.8451,98.7497,122.3505,7203.68,0.0002396,6084.74803521683,2026-09-24 22:29:17.718515,49008
3222,2026-05-27 06:33:07,150.9147,98.7497,121.7675,7203.68,0.00023862,6084.74803521683,2026-09-24 22:29:17.718515,49008
3223,2026-05-27 13:19:00,151.1933,98.7496,121.5078,7203.679,0.0002395,6084.746768208615,2026-09-24 22:29:17.718515,49008
3224,2026-05-27 15:00:29,151.2629,98.7496,121.6206,7203.6810000000005,0.00024017,6084.749302225133,2026-09-24 22:29:17.718515,49008
3225,2026-05-27 20:04:54,151.4718,98.7495,121.88,7203.682,0.0002446,6084.7505692335235,2026-09-24 22:29:17.718515,49008
3226,2026-05-27 23:27:50,151.6111,98.7496,121.6133,7203.683,0.00024457,6084.751836242001,2026-09-24 22:29:17.718515,49008
3227,2026-05-28 04:32:15,151.8205,98.7495,120.9357,7203.68,0.0002459,6084.74803521683,2026-09-24 22:29:17.718515,49008
3228,2026-05-28 06:13:44,151.8901,98.7494,120.3679,7203.679,0.00024462,6084.746768208615,2026-09-24 22:29:17.718515,49008
3229,2026-05-28 12:59:37,152.1687,98.7493,119.5506,7203.68,0.0002445,6084.74803521683,2026-09-24 22:29:17.718515,49008
3230,2026-05-28 21:26:59,152.5167,98.7493,119.0581,7203.684,0.0002476,6084.753103250568,2026-09-24 22:29:17.718515,49008
3231,2026-05-29 04:12:52,152.7957,98.7492,118.517,7203.684,0.0002486,6084.753103250568,2026-09-24 22:29:17.718515,49008
3232,2026-05-29 12:40:14,153.144,98.749,117.0123,7203.683,0.0002485,6084.751836242001,2026-09-24 22:29:17.718515,49008
3233,2026-05-29 14:21:42,153.2137,98.749,116.844,7203.6849999999995,0.00024894,6084.754370259222,2026-09-24 22:29:17.718515,49008
3234,2026-05-30 05:34:58,153.8409,98.7489,116.4022,7203.686,0.0002532,6084.755637267965,2026-09-24 22:29:17.718515,49008
3235,2026-05-30 12:20:51,154.1195,98.7488,115.6788,7203.683,0.0002536,6084.751836242001,2026-09-24 22:29:17.718515,49008
3236,2026-05-30 14:02:19,154.1892,98.7487,115.6732,7203.6849999999995,0.00025377,6084.754370259222,2026-09-24 22:29:17.718515,49008
3237,2026-05-30 20:48:13,154.4678,98.7488,115.5717,7203.686,0.0002553,6084.755637267965,2026-09-24 22:29:17.718515,49008
3238,2026-05-31 00:11:10,154.6072,98.7487,116.0754,7203.686,0.00025419,6084.755637267965,2026-09-24 22:29:17.718515,49008
3239,2026-05-31 03:34:06,154.7468,98.7487,115.5025,7203.684,0.0002556,6084.753103250568,2026-09-24 22:29:17.718515,49008
3240,2026-05-31 12:01:28,155.0951,98.7486,114.2571,7203.6810000000005,0.0002543,6084.749302225133,2026-09-24 22:29:17.718515,49008
3241,2026-05-31 20:28:50,155.4434,98.7486,114.3889,7203.682,0.000256,6084.7505692335235,2026-09-24 22:29:17.718515,49008
3242,2026-06-01 03:14:43,155.7224,98.7486,114.0206,7203.679,0.0002578,6084.746768208615,2026-09-24 22:29:17.718515,49008
3243,2026-06-01 06:37:40,155.8617,98.7486,113.9191,7203.677,0.0002573,6084.74423419245,2026-09-24 22:29:17.718515,49008
3244,2026-06-01 13:23:33,156.1403,98.7485,113.2672,7203.678,0.00025686,6084.7455012004875,2026-09-24 22:29:17.718515,49008
3245,2026-06-01 21:50:55,156.4884,98.7486,112.6261,7203.679,0.00025804,6084.746768208615,2026-09-24 22:29:17.718515,49008
3246,2026-06-02 06:18:17,156.837,98.7487,111.2807,7203.679,0.00025854,6084.746768208615,2026-09-24 22:29:17.718515,49008
3247,2026-06-02 14:45:38,157.1854,98.7485,110.2601,7203.68,0.00025827,6084.74803521683,2026-09-24 22:29:17.718515,49008
3248,2026-06-02 19:50:03,157.3942,98.7487,109.927,7203.682,0.0002605,6084.7505692335235,2026-09-24 22:29:17.718515,49008
3249,2026-06-02 21:31:32,157.4639,98.7487,110.0436,7203.6810000000005,0.00026129,6084.749302225133,2026-09-24 22:29:17.718515,49008
3250,2026-06-03 04:17:25,157.7427,98.7487,109.2823,7203.683,0.0002608,6084.751836242001,2026-09-24 22:29:17.718515,49008
3251,2026-06-03 05:58:54,157.8125,98.7487,109.3983,7203.682,0.00026213,6084.7505692335235,2026-09-24 22:29:17.718515,49008
3252,2026-06-03 12:44:47,158.0911,98.7487,108.2137,7203.679,0.0002638,6084.746768208615,2026-09-24 22:29:17.718515,49008
3253,2026-06-03 14:26:15,158.1608,98.7486,108.0671,7203.682,0.00026258,6084.7505692335235,2026-09-24 22:29:17.718515,49008
3254,2026-06-03 21:12:09,158.4394,98.7489,107.1516,7203.683,0.0002645,6084.751836242001,2026-09-24 22:29:17.718515,49008
3255,2026-06-03 21:12:09,158.4394,98.7488,107.156,7203.683,0.0002646,6084.751836242001,2026-09-24 22:29:17.718515,49008
3256,2026-06-04 03:58:02,158.7183,98.7488,107.0352,7203.684,0.0002646,6084.753103250568,2026-09-24 22:29:17.718515,49008
3257,2026-06-04 05:39:30,158.7881,98.7488,106.6735,7203.684,0.00026439,6084.753103250568,2026-09-24 22:29:17.718515,49008
3258,2026-06-04 17:29:49,159.2759,98.7489,104.8208,7203.684,0.0002649,6084.753103250568,2026-09-24 22:29:17.718515,49008
3259,2026-06-04 20:52:46,159.4153,98.7489,104.5979,7203.684,0.0002658,6084.753103250568,2026-09-24 22:29:17.718515,49008
3260,2026-06-04 22:34:14,159.4848,98.749,104.5246,7203.683,0.00026548,6084.751836242001,2026-09-24 22:29:17.718515,49008
3261,2026-06-05 05:20:07,159.7637,98.7489,104.4234,7203.683,0.0002659,6084.751836242001,2026-09-24 22:29:17.718515,49008
3262,2026-06-05 07:01:36,159.8334,98.749,104.4607,7203.683,0.00026479,6084.751836242001,2026-09-24 22:29:17.718515,49008
3263,2026-06-05 17:10:26,160.2518,98.7491,103.5526,7203.682,0.0002673,6084.7505692335235,2026-09-24 22:29:17.718515,49008
3264,2026-06-05 20:33:23,160.3911,98.7492,103.9424,7203.6810000000005,0.00026868,6084.749302225133,2026-09-24 22:29:17.718515,49008
3265,2026-06-05 20:33:23,160.3911,98.7492,103.9328,7203.6810000000005,0.0002687,6084.749302225133,2026-09-24 22:29:17.718515,49008
3266,2026-06-06 03:19:16,160.6697,98.7492,103.6412,7203.68,0.0002684,6084.74803521683,2026-09-24 22:29:17.718515,49008
3267,2026-06-06 06:42:13,160.8093,98.7493,103.2064,7203.679,0.00026775,6084.746768208615,2026-09-24 22:29:17.718515,49008
3268,2026-06-06 11:46:38,161.0184,98.7494,102.8574,7203.676,0.0002696,6084.742967184499,2026-09-24 22:29:17.718515,49008
3269,2026-06-06 13:28:06,161.0881,98.7494,102.5708,7203.677,0.00026859,6084.74423419245,2026-09-24 22:29:17.718515,49008
3270,2026-06-06 20:13:59,161.3667,98.7495,102.8538,7203.678,0.0002704,6084.7455012004875,2026-09-24 22:29:17.718515,49008
3271,2026-06-06 21:55:28,161.4364,98.7496,102.8649,7203.677,0.00027046,6084.74423419245,2026-09-24 22:29:17.718515,49008
3272,2026-06-07 02:59:53,161.6455,98.7495,102.2639,7203.677,0.000271,6084.74423419245,2026-09-24 22:29:17.718515,49008
3273,2026-06-07 06:22:49,161.7848,98.7496,101.8173,7203.677,0.00027022,6084.74423419245,2026-09-24 22:29:17.718515,49008
3274,2026-06-07 13:08:43,162.0636,98.7496,100.9197,7203.675,0.0002712,6084.741700176635,2026-09-24 22:29:17.718515,49008
3275,2026-06-07 21:36:05,162.4118,98.7497,101.0835,7203.678,0.0002727,6084.7455012004875,2026-09-24 22:29:17.718515,49008
3276,2026-06-08 04:21:58,162.6906,98.7497,100.7056,7203.679,0.0002741,6084.746768208615,2026-09-24 22:29:17.718515,49008
3277,2026-06-08 07:44:55,162.83,98.7498,100.2848,7203.678,0.00027437,6084.7455012004875,2026-09-24 22:29:17.718515,49008
3278,2026-06-08 12:49:20,163.039,98.7497,99.3407,7203.677,0.0002743,6084.74423419245,2026-09-24 22:29:17.718515,49008
3279,2026-06-08 21:16:41,163.3872,98.7498,99.4909,7203.6810000000005,0.0002772,6084.749302225133,2026-09-24 22:29:17.718515,49008
3280,2026-06-09 05:44:03,163.7357,98.7498,98.6637,7203.683,0.0002771,6084.751836242001,2026-09-24 22:29:17.718515,49008
3281,2026-06-09 07:25:31,163.8054,98.7498,98.4957,7203.6810000000005,0.00027876,6084.749302225133,2026-09-24 22:29:17.718515,49008
3282,2026-06-09 12:29:57,164.0145,98.7497,97.9221,7203.68,0.0002782,6084.74803521683,2026-09-24 22:29:17.718515,49008
3283,2026-06-09 14:11:25,164.0841,98.7497,97.6401,7203.682,0.00027738,6084.7505692335235,2026-09-24 22:29:17.718515,49008
3284,2026-06-09 22:38:47,164.4322,98.7497,97.6684,7203.683,0.00027791,6084.751836242001,2026-09-24 22:29:17.718515,49008
3285,2026-06-10 03:43:12,164.6415,98.7497,97.289,7203.682,0.0002788,6084.7505692335235,2026-09-24 22:29:17.718515,49008
3286,2026-06-10 07:06:08,164.7809,98.7497,97.1257,7203.68,0.00027824,6084.74803521683,2026-09-24 22:29:17.718515,49008
3287,2026-06-10 12:10:33,164.9899,98.7496,96.1882,7203.679,0.0002775,6084.746768208615,2026-09-24 22:29:17.718515,49008
3288,2026-06-10 13:52:02,165.0595,98.7496,96.148,7203.6810000000005,0.00027629,6084.749302225133,2026-09-24 22:29:17.718515,49008
3289,2026-06-11 06:46:45,165.7562,98.7496,95.4932,7203.677,0.00027895,6084.74423419245,2026-09-24 22:29:17.718515,49008
3290,2026-06-11 15:14:07,166.1045,98.7495,94.6316,7203.677,0.00027762,6084.74423419245,2026-09-24 22:29:17.718515,49008
3291,2026-06-11 16:55:35,166.174,98.7495,94.8816,7203.677,0.000278,6084.74423419245,2026-09-24 22:29:17.718515,49008
3292,2026-06-11 20:18:32,166.3134,98.7494,94.6394,7203.678,0.0002784,6084.7455012004875,2026-09-24 22:29:17.718515,49008
3293,2026-06-11 23:41:29,166.4528,98.7494,94.5916,7203.677,0.0002775,6084.74423419245,2026-09-24 22:29:17.718515,49008
3294,2026-06-12 06:27:22,166.7316,98.7494,93.5108,7203.673,0.00027929,6084.739166161174,2026-09-24 22:29:17.718515,49008
3295,2026-06-12 21:40:37,167.3584,98.7493,92.3223,7203.677,0.0002795,6084.74423419245,2026-09-24 22:29:17.718515,49008
3296,2026-06-13 07:49:27,167.7769,98.7492,91.2436,7203.674,0.0002813,6084.74043316886,2026-09-24 22:29:17.718515,49008
3297,2026-06-13 12:53:52,167.9858,98.749,90.5725,7203.674,0.0002809,6084.74043316886,2026-09-24 22:29:17.718515,49008
3298,2026-06-13 14:35:21,168.0554,98.749,90.4004,7203.678,0.00028017,6084.7455012004875,2026-09-24 22:29:17.718515,49008
3299,2026-06-13 21:21:14,168.3341,98.749,91.0529,7203.679,0.0002824,6084.746768208615,2026-09-24 22:29:17.718515,49008
3300,2026-06-13 23:02:42,168.4037,98.7489,91.2064,7203.679,0.00028223,6084.746768208615,2026-09-24 22:29:17.718515,49008
3301,2026-06-14 04:07:07,168.613,98.7489,90.513,7203.679,0.0002836,6084.746768208615,2026-09-24 22:29:17.718515,49008
3302,2026-06-14 07:30:04,168.7525,98.7488,89.9864,7203.677,0.0002835,6084.74423419245,2026-09-24 22:29:17.718515,49008
3303,2026-06-14 12:34:29,168.9616,98.7487,89.4331,7203.677,0.0002833,6084.74423419245,2026-09-24 22:29:17.718515,49008
3304,2026-06-14 14:15:57,169.0311,98.7486,89.2125,7203.679,0.00028362,6084.746768208615,2026-09-24 22:29:17.718515,49008
3305,2026-06-14 21:01:51,169.3097,98.7486,89.4318,7203.6810000000005,0.0002844,6084.749302225133,2026-09-24 22:29:17.718515,49008
3306,2026-06-14 22:43:19,169.3794,98.7486,89.6212,7203.6810000000005,0.00028391,6084.749302225133,2026-09-24 22:29:17.718515,49008
3307,2026-06-15 03:47:44,169.5886,98.7486,89.1478,7203.68,0.0002846,6084.74803521683,2026-09-24 22:29:17.718515,49008
3308,2026-06-15 05:29:13,169.6583,98.7486,88.9459,7203.679,0.00028503,6084.746768208615,2026-09-24 22:29:17.718515,49008
3309,2026-06-15 12:15:06,169.9371,98.7485,87.8947,7203.678,0.0002832,6084.7455012004875,2026-09-24 22:29:17.718515,49008
3310,2026-06-15 13:56:34,170.0068,98.7484,88.0162,7203.6810000000005,0.00028316,6084.749302225133,2026-09-24 22:29:17.718515,49008
3311,2026-06-16 00:05:24,170.4246,98.7485,87.9897,7203.6810000000005,0.00028218,6084.749302225133,2026-09-24 22:29:17.718515,49008
3312,2026-06-16 03:28:21,170.5642,98.7485,87.4763,7203.678,0.000284,6084.7455012004875,2026-09-24 22:29:17.718515,49008
3313,2026-06-16 06:51:18,170.7036,98.7484,87.2113,7203.675,0.00028324,6084.741700176635,2026-09-24 22:29:17.718515,49008
3314,2026-06-16 11:55:43,170.9126,98.7484,86.6353,7203.675,0.0002836,6084.741700176635,2026-09-24 22:29:17.718515,49008
3315,2026-06-16 15:18:39,171.0518,98.7484,86.6923,7203.676,0.00028175,6084.742967184499,2026-09-24 22:29:17.718515,49008
3316,2026-06-16 20:23:04,171.261,98.7485,87.8364,7203.676,0.000283,6084.742967184499,2026-09-24 22:29:17.718515,49008
3317,2026-06-17 04:50:26,171.6096,98.7484,86.5881,7203.673,0.000284,6084.739166161174,2026-09-24 22:29:17.718515,49008
3318,2026-06-17 11:36:19,171.8884,98.7485,85.5199,7203.67,0.0002828,6084.73536513864,2026-09-24 22:29:17.718515,49008
3319,2026-06-17 14:59:16,172.0275,98.7485,85.2528,7203.673,0.00028282,6084.739166161174,2026-09-24 22:29:17.718515,49008
3320,2026-06-17 20:03:41,172.2365,98.7487,85.1427,7203.675,0.0002836,6084.741700176635,2026-09-24 22:29:17.718515,49008
3321,2026-06-17 23:26:38,172.3758,98.7487,85.1425,7203.675,0.00028197,6084.741700176635,2026-09-24 22:29:17.718515,49008
3322,2026-06-18 06:12:31,172.6549,98.7488,84.1349,7203.673,0.00028415,6084.739166161174,2026-09-24 22:29:17.718515,49008
3323,2026-06-18 14:39:53,173.0033,98.7488,82.9785,7203.677,0.00028392,6084.74423419245,2026-09-24 22:29:17.718515,49008
3324,2026-06-18 18:02:50,173.1427,98.7489,83.4436,7203.678,0.0002846,6084.7455012004875,2026-09-24 22:29:17.718515,49008
3325,2026-06-18 21:25:46,173.2819,98.7489,83.4449,7203.678,0.0002855,6084.7455012004875,2026-09-24 22:29:17.718515,49008
3326,2026-06-18 23:07:15,173.3517,98.749,83.5454,7203.678,0.00028491,6084.7455012004875,2026-09-24 22:29:17.718515,49008
3327,2026-06-19 04:11:40,173.561,98.749,82.7472,7203.677,0.0002868,6084.74423419245,2026-09-24 22:29:17.718515,49008
3328,2026-06-19 07:34:36,173.7005,98.749,82.5557,7203.676,0.00028686,6084.742967184499,2026-09-24 22:29:17.718515,49008
3329,2026-06-19 14:20:30,173.9789,98.7491,81.5504,7203.679,0.00028601,6084.746768208615,2026-09-24 22:29:17.718515,49008
3330,2026-06-19 17:43:26,174.1182,98.7492,81.8175,7203.6810000000005,0.0002867,6084.749302225133,2026-09-24 22:29:17.718515,49008
3331,2026-06-19 19:24:55,174.188,98.7492,81.8036,7203.6810000000005,0.0002871,6084.749302225133,2026-09-24 22:29:17.718515,49008
3332,2026-06-19 22:47:51,174.3273,98.7492,81.7572,7203.6810000000005,0.00028628,6084.749302225133,2026-09-24 22:29:17.718515,49008
3333,2026-06-20 07:15:13,174.6761,98.7493,80.9049,7203.677,0.00028614,6084.74423419245,2026-09-24 22:29:17.718515,49008
3334,2026-06-20 12:19:38,174.8852,98.7493,80.0393,7203.678,0.0002856,6084.7455012004875,2026-09-24 22:29:17.718515,49008
3335,2026-06-21 03:32:53,175.5122,98.7495,80.1951,7203.677,0.0002836,6084.74423419245,2026-09-24 22:29:17.718515,49008
3336,2026-06-21 12:00:15,175.8605,98.7495,78.9678,7203.675,0.0002823,6084.741700176635,2026-09-24 22:29:17.718515,49008
3337,2026-06-22 20:08:13,177.1841,98.7498,76.9725,7203.675,0.00027971,6084.741700176635,2026-09-24 22:29:17.718515,49008
3338,2026-06-23 23:11:47,178.2987,98.7498,74.7766,7203.675,0.00027986,6084.741700176635,2026-09-24 22:29:17.718515,49008
3339,2026-06-24 07:39:09,178.6474,98.7498,73.8457,7203.674,0.00028174,6084.74043316886,2026-09-24 22:29:17.718515,49008
3340,2026-06-25 05:38:17,179.5532,98.7497,72.7088,7203.679,0.0002815,6084.746768208615,2026-09-24 22:29:17.718515,49008
3341,2026-06-25 07:19:45,179.6229,98.7497,72.3849,7203.677,0.00028213,6084.74423419245,2026-09-24 22:29:17.718515,49008
3342,2026-06-25 14:05:39,179.9016,98.7495,71.5117,7203.678,0.000282,6084.7455012004875,2026-09-24 22:29:17.718515,49008
3343,2026-06-25 17:28:36,180.0408,98.7495,71.3746,7203.68,0.0002816,6084.74803521683,2026-09-24 22:29:17.718515,49008
3344,2026-06-25 20:51:32,180.1801,98.7495,71.7334,7203.679,0.0002815,6084.746768208615,2026-09-24 22:29:17.718515,49008
3345,2026-06-26 03:37:26,180.459,98.7495,71.7586,7203.678,0.0002787,6084.7455012004875,2026-09-24 22:29:17.718515,49008
3346,2026-06-26 07:00:22,180.5984,98.7495,71.4834,7203.676,0.00027935,6084.742967184499,2026-09-24 22:29:17.718515,49008
3347,2026-06-26 13:46:16,180.8772,98.7493,70.7921,7203.675,0.0002784,6084.741700176635,2026-09-24 22:29:17.718515,49008
3348,2026-06-26 17:09:12,181.0164,98.7494,70.8106,7203.676,0.0002782,6084.742967184499,2026-09-24 22:29:17.718515,49008
3349,2026-06-26 23:55:06,181.295,98.7493,70.8453,7203.674,0.00027614,6084.74043316886,2026-09-24 22:29:17.718515,49008
3350,2026-06-27 03:18:02,181.4346,98.7493,70.6297,7203.673,0.0002771,6084.739166161174,2026-09-24 22:29:17.718515,49008
3351,2026-06-27 06:40:59,181.574,98.7492,69.8792,7203.67,0.00027711,6084.73536513864,2026-09-24 22:29:17.718515,49008
3352,2026-06-27 11:45:24,181.7829,98.7491,69.0077,7203.669,0.0002772,6084.734098131305,2026-09-24 22:29:17.718515,49008
3353,2026-06-27 20:12:46,182.1312,98.7492,69.5619,7203.6720000000005,0.0002757,6084.737899153575,2026-09-24 22:29:17.718515,49008
3354,2026-06-27 23:35:42,182.2705,98.7492,69.2619,7203.6720000000005,0.00027522,6084.737899153575,2026-09-24 22:29:17.718515,49008
3355,2026-06-28 04:40:07,182.4797,98.7491,68.4169,7203.67,0.0002767,6084.73536513864,2026-09-24 22:29:17.718515,49008
3356,2026-06-28 06:21:36,182.5495,98.7491,68.0308,7203.669,0.00027635,6084.734098131305,2026-09-24 22:29:17.718515,49008
3357,2026-06-28 14:48:57,182.8976,98.749,66.9083,7203.673,0.00027539,6084.739166161174,2026-09-24 22:29:17.718515,49008
3358,2026-06-28 23:16:19,183.246,98.749,67.3478,7203.674,0.00027377,6084.74043316886,2026-09-24 22:29:17.718515,49008
3359,2026-06-29 12:48:06,183.8035,98.7489,65.4278,7203.6720000000005,0.000277,6084.737899153575,2026-09-24 22:29:17.718515,49008
3360,2026-06-30 12:28:43,184.7791,98.7488,63.6655,7203.675,0.00027645,6084.741700176635,2026-09-24 22:29:17.718515,49008
3361,2026-06-30 20:56:04,185.1273,98.7488,63.9865,7203.678,0.0002736,6084.7455012004875,2026-09-24 22:29:17.718515,49008
3362,2026-06-30 22:37:33,185.197,98.7488,63.9554,7203.677,0.00027211,6084.74423419245,2026-09-24 22:29:17.718515,49008
3363,2026-07-01 03:41:58,185.4063,98.7488,63.5131,7203.675,0.0002731,6084.741700176635,2026-09-24 22:29:17.718515,49008
3364,2026-07-01 07:04:54,185.5458,98.7487,62.9293,7203.673,0.00027247,6084.739166161174,2026-09-24 22:29:17.718515,49008
3365,2026-07-01 12:09:19,185.7548,98.7488,62.2767,7203.674,0.0002723,6084.74043316886,2026-09-24 22:29:17.718515,49008
3366,2026-07-01 13:50:48,185.8244,98.7488,62.3164,7203.675,0.00027021,6084.741700176635,2026-09-24 22:29:17.718515,49008
3367,2026-07-01 23:59:38,186.2424,98.7489,62.1004,7203.675,0.00026847,6084.741700176635,2026-09-24 22:29:17.718515,49008
3368,2026-07-02 06:45:31,186.5213,98.7488,61.2987,7203.67,0.00026929,6084.73536513864,2026-09-24 22:29:17.718515,49008
3369,2026-07-02 13:31:24,186.8,98.7489,60.5348,7203.67,0.00026795,6084.73536513864,2026-09-24 22:29:17.718515,49008
3370,2026-07-02 18:35:49,187.0089,98.749,60.9337,7203.6720000000005,0.0002665,6084.737899153575,2026-09-24 22:29:17.718515,49008
3371,2026-07-02 20:17:18,187.0786,98.749,60.8884,7203.671,0.0002664,6084.736632146064,2026-09-24 22:29:17.718515,49008
3372,2026-07-03 14:53:29,187.8451,98.7491,58.339,7203.671,0.00026583,6084.736632146064,2026-09-24 22:29:17.718515,49008
3373,2026-07-04 07:48:13,188.5421,98.7493,57.4948,7203.669,0.00026534,6084.734098131305,2026-09-24 22:29:17.718515,49008
3374,2026-07-04 14:34:06,188.8207,98.7493,56.7761,7203.673,0.00026523,6084.739166161174,2026-09-24 22:29:17.718515,49008
3375,2026-07-04 23:01:28,189.1692,98.7494,56.9325,7203.675,0.00026138,6084.741700176635,2026-09-24 22:29:17.718515,49008
3376,2026-07-05 07:28:49,189.5179,98.7495,56.2342,7203.6720000000005,0.00026251,6084.737899153575,2026-09-24 22:29:17.718515,49008
3377,2026-07-05 14:14:43,189.7965,98.7495,55.2654,7203.675,0.00026189,6084.741700176635,2026-09-24 22:29:17.718515,49008
3378,2026-07-05 21:00:36,190.075,98.7496,55.3973,7203.677,0.0002595,6084.74423419245,2026-09-24 22:29:17.718515,49008
3379,2026-07-06 03:46:29,190.354,98.7497,54.9704,7203.674,0.0002592,6084.74043316886,2026-09-24 22:29:17.718515,49008
3380,2026-07-06 07:09:26,190.4934,98.7497,54.425,7203.6720000000005,0.00025866,6084.737899153575,2026-09-24 22:29:17.718515,49008
3381,2026-07-06 13:55:19,190.772,98.7498,53.8103,7203.674,0.0002568,6084.74043316886,2026-09-24 22:29:17.718515,49008
3382,2026-07-06 20:41:13,191.0506,98.7499,53.7487,7203.675,0.0002551,6084.741700176635,2026-09-24 22:29:17.718515,49008
3383,2026-07-07 03:27:06,191.3295,98.7499,53.1089,7203.671,0.0002555,6084.736632146064,2026-09-24 22:29:17.718515,49008
3384,2026-07-07 06:50:03,191.4689,98.7499,52.3291,7203.669,0.00025507,6084.734098131305,2026-09-24 22:29:17.718515,49008
3385,2026-07-07 11:54:28,191.6779,98.75,52.2557,7203.668,0.0002546,6084.732831124057,2026-09-24 22:29:17.718515,49008
3386,2026-07-07 13:35:56,191.7475,98.75,51.9379,7203.669,0.00025388,6084.734098131305,2026-09-24 22:29:17.718515,49008
3387,2026-07-07 20:21:49,192.0261,98.7501,52.0138,7203.671,0.0002512,6084.736632146064,2026-09-24 22:29:17.718515,49008
3388,2026-07-08 04:49:11,192.3747,98.7501,51.2324,7203.667,0.0002523,6084.731564116899,2026-09-24 22:29:17.718515,49008
3389,2026-07-08 11:35:04,192.6535,98.7502,50.448,7203.666,0.0002519,6084.730297109826,2026-09-24 22:29:17.718515,49008
3390,2026-07-08 13:16:33,192.723,98.7503,50.0396,7203.667,0.00025143,6084.731564116899,2026-09-24 22:29:17.718515,49008
3391,2026-07-08 23:25:23,193.1409,98.7504,50.1782,7203.67,0.00024833,6084.73536513864,2026-09-24 22:29:17.718515,49008
3392,2026-07-09 07:52:44,193.4896,98.7504,49.1059,7203.667,0.00025081,6084.731564116899,2026-09-24 22:29:17.718515,49008
3393,2026-07-09 19:43:03,193.977,98.7504,48.5741,7203.673,0.0002495,6084.739166161174,2026-09-24 22:29:17.718515,49008
3394,2026-07-10 05:51:53,194.3953,98.7504,47.9587,7203.671,0.00024878,6084.736632146064,2026-09-24 22:29:17.718515,49008
3395,2026-07-10 14:19:15,194.7436,98.7503,47.0199,7203.673,0.0002485,6084.739166161174,2026-09-24 22:29:17.718515,49008
3396,2026-07-10 21:05:08,195.0221,98.7503,47.0196,7203.676,0.0002466,6084.742967184499,2026-09-24 22:29:17.718515,49008
3397,2026-07-11 03:51:01,195.3011,98.7502,46.4366,7203.673,0.0002459,6084.739166161174,2026-09-24 22:29:17.718515,49008
3398,2026-07-11 12:18:23,195.6495,98.7502,45.432,7203.6720000000005,0.0002463,6084.737899153575,2026-09-24 22:29:17.718515,49008
3399,2026-07-11 19:04:16,195.9281,98.7501,45.4532,7203.674,0.00024262,6084.74043316886,2026-09-24 22:29:17.718515,49008
3400,2026-07-11 20:45:45,195.9977,98.7501,45.2741,7203.674,0.0002414,6084.74043316886,2026-09-24 22:29:17.718515,49008
3401,2026-07-12 00:08:41,196.1372,98.7501,45.2416,7203.673,0.00023862,6084.739166161174,2026-09-24 22:29:17.718515,49008
3402,2026-07-12 03:31:38,196.2767,98.7501,45.1212,7203.671,0.0002396,6084.736632146064,2026-09-24 22:29:17.718515,49008
3403,2026-07-12 06:54:35,196.4161,98.75,44.6156,7203.669,0.0002389,6084.734098131305,2026-09-24 22:29:17.718515,49008
3404,2026-07-12 11:59:00,196.6251,98.7499,44.3667,7203.668,0.0002387,6084.732831124057,2026-09-24 22:29:17.718515,49008
3405,2026-07-12 15:21:56,196.7643,98.75,44.0338,7203.67,0.00023618,6084.73536513864,2026-09-24 22:29:17.718515,49008
3406,2026-07-12 20:26:21,196.9734,98.7499,43.9598,7203.671,0.0002341,6084.736632146064,2026-09-24 22:29:17.718515,49008
3407,2026-07-13 04:53:43,197.3221,98.7498,43.5343,7203.668,0.0002324,6084.732831124057,2026-09-24 22:29:17.718515,49008
3408,2026-07-13 06:35:11,197.3918,98.7497,43.0039,7203.666,0.00023283,6084.730297109826,2026-09-24 22:29:17.718515,49008
3409,2026-07-13 11:39:36,197.6009,98.7497,42.2211,7203.665,0.0002337,6084.729030102843,2026-09-24 22:29:17.718515,49008
3410,2026-07-13 15:02:33,197.7402,98.7497,42.0289,7203.668,0.0002315,6084.732831124057,2026-09-24 22:29:17.718515,49008
3411,2026-07-13 21:48:26,198.0188,98.7497,41.9781,7203.669,0.0002294,6084.734098131305,2026-09-24 22:29:17.718515,49008
3412,2026-07-14 04:34:19,198.2979,98.7496,41.2383,7203.667,0.0002304,6084.731564116899,2026-09-24 22:29:17.718515,49008
3413,2026-07-14 14:43:09,198.7158,98.7495,39.9967,7203.67,0.00022856,6084.73536513864,2026-09-24 22:29:17.718515,49008
3414,2026-07-14 21:29:03,198.9944,98.7495,39.9634,7203.67,0.0002286,6084.73536513864,2026-09-24 22:29:17.718515,49008
3415,2026-07-14 23:10:31,199.0642,98.7495,39.6218,7203.67,0.00022572,6084.73536513864,2026-09-24 22:29:17.718515,49008
3416,2026-07-15 04:14:56,199.2735,98.7495,39.2029,7203.669,0.0002278,6084.734098131305,2026-09-24 22:29:17.718515,49008
3417,2026-07-15 12:42:18,199.622,98.7494,38.1267,7203.669,0.0002294,6084.734098131305,2026-09-24 22:29:17.718515,49008
3418,2026-07-15 14:23:46,199.6916,98.7495,37.9591,7203.671,0.00022781,6084.736632146064,2026-09-24 22:29:17.718515,49008
3419,2026-07-15 21:09:40,199.9702,98.7495,37.9386,7203.6720000000005,0.0002247,6084.737899153575,2026-09-24 22:29:17.718515,49008
3420,2026-07-15 22:51:08,200.04,98.7495,37.8101,7203.6720000000005,0.00022269,6084.737899153575,2026-09-24 22:29:17.718515,49008
3421,2026-07-16 05:37:01,200.319,98.7494,37.0421,7203.671,0.0002249,6084.736632146064,2026-09-24 22:29:17.718515,49008
3422,2026-07-16 07:18:29,200.3887,98.7495,36.832,7203.67,0.00022445,6084.73536513864,2026-09-24 22:29:17.718515,49008
3423,2026-07-16 14:04:23,200.6674,98.7495,36.1946,7203.6720000000005,0.00022357,6084.737899153575,2026-09-24 22:29:17.718515,49008
3424,2026-07-16 20:50:16,200.9461,98.7495,36.3013,7203.674,0.000219,6084.74043316886,2026-09-24 22:29:17.718515,49008
3425,2026-07-17 03:36:10,201.2251,98.7496,35.7785,7203.671,0.0002171,6084.736632146064,2026-09-24 22:29:17.718515,49008
3426,2026-07-17 06:59:06,201.3646,98.7496,35.4309,7203.67,0.0002164,6084.73536513864,2026-09-24 22:29:17.718515,49008
3427,2026-07-17 13:45:00,201.6433,98.7497,34.6431,7203.67,0.00021537,6084.73536513864,2026-09-24 22:29:17.718515,49008
3428,2026-07-17 17:07:56,201.7825,98.7498,34.5812,7203.671,0.0002134,6084.736632146064,2026-09-24 22:29:17.718515,49008
3429,2026-07-17 22:12:21,201.9916,98.7498,34.2538,7203.669,0.0002107,6084.734098131305,2026-09-24 22:29:17.718515,49008
3430,2026-07-18 06:39:43,202.3403,98.7499,33.701,7203.665,0.00021068,6084.729030102843,2026-09-24 22:29:17.718515,49008
3431,2026-07-18 15:07:04,202.6886,98.75,32.9114,7203.667,0.00020688,6084.731564116899,2026-09-24 22:29:17.718515,49008
3432,2026-07-18 20:11:29,202.8975,98.7502,32.9523,7203.667,0.0002063,6084.731564116899,2026-09-24 22:29:17.718515,49008
3433,2026-07-18 21:52:58,202.9672,98.7502,32.604,7203.667,0.00020583,6084.731564116899,2026-09-24 22:29:17.718515,49008
3434,2026-07-19 06:20:19,203.3158,98.7503,31.8988,7203.665,0.00020685,6084.729030102843,2026-09-24 22:29:17.718515,49008
3435,2026-07-19 14:47:41,203.664,98.7504,31.0891,7203.668,0.00020614,6084.732831124057,2026-09-24 22:29:17.718515,49008
3436,2026-07-19 19:52:06,203.873,98.7505,31.9545,7203.67,0.0002017,6084.73536513864,2026-09-24 22:29:17.718515,49008
3437,2026-07-20 07:42:24,204.3611,98.7507,31.1149,7203.668,0.00019978,6084.732831124057,2026-09-24 22:29:17.718515,49008
3438,2026-07-20 14:28:18,204.6398,98.7507,30.2211,7203.67,0.00020163,6084.73536513864,2026-09-24 22:29:17.718515,49008
3439,2026-07-20 21:14:11,204.9184,98.7509,30.2593,7203.671,0.0001991,6084.736632146064,2026-09-24 22:29:17.718515,49008
3440,2026-07-20 22:55:39,204.988,98.7509,30.3636,7203.67,0.00019687,6084.73536513864,2026-09-24 22:29:17.718515,49008
3441,2026-07-21 07:23:01,205.3367,98.751,29.6424,7203.67,0.00019717,6084.73536513864,2026-09-24 22:29:17.718515,49008
3442,2026-07-21 14:08:54,205.6154,98.751,28.486,7203.671,0.00019697,6084.736632146064,2026-09-24 22:29:17.718515,49008
3443,2026-07-22 07:03:38,206.3123,98.7512,27.6238,7203.67,0.00019137,6084.73536513864,2026-09-24 22:29:17.718515,49008
3444,2026-07-22 13:49:31,206.591,98.7511,26.842,7203.669,0.00018949,6084.734098131305,2026-09-24 22:29:17.718515,49008
3445,2026-07-22 23:58:21,207.009,98.7513,26.2066,7203.67,0.0001833,6084.73536513864,2026-09-24 22:29:17.718515,49008
3446,2026-07-23 06:44:14,207.2879,98.7513,25.4164,7203.667,0.00018462,6084.731564116899,2026-09-24 22:29:17.718515,49008
3447,2026-07-23 13:30:08,207.5666,98.7512,24.7163,7203.666,0.00018355,6084.730297109826,2026-09-24 22:29:17.718515,49008
3448,2026-07-23 16:53:04,207.7059,98.7513,24.5019,7203.668,0.0001824,6084.732831124057,2026-09-24 22:29:17.718515,49008
3449,2026-07-23 20:16:01,207.8452,98.7514,24.7438,7203.666,0.0001796,6084.730297109826,2026-09-24 22:29:17.718515,49008
3450,2026-07-23 23:38:58,207.9847,98.7513,24.549,7203.665,0.0001769,6084.729030102843,2026-09-24 22:29:17.718515,49008
3451,2026-07-24 06:24:51,208.2637,98.7514,23.8746,7203.664,0.00017765,6084.727763095947,2026-09-24 22:29:17.718515,49008
3452,2026-07-24 14:52:13,208.612,98.7512,22.9343,7203.666,0.00017675,6084.730297109826,2026-09-24 22:29:17.718515,49008
3453,2026-07-25 14:32:49,209.5875,98.7512,21.1516,7203.668,0.00017293,6084.732831124057,2026-09-24 22:29:17.718515,49008
3454,2026-07-26 07:27:33,210.2845,98.7512,19.7089,7203.668,0.00017008,6084.732831124057,2026-09-24 22:29:17.718515,49008
3455,2026-07-26 14:13:26,210.5632,98.751,19.1789,7203.67,0.00016933,6084.73536513864,2026-09-24 22:29:17.718515,49008
3456,2026-07-27 05:26:41,211.1905,98.751,17.7249,7203.668,0.00016531,6084.732831124057,2026-09-24 22:29:17.718515,49008
3457,2026-07-27 12:12:34,211.4692,98.7509,16.7323,7203.667,0.0001638,6084.731564116899,2026-09-24 22:29:17.718515,49008
3458,2026-07-27 13:54:03,211.5388,98.7509,16.6897,7203.668,0.00016251,6084.732831124057,2026-09-24 22:29:17.718515,49008
3459,2026-07-27 22:21:24,211.8873,98.7509,15.6807,7203.668,0.00015572,6084.732831124057,2026-09-24 22:29:17.718515,49008
3460,2026-07-28 05:07:17,212.1663,98.7509,15.751,7203.665,0.0001553,6084.729030102843,2026-09-24 22:29:17.718515,49008
3461,2026-07-28 23:43:29,212.9328,98.7508,13.0749,7203.665,0.00015101,6084.729030102843,2026-09-24 22:29:17.718515,49008
3462,2026-07-29 04:47:54,213.1421,98.7508,12.8624,7203.6630000000005,0.0001517,6084.726496089141,2026-09-24 22:29:17.718515,49008
3463,2026-07-29 06:29:22,213.2118,98.7507,12.461,7203.662,0.00015215,6084.725229082421,2026-09-24 22:29:17.718515,49008
3464,2026-07-29 23:24:06,213.9086,98.7507,11.0439,7203.664,0.00014583,6084.727763095947,2026-09-24 22:29:17.718515,49008
3465,2026-07-30 07:51:27,214.2573,98.7507,10.5097,7203.662,0.00014719,6084.725229082421,2026-09-24 22:29:17.718515,49008
3466,2026-07-30 21:23:14,214.8146,98.7507,9.2765,7203.667,0.0001455,6084.731564116899,2026-09-24 22:29:17.718515,49008
3467,2026-07-31 04:09:07,215.0936,98.7507,8.3729,7203.666,0.0001458,6084.730297109826,2026-09-24 22:29:17.718515,49008
3468,2026-07-31 14:17:57,215.5117,98.7507,6.8502,7203.668,0.00014643,6084.732831124057,2026-09-24 22:29:17.718515,49008
3469,2026-07-31 21:03:51,215.7904,98.7507,6.834,7203.67,0.0001417,6084.73536513864,2026-09-24 22:29:17.718515,49008
3470,2026-07-31 22:45:19,215.8602,98.7507,5.9404,7203.669,0.0001397,6084.734098131305,2026-09-24 22:29:17.718515,49008
3471,2026-08-01 07:12:40,216.2089,98.7507,5.2143,7203.666,0.00013911,6084.730297109826,2026-09-24 22:29:17.718515,49008
3472,2026-08-01 13:58:34,216.4876,98.7508,4.4814,7203.668,0.00013751,6084.732831124057,2026-09-24 22:29:17.718515,49008
3473,2026-08-02 00:07:24,216.9057,98.7509,2.5949,7203.668,0.0001304,6084.732831124057,2026-09-24 22:29:17.718515,49008
3474,2026-08-02 05:11:49,217.115,98.7509,2.59,7203.664,0.0001294,6084.727763095947,2026-09-24 22:29:17.718515,49008
3475,2026-08-02 06:53:17,217.1847,98.751,2.2989,7203.664,0.00013045,6084.727763095947,2026-09-24 22:29:17.718515,49008
3476,2026-08-02 13:39:10,217.4635,98.7511,1.2641,7203.664,0.00012847,6084.727763095947,2026-09-24 22:29:17.718515,49008
3477,2026-08-02 23:48:00,217.8816,98.7513,0.1789,7203.6630000000005,0.00012086,6084.726496089141,2026-09-24 22:29:17.718515,49008
3478,2026-08-03 15:01:15,218.5088,98.7514,358.5534,7203.661,0.00011902,6084.723962075788,2026-09-24 22:29:17.718515,49008
3479,2026-08-03 23:28:37,218.8573,98.7516,357.7125,7203.6630000000005,0.00011502,6084.726496089141,2026-09-24 22:29:17.718515,49008
3480,2026-08-05 07:36:35,220.1816,98.7519,355.1644,7203.6630000000005,0.00011132,6084.726496089141,2026-09-24 22:29:17.718515,49008
3481,2026-08-05 14:22:28,220.4603,98.752,354.7636,7203.667,0.00011084,6084.731564116899,2026-09-24 22:29:17.718515,49008
3482,2026-08-06 07:17:12,221.1574,98.7522,352.8137,7203.666,0.0001064,6084.730297109826,2026-09-24 22:29:17.718515,49008
3483,2026-08-06 14:03:05,221.436,98.7522,351.7962,7203.668,0.00010579,6084.732831124057,2026-09-24 22:29:17.718515,49008
3484,2026-08-07 00:11:55,221.8542,98.7523,349.1634,7203.667,9.854e-05,6084.731564116899,2026-09-24 22:29:17.718515,49008
3485,2026-08-07 06:57:48,222.1331,98.7524,349.1064,7203.664,0.00010028,6084.727763095947,2026-09-24 22:29:17.718515,49008
3486,2026-08-07 20:29:35,222.6904,98.7525,346.6347,7203.665,9.43e-05,6084.729030102843,2026-09-24 22:29:17.718515,49008
3487,2026-08-07 23:52:31,222.8299,98.7525,344.6427,7203.664,9.188e-05,6084.727763095947,2026-09-24 22:29:17.718515,49008
3488,2026-08-08 03:15:28,222.9694,98.7525,345.2485,7203.662,9.27e-05,6084.725229082421,2026-09-24 22:29:17.718515,49008
3489,2026-08-08 06:38:25,223.1089,98.7525,344.5914,7203.66,9.379e-05,6084.722695069245,2026-09-24 22:29:17.718515,49008
3490,2026-08-08 13:24:18,223.3875,98.7526,343.9959,7203.66,9.31e-05,6084.722695069245,2026-09-24 22:29:17.718515,49008
3491,2026-08-08 15:05:46,223.4571,98.7525,342.9139,7203.662,9.079e-05,6084.725229082421,2026-09-24 22:29:17.718515,49008
3492,2026-08-08 21:51:40,223.7359,98.7526,341.4028,7203.6630000000005,8.79e-05,6084.726496089141,2026-09-24 22:29:17.718515,49008
3493,2026-08-08 23:33:08,223.8057,98.7526,340.6975,7203.662,8.694e-05,6084.725229082421,2026-09-24 22:29:17.718515,49008
3494,2026-08-09 04:37:33,224.0149,98.7525,341.8943,7203.66,8.77e-05,6084.722695069245,2026-09-24 22:29:17.718515,49008
3495,2026-08-09 06:19:01,224.0847,98.7525,341.529,7203.659,8.952e-05,6084.721428062789,2026-09-24 22:29:17.718515,49008
3496,2026-08-09 13:04:55,224.3634,98.7525,341.185,7203.66,8.85e-05,6084.722695069245,2026-09-24 22:29:17.718515,49008
3497,2026-08-09 21:32:16,224.7117,98.7525,339.3798,7203.664,8.52e-05,6084.727763095947,2026-09-24 22:29:17.718515,49008
3498,2026-08-10 04:18:10,224.9908,98.7524,339.0063,7203.662,8.44e-05,6084.725229082421,2026-09-24 22:29:17.718515,49008
3499,2026-08-10 12:45:31,225.3392,98.7523,338.2121,7203.6630000000005,8.44e-05,6084.726496089141,2026-09-24 22:29:17.718515,49008
3500,2026-08-10 21:12:53,225.6875,98.7522,336.673,7203.668,8.02e-05,6084.732831124057,2026-09-24 22:29:17.718515,49008
3501,2026-08-10 22:54:21,225.7573,98.7522,334.9812,7203.667,7.912e-05,6084.731564116899,2026-09-24 22:29:17.718515,49008
3502,2026-08-11 05:40:14,226.0363,98.7521,335.6872,7203.665,7.82e-05,6084.729030102843,2026-09-24 22:29:17.718515,49008
3503,2026-08-11 07:21:43,226.106,98.7521,335.4909,7203.664,7.828e-05,6084.727763095947,2026-09-24 22:29:17.718515,49008
3504,2026-08-11 12:26:08,226.3152,98.752,334.7534,7203.665,7.85e-05,6084.729030102843,2026-09-24 22:29:17.718515,49008
3505,2026-08-11 20:53:29,226.6635,98.752,332.5012,7203.668,7.46e-05,6084.732831124057,2026-09-24 22:29:17.718515,49008
3506,2026-08-12 00:16:26,226.803,98.7519,329.3143,7203.666,7.241e-05,6084.730297109826,2026-09-24 22:29:17.718515,49008
3507,2026-08-12 05:20:51,227.0122,98.7519,329.3587,7203.665,7.28e-05,6084.729030102843,2026-09-24 22:29:17.718515,49008
3508,2026-08-12 12:06:44,227.2911,98.7519,329.2473,7203.662,7.41e-05,6084.725229082421,2026-09-24 22:29:17.718515,49008
3509,2026-08-12 15:29:41,227.4304,98.7518,327.8286,7203.665,7.276e-05,6084.729030102843,2026-09-24 22:29:17.718515,49008
3510,2026-08-13 03:19:59,227.9184,98.7518,323.138,7203.662,7.01e-05,6084.725229082421,2026-09-24 22:29:17.718515,49008
3511,2026-08-13 23:37:39,228.7547,98.7518,317.9012,7203.66,6.592e-05,6084.722695069245,2026-09-24 22:29:17.718515,49008
3512,2026-08-14 04:42:04,228.9641,98.7518,318.3503,7203.66,6.51e-05,6084.722695069245,2026-09-24 22:29:17.718515,49008
3513,2026-08-14 06:23:32,229.0339,98.7519,317.9314,7203.658,6.497e-05,6084.720161056422,2026-09-24 22:29:17.718515,49008
3514,2026-08-14 13:09:26,229.3127,98.7518,316.5791,7203.657,6.49e-05,6084.718894050141,2026-09-24 22:29:17.718515,49008
3515,2026-08-14 14:50:54,229.3823,98.7518,316.7528,7203.66,6.465e-05,6084.722695069245,2026-09-24 22:29:17.718515,49008
3516,2026-08-14 19:55:19,229.5913,98.7519,315.4017,7203.661,6.24e-05,6084.723962075788,2026-09-24 22:29:17.718515,49008
3517,2026-08-14 23:18:16,229.7307,98.7519,313.9368,7203.662,6.081e-05,6084.725229082421,2026-09-24 22:29:17.718515,49008
3518,2026-08-15 04:22:41,229.9401,98.752,313.4652,7203.661,5.95e-05,6084.723962075788,2026-09-24 22:29:17.718515,49008
3519,2026-08-15 06:04:09,230.0099,98.752,313.897,7203.661,5.997e-05,6084.723962075788,2026-09-24 22:29:17.718515,49008
3520,2026-08-15 07:45:37,230.0795,98.752,313.2871,7203.659,5.92e-05,6084.721428062789,2026-09-24 22:29:17.718515,49008
3521,2026-08-15 11:08:34,230.2189,98.752,313.2226,7203.659,6.06e-05,6084.721428062789,2026-09-24 22:29:17.718515,49008
3522,2026-08-15 14:31:31,230.3583,98.752,313.9745,7203.6630000000005,6.078e-05,6084.726496089141,2026-09-24 22:29:17.718515,49008
3523,2026-08-15 19:35:56,230.5673,98.7521,312.1058,7203.665,5.82e-05,6084.729030102843,2026-09-24 22:29:17.718515,49008
3524,2026-08-15 21:17:24,230.637,98.7521,311.8747,7203.666,5.874e-05,6084.730297109826,2026-09-24 22:29:17.718515,49008
3525,2026-08-16 05:44:46,230.9858,98.7522,311.4098,7203.664,5.69e-05,6084.727763095947,2026-09-24 22:29:17.718515,49008
3526,2026-08-16 07:26:14,231.0556,98.7522,311.262,7203.6630000000005,5.667e-05,6084.726496089141,2026-09-24 22:29:17.718515,49008
3527,2026-08-16 14:12:07,231.3343,98.7522,309.8904,7203.665,5.518e-05,6084.729030102843,2026-09-24 22:29:17.718515,49008
3528,2026-08-16 22:39:29,231.6826,98.7524,302.0295,7203.667,5.188e-05,6084.731564116899,2026-09-24 22:29:17.718515,49008
3529,2026-08-17 07:06:50,232.0316,98.7525,301.0893,7203.662,5.032e-05,6084.725229082421,2026-09-24 22:29:17.718515,49008
3530,2026-08-17 13:52:44,232.3102,98.7526,297.1958,7203.664,4.937e-05,6084.727763095947,2026-09-24 22:29:17.718515,49008
3531,2026-08-18 00:01:34,232.7284,98.7528,290.0936,7203.6630000000005,4.969e-05,6084.726496089141,2026-09-24 22:29:17.718515,49008
3532,2026-08-18 06:47:27,233.0073,98.7528,289.3193,7203.659,4.849e-05,6084.721428062789,2026-09-24 22:29:17.718515,49008
3533,2026-08-18 13:33:20,233.286,98.7529,286.2233,7203.66,4.726e-05,6084.722695069245,2026-09-24 22:29:17.718515,49008
3534,2026-08-18 23:42:10,233.704,98.7531,279.9756,7203.661,4.732e-05,6084.723962075788,2026-09-24 22:29:17.718515,49008
3535,2026-08-19 03:05:07,233.8436,98.7532,279.6888,7203.659,4.54e-05,6084.721428062789,2026-09-24 22:29:17.718515,49008
3536,2026-08-19 06:28:03,233.9831,98.7533,279.8556,7203.657,4.571e-05,6084.718894050141,2026-09-24 22:29:17.718515,49008
3537,2026-08-19 14:55:25,234.3313,98.7534,276.1679,7203.66,4.592e-05,6084.722695069245,2026-09-24 22:29:17.718515,49008
3538,2026-08-19 23:22:47,234.6797,98.7534,271.9347,7203.661,4.529e-05,6084.723962075788,2026-09-24 22:29:17.718515,49008
3539,2026-08-20 06:08:40,234.9588,98.7535,269.7397,7203.659,4.324e-05,6084.721428062789,2026-09-24 22:29:17.718515,49008
3540,2026-08-20 14:36:02,235.3072,98.7535,271.0909,7203.662,4.311e-05,6084.725229082421,2026-09-24 22:29:17.718515,49008
3541,2026-08-20 23:03:23,235.6555,98.7536,263.6886,7203.6630000000005,4.245e-05,6084.726496089141,2026-09-24 22:29:17.718515,49008
3542,2026-08-21 07:30:45,236.0044,98.7537,260.9978,7203.662,4.176e-05,6084.725229082421,2026-09-24 22:29:17.718515,49008
3543,2026-08-21 12:35:10,236.2135,98.7536,260.5217,7203.661,4.21e-05,6084.723962075788,2026-09-24 22:29:17.718515,49008
3544,2026-08-21 14:16:38,236.2831,98.7537,260.8356,7203.664,4.243e-05,6084.727763095947,2026-09-24 22:29:17.718515,49008
3545,2026-08-22 00:25:28,236.7013,98.7538,250.7272,7203.666,4.413e-05,6084.730297109826,2026-09-24 22:29:17.718515,49008
3546,2026-08-22 07:11:21,236.9803,98.7537,249.1265,7203.662,4.28e-05,6084.725229082421,2026-09-24 22:29:17.718515,49008
3547,2026-08-22 12:15:46,237.1893,98.7537,248.2987,7203.662,4.28e-05,6084.725229082421,2026-09-24 22:29:17.718515,49008
3548,2026-08-22 13:57:15,237.259,98.7537,244.9165,7203.6630000000005,4.388e-05,6084.726496089141,2026-09-24 22:29:17.718515,49008
3549,2026-08-23 00:06:05,237.6772,98.7538,238.4467,7203.664,4.842e-05,6084.727763095947,2026-09-24 22:29:17.718515,49008
3550,2026-08-23 06:51:58,237.9561,98.7538,237.99,7203.659,4.784e-05,6084.721428062789,2026-09-24 22:29:17.718515,49008
3551,2026-08-23 13:37:51,238.2348,98.7538,235.4024,7203.659,4.915e-05,6084.721428062789,2026-09-24 22:29:17.718515,49008
3552,2026-08-23 23:46:41,238.6531,98.7538,228.2545,7203.659,5.423e-05,6084.721428062789,2026-09-24 22:29:17.718515,49008
3553,2026-08-24 06:32:34,238.9321,98.7537,226.6413,7203.656,5.256e-05,6084.717627043949,2026-09-24 22:29:17.718515,49008
3554,2026-08-24 11:36:59,239.141,98.7537,226.8649,7203.655,5.23e-05,6084.716360037845,2026-09-24 22:29:17.718515,49008
3555,2026-08-24 14:59:56,239.2804,98.7537,224.059,7203.656,5.439e-05,6084.717627043949,2026-09-24 22:29:17.718515,49008
3556,2026-08-24 23:27:18,239.6289,98.7537,219.5296,7203.659,5.685e-05,6084.721428062789,2026-09-24 22:29:17.718515,49008
3557,2026-08-25 06:13:11,239.9079,98.7537,217.3575,7203.657,5.538e-05,6084.718894050141,2026-09-24 22:29:17.718515,49008
3558,2026-08-25 11:17:36,240.1168,98.7536,217.8646,7203.657,5.46e-05,6084.718894050141,2026-09-24 22:29:17.718515,49008
3559,2026-08-25 14:40:32,240.2562,98.7537,216.0243,7203.659,5.595e-05,6084.721428062789,2026-09-24 22:29:17.718515,49008
3560,2026-08-25 21:26:26,240.5349,98.7536,212.4332,7203.662,5.69e-05,6084.725229082421,2026-09-24 22:29:17.718515,49008
3561,2026-08-25 23:07:54,240.6047,98.7537,211.6143,7203.662,5.856e-05,6084.725229082421,2026-09-24 22:29:17.718515,49008
3562,2026-08-26 04:12:19,240.8138,98.7536,209.744,7203.66,5.72e-05,6084.722695069245,2026-09-24 22:29:17.718515,49008
3563,2026-08-26 07:35:16,240.9533,98.7536,209.1733,7203.659,5.708e-05,6084.721428062789,2026-09-24 22:29:17.718515,49008
3564,2026-08-26 12:39:41,241.1623,98.7535,208.3429,7203.66,5.65e-05,6084.722695069245,2026-09-24 22:29:17.718515,49008
3565,2026-08-26 14:21:09,241.2319,98.7535,207.6147,7203.661,5.709e-05,6084.723962075788,2026-09-24 22:29:17.718515,49008
3566,2026-08-26 21:07:02,241.5106,98.7535,204.2009,7203.664,6e-05,6084.727763095947,2026-09-24 22:29:17.718515,49008
3567,2026-08-26 22:48:31,241.5804,98.7535,203.9302,7203.6630000000005,6.234e-05,6084.726496089141,2026-09-24 22:29:17.718515,49008
3568,2026-08-27 05:34:24,241.8594,98.7534,201.9595,7203.661,6e-05,6084.723962075788,2026-09-24 22:29:17.718515,49008
3569,2026-08-27 07:15:52,241.9292,98.7533,202.7535,7203.66,6.072e-05,6084.722695069245,2026-09-24 22:29:17.718515,49008
3570,2026-08-27 14:01:45,242.208,98.7533,201.0479,7203.661,6.253e-05,6084.723962075788,2026-09-24 22:29:17.718515,49008
3571,2026-08-27 17:24:42,242.3472,98.7533,200.0289,7203.6630000000005,6.41e-05,6084.726496089141,2026-09-24 22:29:17.718515,49008
3572,2026-08-27 20:47:39,242.4867,98.7533,198.0553,7203.662,6.83e-05,6084.725229082421,2026-09-24 22:29:17.718515,49008
3573,2026-08-28 00:10:35,242.6263,98.7533,197.8077,7203.662,7.141e-05,6084.725229082421,2026-09-24 22:29:17.718515,49008
3574,2026-08-28 05:15:00,242.8355,98.7532,197.4648,7203.659,6.93e-05,6084.721428062789,2026-09-24 22:29:17.718515,49008
3575,2026-08-28 06:56:29,242.9053,98.7532,197.6181,7203.658,6.97e-05,6084.720161056422,2026-09-24 22:29:17.718515,49008
3576,2026-08-28 13:42:22,243.1841,98.7532,197.1487,7203.658,7.082e-05,6084.720161056422,2026-09-24 22:29:17.718515,49008
3577,2026-08-28 17:05:19,243.3234,98.7532,196.3734,7203.661,7.18e-05,6084.723962075788,2026-09-24 22:29:17.718515,49008
3578,2026-08-28 20:28:15,243.4628,98.7532,194.8299,7203.659,7.53e-05,6084.721428062789,2026-09-24 22:29:17.718515,49008
3579,2026-08-28 23:51:12,243.6023,98.7532,194.4704,7203.659,7.847e-05,6084.721428062789,2026-09-24 22:29:17.718515,49008
3580,2026-08-29 04:55:37,243.8117,98.7532,193.6677,7203.656,7.73e-05,6084.717627043949,2026-09-24 22:29:17.718515,49008
3581,2026-08-29 06:37:05,243.8814,98.7532,193.8845,7203.655,7.735e-05,6084.716360037845,2026-09-24 22:29:17.718515,49008
3582,2026-08-29 11:41:30,244.0906,98.7532,192.8965,7203.654,7.76e-05,6084.715093031829,2026-09-24 22:29:17.718515,49008
3583,2026-08-29 13:22:58,244.1603,98.7532,193.3355,7203.655,7.815e-05,6084.716360037845,2026-09-24 22:29:17.718515,49008
3584,2026-08-29 21:50:20,244.5086,98.7533,190.906,7203.658,8.21e-05,6084.720161056422,2026-09-24 22:29:17.718515,49008
3585,2026-08-29 23:31:48,244.5785,98.7533,190.8695,7203.657,8.333e-05,6084.718894050141,2026-09-24 22:29:17.718515,49008
3586,2026-08-30 04:36:13,244.7876,98.7533,189.7934,7203.655,8.13e-05,6084.716360037845,2026-09-24 22:29:17.718515,49008
3587,2026-08-30 06:17:42,244.8574,98.7533,189.6069,7203.654,8.188e-05,6084.715093031829,2026-09-24 22:29:17.718515,49008
3588,2026-08-30 13:03:35,245.1361,98.7533,188.8378,7203.655,8.14e-05,6084.716360037845,2026-09-24 22:29:17.718515,49008
3589,2026-08-30 14:45:03,245.2059,98.7533,188.5689,7203.657,8.22e-05,6084.718894050141,2026-09-24 22:29:17.718515,49008
3590,2026-08-30 21:30:56,245.4847,98.7534,186.1197,7203.659,8.68e-05,6084.721428062789,2026-09-24 22:29:17.718515,49008
3591,2026-08-30 23:12:25,245.5545,98.7534,186.9246,7203.658,8.807e-05,6084.720161056422,2026-09-24 22:29:17.718515,49008
3592,2026-08-31 04:16:50,245.7637,98.7534,185.3852,7203.657,8.64e-05,6084.718894050141,2026-09-24 22:29:17.718515,49008
3593,2026-08-31 07:39:46,245.9032,98.7534,185.2756,7203.656,8.691e-05,6084.717627043949,2026-09-24 22:29:17.718515,49008
3594,2026-08-31 12:44:11,246.1122,98.7534,184.6186,7203.658,8.46e-05,6084.720161056422,2026-09-24 22:29:17.718515,49008
3595,2026-08-31 14:25:40,246.1819,98.7534,184.4775,7203.661,8.592e-05,6084.723962075788,2026-09-24 22:29:17.718515,49008
3596,2026-08-31 21:11:33,246.4606,98.7535,182.6325,7203.6630000000005,8.91e-05,6084.726496089141,2026-09-24 22:29:17.718515,49008
3597,2026-08-31 22:53:01,246.5303,98.7535,183.2284,7203.662,9.05e-05,6084.725229082421,2026-09-24 22:29:17.718515,49008
3598,2026-09-01 05:38:55,246.8093,98.7535,182.6165,7203.66,9.034e-05,6084.722695069245,2026-09-24 22:29:17.718515,49008
3599,2026-09-01 05:38:55,246.8094,98.7535,182.406,7203.66,9.06e-05,6084.722695069245,2026-09-24 22:29:17.718515,49008
3600,2026-09-01 12:24:48,247.0882,98.7535,181.6484,7203.66,8.93e-05,6084.722695069245,2026-09-24 22:29:17.718515,49008
3601,2026-09-01 14:06:16,247.1578,98.7535,181.7741,7203.662,9.003e-05,6084.725229082421,2026-09-24 22:29:17.718515,49008
3602,2026-09-02 00:15:06,247.576,98.7537,181.1927,7203.662,9.634e-05,6084.725229082421,2026-09-24 22:29:17.718515,49008
3603,2026-09-02 05:19:31,247.7853,98.7538,181.2687,7203.662,9.593e-05,6084.725229082421,2026-09-24 22:29:17.718515,49008
3604,2026-09-02 12:05:24,248.0642,98.7538,179.652,7203.657,9.7e-05,6084.718894050141,2026-09-24 22:29:17.718515,49008
3605,2026-09-02 13:46:53,248.1339,98.7538,179.694,7203.658,9.86e-05,6084.720161056422,2026-09-24 22:29:17.718515,49008
3606,2026-09-02 23:55:43,248.552,98.754,179.6699,7203.656,0.00010122,6084.717627043949,2026-09-24 22:29:17.718515,49008
3607,2026-09-03 03:18:39,248.6913,98.7539,179.3694,7203.656,0.0001032,6084.717627043949,2026-09-24 22:29:17.718515,49008
3608,2026-09-03 06:41:36,248.8308,98.754,179.4293,7203.656,0.00010212,6084.717627043949,2026-09-24 22:29:17.718515,49008
3609,2026-09-03 15:08:57,249.1795,98.7541,177.9965,7203.654,0.00010293,6084.715093031829,2026-09-24 22:29:17.718515,49008
3610,2026-09-03 16:50:26,249.2491,98.7542,177.9864,7203.655,0.0001046,6084.716360037845,2026-09-24 22:29:17.718515,49008
3611,2026-09-03 20:13:22,249.3884,98.7544,176.9682,7203.655,0.0001044,6084.716360037845,2026-09-24 22:29:17.718515,49008
3612,2026-09-03 23:36:19,249.5277,98.7544,177.5643,7203.655,0.00010598,6084.716360037845,2026-09-24 22:29:17.718515,49008
3613,2026-09-04 04:40:44,249.7369,98.7544,176.5192,7203.656,0.0001067,6084.717627043949,2026-09-24 22:29:17.718515,49008
3614,2026-09-04 06:22:12,249.8067,98.7545,176.6001,7203.655,0.00010702,6084.716360037845,2026-09-24 22:29:17.718515,49008
3615,2026-09-04 14:49:34,250.1553,98.7545,174.6971,7203.656,0.00010899,6084.717627043949,2026-09-24 22:29:17.718515,49008
3616,2026-09-04 18:12:31,250.2947,98.7547,173.4182,7203.657,0.0001107,6084.718894050141,2026-09-24 22:29:17.718515,49008
3617,2026-09-04 19:53:59,250.3643,98.7548,173.0829,7203.657,0.0001128,6084.718894050141,2026-09-24 22:29:17.718515,49008
3618,2026-09-04 23:16:55,250.5037,98.7548,172.7265,7203.657,0.000115,6084.718894050141,2026-09-24 22:29:17.718515,49008
3619,2026-09-05 04:21:20,250.713,98.7548,171.3954,7203.658,0.0001164,6084.720161056422,2026-09-24 22:29:17.718515,49008
3620,2026-09-05 07:44:17,250.8525,98.7549,170.5658,7203.656,0.00011558,6084.717627043949,2026-09-24 22:29:17.718515,49008
3621,2026-09-05 12:48:42,251.0616,98.7548,169.7442,7203.656,0.0001141,6084.717627043949,2026-09-24 22:29:17.718515,49008
3622,2026-09-05 14:30:10,251.1312,98.7549,169.6712,7203.66,0.00011491,6084.722695069245,2026-09-24 22:29:17.718515,49008
3623,2026-09-05 19:34:35,251.3402,98.7549,168.9154,7203.661,0.0001161,6084.723962075788,2026-09-24 22:29:17.718515,49008
3624,2026-09-05 22:57:32,251.4797,98.755,169.0781,7203.662,0.00011781,6084.725229082421,2026-09-24 22:29:17.718515,49008
3625,2026-09-06 05:43:25,251.7587,98.7549,167.4397,7203.659,0.0001167,6084.721428062789,2026-09-24 22:29:17.718515,49008
3626,2026-09-06 07:24:54,251.8284,98.755,167.2241,7203.658,0.00011836,6084.720161056422,2026-09-24 22:29:17.718515,49008
3627,2026-09-06 12:29:19,252.0375,98.7549,166.1988,7203.659,0.0001172,6084.721428062789,2026-09-24 22:29:17.718515,49008
3628,2026-09-06 14:10:47,252.1071,98.7549,166.5325,7203.661,0.00011785,6084.723962075788,2026-09-24 22:29:17.718515,49008
3629,2026-09-06 20:56:40,252.3858,98.7549,166.236,7203.662,0.0001205,6084.725229082421,2026-09-24 22:29:17.718515,49008
3630,2026-09-07 00:19:37,252.5254,98.755,166.763,7203.661,0.0001218,6084.723962075788,2026-09-24 22:29:17.718515,49008
3631,2026-09-07 05:24:02,252.7347,98.7549,165.274,7203.658,0.0001225,6084.720161056422,2026-09-24 22:29:17.718515,49008
3632,2026-09-07 07:05:30,252.8044,98.7549,165.3987,7203.656,0.00012298,6084.717627043949,2026-09-24 22:29:17.718515,49008
3633,2026-09-07 13:51:23,253.0832,98.7548,165.4026,7203.658,0.00012292,6084.720161056422,2026-09-24 22:29:17.718515,49008
3634,2026-09-08 00:00:13,253.5015,98.7549,165.265,7203.659,0.00012693,6084.721428062789,2026-09-24 22:29:17.718515,49008
3635,2026-09-08 06:46:06,253.7805,98.7548,164.2802,7203.653,0.00012503,6084.713826025901,2026-09-24 22:29:17.718515,49008
3636,2026-09-08 11:50:31,253.9897,98.7548,163.6421,7203.652,0.0001258,6084.71255902006,2026-09-24 22:29:17.718515,49008
3637,2026-09-08 13:32:00,254.0592,98.7548,163.9124,7203.653,0.00012615,6084.713826025901,2026-09-24 22:29:17.718515,49008
3638,2026-09-08 23:40:50,254.4775,98.7547,163.4219,7203.655,0.00013219,6084.716360037845,2026-09-24 22:29:17.718515,49008
3639,2026-09-09 04:45:15,254.6869,98.7547,161.7849,7203.653,0.0001322,6084.713826025901,2026-09-24 22:29:17.718515,49008
3640,2026-09-09 06:26:43,254.7567,98.7547,161.7401,7203.651,0.00013143,6084.711292014308,2026-09-24 22:29:17.718515,49008
3641,2026-09-09 11:31:08,254.9658,98.7546,160.8994,7203.649,0.0001345,6084.7087580030675,2026-09-24 22:29:17.718515,49008
3642,2026-09-09 14:54:04,255.1051,98.7546,161.1697,7203.652,0.00013695,6084.71255902006,2026-09-24 22:29:17.718515,49008
3643,2026-09-09 23:21:26,255.4536,98.7545,160.2154,7203.654,0.00014196,6084.715093031829,2026-09-24 22:29:17.718515,49008
3644,2026-09-10 04:25:51,255.6631,98.7545,158.7504,7203.653,0.0001442,6084.713826025901,2026-09-24 22:29:17.718515,49008
3645,2026-09-10 07:48:48,255.8026,98.7545,158.279,7203.652,0.0001426,6084.71255902006,2026-09-24 22:29:17.718515,49008
3646,2026-09-10 14:34:41,256.0813,98.7543,157.5812,7203.656,0.00014217,6084.717627043949,2026-09-24 22:29:17.718515,49008
3647,2026-09-10 16:16:09,256.1509,98.7544,157.3766,7203.657,0.0001432,6084.718894050141,2026-09-24 22:29:17.718515,49008
3648,2026-09-10 19:39:06,256.2902,98.7544,157.3192,7203.657,0.0001434,6084.718894050141,2026-09-24 22:29:17.718515,49008
3649,2026-09-10 23:02:03,256.4296,98.7543,157.0962,7203.657,0.0001454,6084.718894050141,2026-09-24 22:29:17.718515,49008
3650,2026-09-11 05:47:56,256.7087,98.7542,156.3317,7203.659,0.0001466,6084.721428062789,2026-09-24 22:29:17.718515,49008
3651,2026-09-11 07:29:24,256.7785,98.7542,155.9619,7203.658,0.00014851,6084.720161056422,2026-09-24 22:29:17.718515,49008
3652,2026-09-11 14:15:17,257.0573,98.7541,155.2509,7203.657,0.00014961,6084.718894050141,2026-09-24 22:29:17.718515,49008
3653,2026-09-11 17:38:14,257.1967,98.7541,154.7258,7203.659,0.0001517,6084.721428062789,2026-09-24 22:29:17.718515,49008
3654,2026-09-11 19:19:42,257.2664,98.7541,154.1518,7203.659,0.0001502,6084.721428062789,2026-09-24 22:29:17.718515,49008
3655,2026-09-11 22:42:39,257.4058,98.7541,154.9354,7203.658,0.00015345,6084.720161056422,2026-09-24 22:29:17.718515,49008
3656,2026-09-12 05:28:32,257.6847,98.7539,154.4322,7203.659,0.0001545,6084.721428062789,2026-09-24 22:29:17.718515,49008
3657,2026-09-12 07:10:01,257.7545,98.7539,154.2497,7203.659,0.0001543,6084.721428062789,2026-09-24 22:29:17.718515,49008
3658,2026-09-13 00:04:44,258.4515,98.754,153.8151,7203.655,0.00015912,6084.716360037845,2026-09-24 22:29:17.718515,49008
3659,2026-09-13 05:09:09,258.6607,98.7539,153.9451,7203.655,0.000161,6084.716360037845,2026-09-24 22:29:17.718515,49008
3660,2026-09-13 06:50:37,258.7304,98.7539,153.5418,7203.655,0.00016156,6084.716360037845,2026-09-24 22:29:17.718515,49008
3661,2026-09-13 11:55:02,258.9396,98.754,152.9547,7203.654,0.0001604,6084.715093031829,2026-09-24 22:29:17.718515,49008
3662,2026-09-13 13:36:30,259.0093,98.754,152.7963,7203.654,0.00015939,6084.715093031829,2026-09-24 22:29:17.718515,49008
3663,2026-09-13 20:22:23,259.2882,98.754,152.3273,7203.654,0.0001612,6084.715093031829,2026-09-24 22:29:17.718515,49008
3664,2026-09-13 23:45:20,259.4276,98.754,152.4928,7203.653,0.00016248,6084.713826025901,2026-09-24 22:29:17.718515,49008
3665,2026-09-14 04:49:45,259.6367,98.7541,152.2225,7203.652,0.000164,6084.71255902006,2026-09-24 22:29:17.718515,49008
3666,2026-09-14 06:31:13,259.7064,98.7541,152.0478,7203.651,0.00016348,6084.711292014308,2026-09-24 22:29:17.718515,49008
3667,2026-09-14 14:58:35,260.0549,98.7542,151.1302,7203.652,0.00016462,6084.71255902006,2026-09-24 22:29:17.718515,49008
3668,2026-09-14 20:03:00,260.2641,98.7543,150.2816,7203.652,0.000168,6084.71255902006,2026-09-24 22:29:17.718515,49008
3669,2026-09-14 23:25:56,260.4035,98.7544,150.3649,7203.652,0.00016909,6084.71255902006,2026-09-24 22:29:17.718515,49008
3670,2026-09-15 07:53:18,260.7521,98.7544,149.3796,7203.653,0.00016909,6084.713826025901,2026-09-24 22:29:17.718515,49008
3671,2026-09-15 11:16:15,260.8915,98.7545,148.5903,7203.651,0.0001694,6084.711292014308,2026-09-24 22:29:17.718515,49008
3672,2026-09-15 14:39:11,261.031,98.7545,148.4392,7203.654,0.00016955,6084.715093031829,2026-09-24 22:29:17.718515,49008
3673,2026-09-15 23:06:33,261.3794,98.7546,147.5069,7203.655,0.00017335,6084.716360037845,2026-09-24 22:29:17.718515,49008
3674,2026-09-16 05:52:26,261.6582,98.7547,146.6878,7203.655,0.00017477,6084.716360037845,2026-09-24 22:29:17.718515,49008
3675,2026-09-16 22:47:09,262.3553,98.7549,144.5507,7203.658,0.00017679,6084.720161056422,2026-09-24 22:29:17.718515,49008
3676,2026-09-17 05:33:03,262.6342,98.7549,144.0891,7203.658,0.00017838,6084.720161056422,2026-09-24 22:29:17.718515,49008
3677,2026-09-17 14:00:24,262.9828,98.755,142.9586,7203.659,0.00017969,6084.721428062789,2026-09-24 22:29:17.718515,49008
3678,2026-09-18 00:09:14,263.4011,98.7551,141.8455,7203.656,0.00017853,6084.717627043949,2026-09-24 22:29:17.718515,49008
3679,2026-09-18 05:13:39,263.6101,98.7552,141.8456,7203.656,0.0001803,6084.717627043949,2026-09-24 22:29:17.718515,49008
3680,2026-09-18 06:55:07,263.6798,98.7552,141.5446,7203.655,0.00018014,6084.716360037845,2026-09-24 22:29:17.718515,49008
3681,2026-09-18 13:41:01,263.9586,98.7552,141.4065,7203.656,0.00018231,6084.717627043949,2026-09-24 22:29:17.718515,49008
3682,2026-09-18 17:03:57,264.0982,98.7553,140.8066,7203.656,0.0001837,6084.717627043949,2026-09-24 22:29:17.718515,49008
3683,2026-09-18 20:26:54,264.2377,98.7554,140.5708,7203.653,0.0001872,6084.713826025901,2026-09-24 22:29:17.718515,49008
3684,2026-09-18 23:49:50,264.3772,98.7554,140.4167,7203.651,0.00018699,6084.711292014308,2026-09-24 22:29:17.718515,49008
3685,2026-09-19 04:54:15,264.5862,98.7554,140.2305,7203.651,0.0001876,6084.711292014308,2026-09-24 22:29:17.718515,49008
3686,2026-09-19 06:35:44,264.6559,98.7555,140.3086,7203.65,0.00018745,6084.710025008642,2026-09-24 22:29:17.718515,49008
3687,2026-09-19 11:40:09,264.865,98.7555,140.1704,7203.649,0.0001909,6084.7087580030675,2026-09-24 22:29:17.718515,49008
3688,2026-09-19 20:07:30,265.2138,98.7557,139.3201,7203.65,0.0001934,6084.710025008642,2026-09-24 22:29:17.718515,49008
3689,2026-09-19 23:30:27,265.3533,98.7557,139.2051,7203.65,0.0001934,6084.710025008642,2026-09-24 22:29:17.718515,49008
3690,2026-09-20 04:34:52,265.5624,98.7557,138.5365,7203.65,0.0001949,6084.710025008642,2026-09-24 22:29:17.718515,49008
3691,2026-09-20 14:43:42,265.9807,98.7558,137.429,7203.652,0.00019744,6084.71255902006,2026-09-24 22:29:17.718515,49008
3692,2026-09-20 23:11:03,266.3291,98.7559,137.1343,7203.654,0.00019947,6084.715093031829,2026-09-24 22:29:17.718515,49008
3693,2026-09-21 07:38:25,266.6779,98.7559,136.2736,7203.655,0.00020206,6084.716360037845,2026-09-24 22:29:17.718515,49008
3694,2026-09-21 14:24:18,266.9567,98.7557,135.4322,7203.654,0.00020305,6084.715093031829,2026-09-24 22:29:17.718515,49008
3695,2026-09-21 22:51:40,267.3051,98.7558,135.3297,7203.656,0.00020708,6084.717627043949,2026-09-24 22:29:17.718515,49008
3696,2026-09-22 07:19:01,267.6537,98.7557,134.1109,7203.654,0.00020589,6084.715093031829,2026-09-24 22:29:17.718515,49008
3697,2026-09-22 14:04:55,267.9326,98.7556,133.2973,7203.655,0.00020593,6084.716360037845,2026-09-24 22:29:17.718515,49008
3698,2026-09-23 00:13:44,268.3508,98.7556,133.796,7203.656,0.00021051,6084.717627043949,2026-09-24 22:29:17.718515,49008
3699,2026-09-23 06:59:38,268.6299,98.7555,132.8126,7203.652,0.00021122,6084.71255902006,2026-09-24 22:29:17.718515,49008
3700,2026-09-23 15:26:59,268.9782,98.7555,132.0867,7203.653,0.0002113,6084.713826025901,2026-09-24 22:29:17.718515,49008
3701,2026-09-23 23:54:21,269.3269,98.7554,133.1577,7203.653,0.00021602,6084.713826025901,2026-09-24 22:29:17.718515,49008
3702,2026-09-24 04:58:46,269.5361,98.7554,131.994,7203.651,0.0002168,6084.711292014308,2026-09-24 22:29:17.718515,49008
3703,2026-09-24 06:40:14,269.6059,98.7553,131.5857,7203.649,0.00021642,6084.7087580030675,2026-09-24 22:29:17.718515,49008
